dataset_id,gesture,ax,ay,az,gx,gy,gz
1,drinking,0.0615,0.2190,1.0725,-5.2795,2.5024,1.9913
1,drinking,0.0579,0.2183,1.0852,-5.3024,2.5558,1.9989
1,drinking,0.0608,0.2200,1.0889,-5.6076,2.6855,1.7929
1,drinking,0.0574,0.2197,1.0747,-5.5389,2.6627,1.8082
1,drinking,0.0562,0.2202,1.0806,-5.5618,2.6627,1.9150
1,drinking,0.0562,0.2146,1.0845,-5.4855,2.8915,2.0447
1,drinking,0.0610,0.2129,1.0845,-5.3024,3.0212,2.0218
1,drinking,0.0627,0.2087,1.0801,-5.1270,3.0289,1.9379
1,drinking,0.0623,0.2080,1.0767,-5.2185,3.0212,1.7776
1,drinking,0.0623,0.2102,1.0791,-5.2490,3.0594,1.7700
1,drinking,0.0574,0.2083,1.0828,-5.0964,3.1586,1.7776
1,drinking,0.0537,0.2019,1.0898,-4.9744,3.4866,1.6708
1,drinking,0.0579,0.2036,1.0806,-4.6768,3.6087,1.6174
1,drinking,0.0571,0.2031,1.0762,-4.2496,3.5553,1.7395
1,drinking,0.0613,0.2065,1.0850,-4.0512,3.7308,1.7471
1,drinking,0.0557,0.2041,1.0823,-4.1504,4.1046,1.7090
1,drinking,0.0593,0.1982,1.0857,-4.1351,4.2801,1.5411
1,drinking,0.0623,0.2029,1.0928,-3.9291,4.3030,1.3199
1,drinking,0.0623,0.1997,1.0896,-3.7537,4.4022,1.3199
1,drinking,0.0552,0.2036,1.0938,-3.4637,4.5090,1.5259
1,drinking,0.0571,0.2051,1.0977,-3.2578,4.5547,1.6327
1,drinking,0.0625,0.2080,1.0884,-3.1509,4.6234,1.5335
1,drinking,0.0642,0.2075,1.0867,-2.9984,4.7226,1.5182
1,drinking,0.0591,0.2034,1.0986,-2.8839,4.8523,1.3123
1,drinking,0.0549,0.2063,1.1008,-2.9831,4.9744,1.1444
1,drinking,0.0544,0.2075,1.1025,-2.9678,5.1575,1.1597
1,drinking,0.0623,0.2092,1.1016,-2.8839,5.2567,1.0452
1,drinking,0.0576,0.2034,1.1038,-2.5406,5.3253,0.9842
1,drinking,0.0535,0.2075,1.0994,-2.4490,5.3787,0.9308
1,drinking,0.0535,0.2097,1.1016,-2.5558,5.4855,0.9918
1,drinking,0.0535,0.2112,1.1082,-2.6016,5.4779,1.0376
1,drinking,0.0569,0.2046,1.1082,-2.3956,5.4321,1.0147
1,drinking,0.0508,0.2068,1.1060,-2.1744,5.5466,0.9308
1,drinking,0.0444,0.2043,1.1057,-2.0828,5.4855,0.8469
1,drinking,0.0454,0.2102,1.1052,-1.8768,5.4321,0.7858
1,drinking,0.0503,0.2146,1.1145,-1.8005,5.4474,0.7401
1,drinking,0.0454,0.2158,1.1128,-1.9455,5.3787,0.7248
1,drinking,0.0447,0.2180,1.1006,-1.9150,5.5161,0.7172
1,drinking,0.0466,0.2168,1.1140,-1.8845,5.5771,0.5722
1,drinking,0.0476,0.2190,1.1228,-1.7548,5.3940,0.5112
1,drinking,0.0437,0.2126,1.1113,-1.6479,5.3024,0.5646
1,drinking,0.0386,0.2202,1.1089,-1.6556,5.4016,0.6866
1,drinking,0.0352,0.2275,1.1096,-1.6403,5.3177,0.6790
1,drinking,0.0366,0.2241,1.1140,-1.7319,5.1575,0.6256
1,drinking,0.0352,0.2239,1.1184,-1.8692,5.1727,0.6866
1,drinking,0.0396,0.2209,1.1194,-1.9989,5.2643,0.7248
1,drinking,0.0337,0.2209,1.1106,-1.9608,5.1727,0.9079
1,drinking,0.0320,0.2234,1.1201,-2.0905,4.9057,1.0147
1,drinking,0.0322,0.2224,1.1206,-2.0676,4.8752,0.9613
1,drinking,0.0366,0.2173,1.1169,-2.0294,4.8065,0.9308
1,drinking,0.0320,0.2234,1.1125,-1.8921,4.6234,0.9003
1,drinking,0.0315,0.2192,1.1243,-1.8768,4.3869,0.9232
1,drinking,0.0381,0.2239,1.1311,-1.9989,4.4250,0.9079
1,drinking,0.0291,0.2212,1.1267,-1.9226,4.3716,1.0986
1,drinking,0.0291,0.2239,1.1160,-1.7471,4.0588,1.2054
1,drinking,0.0244,0.2253,1.1189,-1.7929,3.7613,1.3275
1,drinking,0.0251,0.2290,1.1270,-1.9455,3.8452,1.3199
1,drinking,0.0295,0.2256,1.1218,-1.9760,3.9520,1.1673
1,drinking,0.0354,0.2239,1.1223,-2.0370,3.6621,1.1444
1,drinking,0.0344,0.2253,1.1213,-1.9684,3.3417,1.2054
1,drinking,0.0369,0.2214,1.1226,-1.9989,3.1815,1.4038
1,drinking,0.0342,0.2256,1.1104,-2.1439,3.2730,1.4496
1,drinking,0.0286,0.2205,1.1069,-2.1515,3.4332,1.2970
1,drinking,0.0300,0.2227,1.1101,-2.1744,3.0441,1.3199
1,drinking,0.0310,0.2249,1.1067,-2.2430,2.8992,1.3351
1,drinking,0.0315,0.2231,1.1096,-2.2736,2.8610,1.3809
1,drinking,0.0298,0.2224,1.1187,-2.3956,2.8305,1.3046
1,drinking,0.0293,0.2209,1.1096,-2.3651,2.6474,1.3275
1,drinking,0.0320,0.2200,1.1128,-2.2507,2.6398,1.3046
1,drinking,0.0317,0.2261,1.1077,-2.2888,2.4261,1.3809
1,drinking,0.0239,0.2227,1.1113,-2.3727,2.3804,1.4114
1,drinking,0.0303,0.2195,1.1128,-2.3270,2.2888,1.4267
1,drinking,0.0298,0.2234,1.1147,-2.3880,2.1439,1.2207
1,drinking,0.0273,0.2180,1.1160,-2.3727,1.9760,1.1215
1,drinking,0.0295,0.2205,1.1116,-2.2812,1.8082,1.0681
1,drinking,0.0286,0.2158,1.1123,-2.1515,1.7929,1.0986
1,drinking,0.0317,0.2163,1.1084,-2.1210,1.5945,1.3657
1,drinking,0.0352,0.2202,1.1001,-2.1057,1.4420,1.4420
1,drinking,0.0347,0.2246,1.0977,-1.9913,1.4572,1.2360
1,drinking,0.0330,0.2234,1.0972,-2.1439,1.3123,1.0376
1,drinking,0.0305,0.2192,1.0979,-2.2125,1.3351,0.9995
1,drinking,0.0344,0.2188,1.1006,-2.2278,1.3962,1.0452
1,drinking,0.0361,0.2253,1.0989,-2.2049,1.4420,1.2360
1,drinking,0.0339,0.2273,1.0872,-2.2354,1.4267,1.1444
1,drinking,0.0359,0.2258,1.1013,-2.3956,1.4343,1.1063
1,drinking,0.0388,0.2266,1.1008,-2.3804,1.4954,1.0681
1,drinking,0.0422,0.2280,1.0950,-2.2888,1.3657,1.1139
1,drinking,0.0396,0.2329,1.0957,-2.2583,1.4191,1.0834
1,drinking,0.0374,0.2266,1.0930,-2.2812,1.3428,1.1444
1,drinking,0.0339,0.2305,1.0889,-2.3880,1.3123,1.3275
1,drinking,0.0354,0.2244,1.0950,-2.5253,1.3657,1.2360
1,drinking,0.0354,0.2317,1.0884,-2.5101,1.4038,1.2817
1,drinking,0.0334,0.2312,1.0962,-2.5177,1.2054,1.1520
1,drinking,0.0347,0.2283,1.0933,-2.7008,1.1978,1.2360
1,drinking,0.0349,0.2312,1.0957,-2.8229,1.1673,1.2589
1,drinking,0.0298,0.2268,1.0920,-2.9068,1.2436,1.2589
1,drinking,0.0312,0.2354,1.0837,-2.8915,1.2131,1.2589
1,drinking,0.0400,0.2356,1.0823,-2.9144,0.9918,1.3885
1,drinking,0.0317,0.2366,1.0903,-3.0365,0.7477,1.3657
1,drinking,0.0327,0.2319,1.0896,-3.0823,0.7019,1.5030
1,drinking,0.0413,0.2317,1.0859,-3.1433,0.7935,1.6861
1,drinking,0.0420,0.2292,1.0820,-3.2120,0.8469,1.6556
1,drinking,0.0408,0.2266,1.0791,-3.3112,0.7095,1.4954
1,drinking,0.0366,0.2307,1.0828,-3.4790,0.5798,1.5488
1,drinking,0.0405,0.2302,1.0823,-3.4943,0.4120,1.7090
1,drinking,0.0356,0.2278,1.0840,-3.5782,0.5264,1.8768
1,drinking,0.0366,0.2212,1.0837,-3.7918,0.4730,1.8158
1,drinking,0.0371,0.2246,1.0835,-3.7918,0.3128,1.8234
1,drinking,0.0388,0.2307,1.0798,-3.6697,0.1526,1.7700
1,drinking,0.0430,0.2307,1.0796,-3.5248,0.1831,1.8387
1,drinking,0.0417,0.2268,1.0854,-3.6316,0.3357,1.8845
1,drinking,0.0422,0.2251,1.0786,-3.7994,0.4044,1.9608
1,drinking,0.0552,0.2229,1.0815,-4.0283,0.3204,1.9608
1,drinking,0.0518,0.2200,1.0835,-4.0970,0.3281,1.8921
1,drinking,0.0461,0.2253,1.0818,-3.9368,0.3586,1.9531
1,drinking,0.0474,0.2212,1.0806,-3.7918,0.3891,1.9455
1,drinking,0.0457,0.2231,1.0818,-3.7079,0.4120,1.9836
1,drinking,0.0447,0.2229,1.0833,-3.6621,0.4272,2.1744
1,drinking,0.0449,0.2253,1.0762,-3.5858,0.5569,2.2659
1,drinking,0.0459,0.2234,1.0769,-3.6926,0.6256,2.1286
1,drinking,0.0444,0.2253,1.0825,-3.7537,0.5722,2.2354
1,drinking,0.0498,0.2256,1.0830,-3.6240,0.4883,2.0905
1,drinking,0.0496,0.2229,1.0796,-3.4485,0.5951,2.1286
1,drinking,0.0525,0.2170,1.0820,-3.4027,0.5035,2.2202
1,drinking,0.0508,0.2200,1.0730,-3.3112,0.4349,2.2049
1,drinking,0.0508,0.2231,1.0740,-3.0594,0.4959,2.3117
1,drinking,0.0513,0.2202,1.0789,-3.1357,0.5569,2.3346
1,drinking,0.0498,0.2214,1.0667,-3.1357,0.4120,2.3193
1,drinking,0.0513,0.2212,1.0786,-2.9297,0.4654,2.3880
1,drinking,0.0559,0.2190,1.0845,-2.6321,0.5264,2.3270
1,drinking,0.0596,0.2156,1.0706,-2.5787,0.4578,2.3651
1,drinking,0.0522,0.2163,1.0698,-2.5101,0.4272,2.5864
1,drinking,0.0488,0.2163,1.0674,-2.5024,0.5264,2.5101
1,drinking,0.0520,0.2148,1.0779,-2.4643,0.5722,2.3422
1,drinking,0.0571,0.2117,1.0720,-2.3270,0.5341,2.3193
1,drinking,0.0527,0.2136,1.0601,-2.3575,0.5112,2.3804
1,drinking,0.0510,0.2102,1.0647,-2.2583,0.3662,2.3651
1,drinking,0.0603,0.2109,1.0703,-2.2659,0.5417,2.2964
1,drinking,0.0591,0.2136,1.0649,-2.3575,0.6866,2.2507
1,drinking,0.0564,0.2166,1.0679,-2.3422,0.8163,2.4719
1,drinking,0.0605,0.2163,1.0667,-2.2430,0.9003,2.3651
1,drinking,0.0588,0.2100,1.0703,-2.2583,1.0681,2.1515
1,drinking,0.0603,0.2151,1.0645,-2.2583,1.2589,2.0218
1,drinking,0.0642,0.2151,1.0588,-2.2659,1.3275,2.2430
1,drinking,0.0652,0.2158,1.0630,-2.2812,1.6556,2.3193
1,drinking,0.0588,0.2141,1.0586,-2.2736,2.0676,2.1896
1,drinking,0.0640,0.2183,1.0698,-2.2736,2.2049,2.1286
1,drinking,0.0647,0.2163,1.0676,-2.1820,2.2202,1.9989
1,drinking,0.0659,0.2146,1.0684,-2.2278,2.4261,2.0370
1,drinking,0.0603,0.2173,1.0752,-2.0447,2.5406,2.0447
1,drinking,0.0613,0.2122,1.0718,-2.0294,2.5177,1.9760
1,drinking,0.0623,0.2126,1.0703,-2.0981,2.7390,1.9302
1,drinking,0.0659,0.2141,1.0693,-2.0981,2.8992,1.8463
1,drinking,0.0684,0.2205,1.0676,-2.0599,2.9907,1.8616
1,drinking,0.0647,0.2166,1.0798,-2.1591,3.0975,1.7471
1,drinking,0.0654,0.2166,1.0850,-2.1515,3.1281,1.7853
1,drinking,0.0605,0.2163,1.0798,-2.1057,3.1128,1.7700
1,drinking,0.0598,0.2178,1.0737,-2.2812,3.3112,1.7319
1,drinking,0.0613,0.2158,1.0823,-2.4643,3.1586,1.6098
1,drinking,0.0554,0.2219,1.0813,-2.4261,2.9984,1.5030
1,drinking,0.0574,0.2224,1.0891,-2.2964,2.9602,1.6174
1,drinking,0.0596,0.2278,1.0776,-2.3804,3.0441,1.6708
1,drinking,0.0615,0.2256,1.0747,-2.5330,3.1204,1.8234
1,drinking,0.0605,0.2195,1.0789,-2.6169,3.2043,1.7166
1,drinking,0.0591,0.2219,1.0842,-2.5177,3.0899,1.7166
1,drinking,0.0566,0.2256,1.0872,-2.5177,3.1204,1.7319
1,drinking,0.0579,0.2258,1.0762,-2.5864,3.2806,1.8234
1,drinking,0.0549,0.2234,1.0730,-2.6779,3.1738,1.7853
1,drinking,0.0552,0.2271,1.0835,-2.6627,3.0212,1.7319
1,drinking,0.0605,0.2219,1.0884,-2.5101,3.0823,1.8234
1,drinking,0.0581,0.2285,1.0876,-2.4948,3.1891,1.9531
1,drinking,0.0552,0.2266,1.0889,-2.5024,3.1815,1.7929
1,drinking,0.0520,0.2236,1.0901,-2.6398,3.1357,1.6937
1,drinking,0.0623,0.2185,1.0864,-2.6169,3.1281,1.7242
1,drinking,0.0642,0.2261,1.0901,-2.6016,3.1281,1.8311
1,drinking,0.0615,0.2258,1.0928,-2.5711,3.1128,1.8005
1,drinking,0.0549,0.2212,1.0852,-2.6703,3.2883,1.7471
1,drinking,0.0549,0.2170,1.0881,-2.6932,3.2349,1.7548
1,drinking,0.0640,0.2207,1.0898,-2.7466,3.1357,1.8463
1,drinking,0.0667,0.2183,1.0876,-2.7313,3.0594,1.7776
1,drinking,0.0586,0.2163,1.0842,-2.5558,3.1662,1.6785
1,drinking,0.0520,0.2185,1.0896,-2.3880,3.4103,1.6403
1,drinking,0.0605,0.2175,1.0940,-2.3346,3.3951,1.8005
1,drinking,0.0591,0.2170,1.0981,-2.3880,3.4256,1.8158
1,drinking,0.0659,0.2131,1.0891,-2.3956,3.5400,1.8616
1,drinking,0.0691,0.2131,1.0947,-2.1591,3.5095,1.6632
1,drinking,0.0647,0.2136,1.0925,-2.0599,3.3417,1.7471
1,drinking,0.0684,0.2134,1.0964,-2.0294,3.6240,1.8921
1,drinking,0.0679,0.2122,1.0854,-2.0142,3.7460,1.9989
1,drinking,0.0703,0.2161,1.0820,-2.0065,3.7308,1.7090
1,drinking,0.0754,0.2134,1.0933,-2.0294,3.6392,1.6098
1,drinking,0.0662,0.2134,1.0938,-1.9989,3.7155,1.6327
1,drinking,0.0669,0.2078,1.0923,-1.9531,3.8376,1.6861
1,drinking,0.0718,0.2073,1.0874,-1.8005,4.1275,1.6785
1,drinking,0.0720,0.2114,1.0828,-1.6327,4.2496,1.5869
1,drinking,0.0774,0.2092,1.0808,-1.5488,4.1962,1.5640
1,drinking,0.0710,0.2068,1.0896,-1.6098,4.3640,1.3199
1,drinking,0.0703,0.2068,1.0901,-1.5869,4.7073,1.2741
1,drinking,0.0693,0.2080,1.0872,-1.6403,4.9896,1.3199
1,drinking,0.0710,0.2019,1.0916,-1.4420,5.0888,1.3428
1,drinking,0.0742,0.2122,1.0859,-1.3504,5.0125,1.3199
1,drinking,0.0679,0.2078,1.0916,-1.2360,5.0278,1.2817
1,drinking,0.0752,0.2065,1.0879,-1.1826,5.3787,1.1368
1,drinking,0.0720,0.2024,1.0894,-1.1292,5.5237,1.0300
1,drinking,0.0701,0.2041,1.0845,-1.0681,5.5695,1.1368
1,drinking,0.0676,0.2031,1.0913,-0.9155,5.7678,1.2207
1,drinking,0.0698,0.2041,1.1033,-0.9537,5.9738,1.0910
1,drinking,0.0686,0.2031,1.1018,-0.9842,6.1111,0.9079
1,drinking,0.0671,0.2100,1.0964,-0.9232,6.0120,0.6866
1,drinking,0.0681,0.2075,1.1008,-0.8087,5.8746,0.7248
1,drinking,0.0708,0.2104,1.0991,-0.8774,6.0272,0.6943
1,drinking,0.0725,0.2070,1.0979,-0.7248,6.2408,0.6638
1,drinking,0.0703,0.2075,1.1008,-0.8545,6.2561,0.7324
1,drinking,0.0669,0.1995,1.1091,-0.8698,6.3095,0.7629
1,drinking,0.0667,0.2041,1.1025,-0.7935,6.4011,0.4807
1,drinking,0.0659,0.2061,1.1047,-0.6714,6.4163,0.3510
1,drinking,0.0662,0.2026,1.1121,-0.6027,6.3171,0.3204
1,drinking,0.0654,0.2036,1.1140,-0.6332,6.2332,0.3204
1,drinking,0.0645,0.2046,1.1123,-0.8698,6.1646,0.2747
1,drinking,0.0688,0.1997,1.1125,-0.7248,6.1798,0.1373
1,drinking,0.0649,0.2041,1.1187,-0.4044,6.1264,0.1144
1,drinking,0.0630,0.2056,1.1272,-0.4120,6.2790,-0.0763
1,drinking,0.0605,0.2026,1.1194,-0.5264,6.2714,-0.1984
1,drinking,0.0615,0.1970,1.1196,-0.4349,6.1340,-0.2823
1,drinking,0.0564,0.2012,1.1260,-0.4196,6.4392,-0.5341
1,drinking,0.0544,0.2009,1.1411,-0.4349,6.3782,-0.6180
1,drinking,0.0547,0.2126,1.1355,-0.3204,6.1111,-0.7172
1,drinking,0.0515,0.2070,1.1316,-0.4425,6.0043,-0.6485
1,drinking,0.0593,0.2075,1.1431,-0.4349,5.8899,-0.6638
1,drinking,0.0598,0.2034,1.1487,-0.4272,5.7983,-0.9460
1,drinking,0.0627,0.2063,1.1396,-0.4349,5.7831,-0.8392
1,drinking,0.0613,0.2078,1.1367,-0.3128,5.7678,-0.8316
1,drinking,0.0540,0.2141,1.1448,-0.2670,5.8136,-0.8316
1,drinking,0.0515,0.2175,1.1477,-0.1144,5.9128,-0.9613
1,drinking,0.0496,0.2190,1.1416,-0.0839,5.7831,-0.9995
1,drinking,0.0476,0.2122,1.1387,-0.1450,5.5847,-0.8240
1,drinking,0.0525,0.2114,1.1445,0.0916,5.5771,-0.9003
1,drinking,0.0500,0.2170,1.1465,0.3586,5.5466,-1.0681
1,drinking,0.0520,0.2163,1.1455,0.4120,5.5618,-1.1444
1,drinking,0.0520,0.2178,1.1475,0.5417,5.3635,-1.1520
1,drinking,0.0488,0.2231,1.1526,0.6790,5.2567,-1.0681
1,drinking,0.0413,0.2217,1.1528,0.7782,5.2719,-1.1063
1,drinking,0.0435,0.2205,1.1572,0.8011,5.2567,-1.1597
1,drinking,0.0422,0.2195,1.1516,0.9460,5.1880,-1.1444
1,drinking,0.0388,0.2236,1.1443,1.0834,5.1270,-1.0910
1,drinking,0.0378,0.2283,1.1455,1.2131,5.0812,-1.1597
1,drinking,0.0420,0.2253,1.1477,1.4496,4.9210,-1.0452
1,drinking,0.0413,0.2283,1.1450,1.5488,4.6463,-0.9232
1,drinking,0.0430,0.2314,1.1448,1.5030,4.3869,-0.9766
1,drinking,0.0400,0.2288,1.1543,1.7090,4.2343,-0.9155
1,drinking,0.0376,0.2322,1.1538,1.9150,4.2114,-0.9155
1,drinking,0.0410,0.2349,1.1565,2.0142,3.9673,-0.9613
1,drinking,0.0408,0.2366,1.1477,1.9379,3.8376,-0.9003
1,drinking,0.0427,0.2375,1.1499,1.9760,3.7842,-0.8545
1,drinking,0.0361,0.2378,1.1497,2.0905,3.6469,-0.8163
1,drinking,0.0356,0.2378,1.1492,2.1515,3.5553,-0.7935
1,drinking,0.0376,0.2397,1.1448,2.1362,3.4027,-0.8621
1,drinking,0.0374,0.2385,1.1528,2.2430,3.2578,-0.7553
1,drinking,0.0298,0.2373,1.1458,2.1515,3.1738,-0.7095
1,drinking,0.0286,0.2373,1.1350,2.0752,3.0212,-0.7477
1,drinking,0.0320,0.2419,1.1367,2.0218,2.9678,-0.7019
1,drinking,0.0354,0.2378,1.1365,1.9073,2.9831,-0.5569
1,drinking,0.0327,0.2402,1.1333,1.8539,2.8839,-0.5417
1,drinking,0.0317,0.2441,1.1418,1.8082,2.7618,-0.4730
1,drinking,0.0344,0.2463,1.1421,1.7395,2.5940,-0.5798
1,drinking,0.0344,0.2375,1.1367,1.6632,2.4872,-0.6790
1,drinking,0.0359,0.2366,1.1404,1.5488,2.5635,-0.7553
1,drinking,0.0312,0.2361,1.1389,1.3733,2.6474,-0.5875
1,drinking,0.0388,0.2380,1.1377,1.3504,2.6169,-0.5493
1,drinking,0.0347,0.2434,1.1445,1.4191,2.2736,-0.3891
1,drinking,0.0339,0.2417,1.1379,1.4343,2.1210,-0.3128
1,drinking,0.0354,0.2407,1.1423,1.1978,1.8463,-0.3815
1,drinking,0.0332,0.2385,1.1431,0.9384,1.8539,-0.5035
1,drinking,0.0364,0.2378,1.1421,0.7095,1.7853,-0.5646
1,drinking,0.0391,0.2368,1.1438,0.7019,1.5259,-0.6027
1,drinking,0.0410,0.2380,1.1348,0.7019,1.3351,-0.5798
1,drinking,0.0444,0.2427,1.1382,0.5798,1.3809,-0.4272
1,drinking,0.0422,0.2405,1.1394,0.5493,1.3809,-0.5264
1,drinking,0.0396,0.2410,1.1367,0.5035,1.2665,-0.4120
1,drinking,0.0330,0.2378,1.1326,0.4578,1.1292,-0.5112
1,drinking,0.0403,0.2478,1.1272,0.4578,1.0452,-0.5112
1,drinking,0.0400,0.2424,1.1326,0.3052,1.2436,-0.3128
1,drinking,0.0410,0.2422,1.1367,0.3357,1.3123,-0.2670
1,drinking,0.0486,0.2417,1.1287,0.3738,1.4114,-0.1602
1,drinking,0.0437,0.2405,1.1296,0.5569,1.5106,-0.1221
1,drinking,0.0413,0.2456,1.1313,0.4501,1.4572,-0.2289
1,drinking,0.0432,0.2488,1.1284,0.4883,1.5030,-0.2289
1,drinking,0.0344,0.2466,1.1267,0.5188,1.5259,-0.0763
1,drinking,0.0396,0.2441,1.1255,0.5798,1.7471,0.1068
1,drinking,0.0454,0.2473,1.1296,0.8163,1.8005,0.1526
1,drinking,0.0422,0.2510,1.1365,1.0376,1.7700,0.1144
1,drinking,0.0417,0.2458,1.1357,1.0300,1.8005,0.1068
1,drinking,0.0435,0.2454,1.1287,1.0757,1.9455,0.4120
1,drinking,0.0442,0.2485,1.1267,1.2512,2.1286,0.4654
1,drinking,0.0479,0.2476,1.1365,1.4191,1.8692,0.5264
1,drinking,0.0493,0.2500,1.1360,1.6098,1.8082,0.5951
1,drinking,0.0466,0.2490,1.1438,1.7776,1.7014,0.6943
1,drinking,0.0513,0.2461,1.1404,1.9379,1.7014,0.6866
1,drinking,0.0493,0.2483,1.1367,2.1439,1.5717,0.7172
1,drinking,0.0513,0.2439,1.1401,2.4643,1.5106,0.6790
1,drinking,0.0447,0.2444,1.1318,2.5940,1.6556,0.8011
1,drinking,0.0486,0.2415,1.1357,2.7161,1.7090,0.8850
1,drinking,0.0537,0.2432,1.1411,2.9602,1.5793,0.9537
1,drinking,0.0544,0.2405,1.1477,3.1967,1.5182,0.8926
1,drinking,0.0510,0.2473,1.1343,3.4485,1.4420,0.8545
1,drinking,0.0503,0.2478,1.1292,3.4103,1.5411,0.7629
1,drinking,0.0535,0.2380,1.1345,3.2578,1.6479,0.9537
1,drinking,0.0574,0.2371,1.1348,3.3417,1.7700,0.9537
1,drinking,0.0537,0.2378,1.1379,3.5324,1.7395,0.8621
1,drinking,0.0547,0.2405,1.1252,3.6621,1.7242,0.8163
1,drinking,0.0544,0.2349,1.1399,3.8147,1.9226,0.7706
1,drinking,0.0510,0.2366,1.1338,3.9139,1.9913,0.6027
1,drinking,0.0544,0.2307,1.1335,3.9597,2.0905,0.7706
1,drinking,0.0525,0.2312,1.1377,3.8910,2.2964,0.7477
1,drinking,0.0547,0.2354,1.1389,4.1122,2.2278,0.6943
1,drinking,0.0544,0.2341,1.1372,4.1122,2.0370,0.6104
1,drinking,0.0452,0.2332,1.1357,4.0283,2.0218,0.4349
1,drinking,0.0500,0.2366,1.1392,4.0359,2.2430,0.3967
1,drinking,0.0557,0.2397,1.1414,4.2038,2.3346,0.2441
1,drinking,0.0549,0.2371,1.1379,4.2572,2.3575,0.2670
1,drinking,0.0547,0.2427,1.1438,4.2191,2.2812,0.2213
1,drinking,0.0520,0.2432,1.1487,4.3488,2.3575,0.1755
1,drinking,0.0488,0.2449,1.1423,4.5700,2.5253,0.1450
1,drinking,0.0476,0.2461,1.1443,4.4861,2.6398,0.1297
1,drinking,0.0444,0.2456,1.1433,4.3869,2.7008,0.2518
1,drinking,0.0476,0.2422,1.1450,4.4250,2.6169,0.0916
1,drinking,0.0491,0.2456,1.1470,4.5471,2.5635,0.0000
1,drinking,0.0454,0.2463,1.1479,4.6158,2.6321,0.0763
1,drinking,0.0496,0.2444,1.1465,4.7607,2.6703,0.1526
1,drinking,0.0496,0.2419,1.1443,4.9133,2.7084,0.0916
1,drinking,0.0459,0.2439,1.1526,5.0201,2.5406,0.0000
1,drinking,0.0396,0.2454,1.1511,5.1270,2.4872,0.1144
1,drinking,0.0437,0.2449,1.1460,5.4169,2.6169,0.2518
1,drinking,0.0476,0.2478,1.1401,5.6458,2.5940,0.3967
1,drinking,0.0466,0.2439,1.1514,5.8899,2.4948,0.4730
1,drinking,0.0476,0.2473,1.1489,6.0196,2.3422,0.5035
1,drinking,0.0503,0.2502,1.1367,6.2103,2.2659,0.5417
1,drinking,0.0508,0.2493,1.1428,6.4392,2.2583,0.5417
1,drinking,0.0469,0.2483,1.1482,6.5842,2.1439,0.5264
1,drinking,0.0479,0.2468,1.1514,6.5994,1.9836,0.4501
1,drinking,0.0542,0.2512,1.1499,6.6605,1.7319,0.4654
1,drinking,0.0513,0.2505,1.1450,6.8436,1.5793,0.5112
1,drinking,0.0527,0.2458,1.1460,6.8588,1.4877,0.6714
1,drinking,0.0466,0.2449,1.1465,6.8665,1.5411,0.5722
1,drinking,0.0454,0.2466,1.1453,7.0496,1.5411,0.5264
1,drinking,0.0518,0.2502,1.1443,7.1716,1.3733,0.5417
1,drinking,0.0500,0.2437,1.1384,7.1335,1.1902,0.6409
1,drinking,0.0483,0.2446,1.1433,7.1793,1.1749,0.5188
1,drinking,0.0518,0.2424,1.1455,7.3318,1.2131,0.4807
1,drinking,0.0535,0.2419,1.1409,7.3624,1.1368,0.3662
1,drinking,0.0564,0.2441,1.1426,7.2937,0.9308,0.5341
1,drinking,0.0527,0.2476,1.1384,7.4005,1.0147,0.6409
1,drinking,0.0542,0.2471,1.1401,7.3929,1.0223,0.6714
1,drinking,0.0596,0.2480,1.1406,7.5455,0.7629,0.6409
1,drinking,0.0579,0.2437,1.1299,7.6752,0.5798,0.4959
1,drinking,0.0593,0.2437,1.1318,7.5912,0.6943,0.4959
1,drinking,0.0564,0.2424,1.1401,7.5684,0.8087,0.5417
1,drinking,0.0637,0.2446,1.1404,7.4539,0.7935,0.6104
1,drinking,0.0571,0.2456,1.1362,7.5684,0.8392,0.4501
1,drinking,0.0574,0.2385,1.1367,7.7133,0.9995,0.5493
1,drinking,0.0535,0.2417,1.1277,7.7133,1.1749,0.7095
1,drinking,0.0549,0.2419,1.1362,7.7591,1.2360,0.6714
1,drinking,0.0596,0.2427,1.1365,7.7591,1.1749,0.5646
1,drinking,0.0623,0.2366,1.1316,7.7744,1.1520,0.5035
1,drinking,0.0605,0.2454,1.1343,7.6370,1.3123,0.5341
1,drinking,0.0630,0.2434,1.1328,7.7438,1.5335,0.5951
1,drinking,0.0620,0.2451,1.1377,8.1177,1.5564,0.6714
1,drinking,0.0593,0.2439,1.1365,8.3389,1.5640,0.7401
1,drinking,0.0613,0.2427,1.1292,8.3008,1.6785,0.7553
1,drinking,0.0613,0.2375,1.1348,8.4991,1.7242,0.9384
1,drinking,0.0598,0.2410,1.1421,8.5983,1.7471,0.8392
1,drinking,0.0549,0.2363,1.1338,8.7204,1.6708,0.7248
1,drinking,0.0559,0.2363,1.1431,8.7662,1.6937,0.6866
1,drinking,0.0591,0.2388,1.1426,8.9340,1.6708,0.7706
1,drinking,0.0557,0.2312,1.1431,9.2545,1.6556,0.9537
1,drinking,0.0593,0.2307,1.1416,9.3231,1.7242,0.9460
1,drinking,0.0569,0.2339,1.1392,9.2926,1.8845,0.8087
1,drinking,0.0640,0.2290,1.1414,9.5215,2.0599,0.7401
1,drinking,0.0576,0.2319,1.1438,9.7504,1.9150,0.7553
1,drinking,0.0566,0.2266,1.1321,9.8877,1.7776,0.7019
1,drinking,0.0659,0.2322,1.1340,10.0708,1.8311,0.6561
1,drinking,0.0662,0.2310,1.1377,10.3683,1.8387,0.5646
1,drinking,0.0693,0.2268,1.1455,10.6125,1.8387,0.6409
1,drinking,0.0676,0.2234,1.1392,10.6888,1.9455,0.6790
1,drinking,0.0667,0.2246,1.1250,10.6659,2.0065,0.5646
1,drinking,0.0679,0.2244,1.1292,10.7651,2.0294,0.5569
1,drinking,0.0696,0.2280,1.1348,10.8643,1.9989,0.6180
1,drinking,0.0723,0.2290,1.1355,10.9558,2.0065,0.4272
1,drinking,0.0647,0.2217,1.1389,11.0092,2.2812,0.1831
1,drinking,0.0647,0.2195,1.1450,11.2381,2.3575,0.1907
1,drinking,0.0686,0.2205,1.1462,11.2305,2.1973,0.2060
1,drinking,0.0679,0.2168,1.1477,11.2839,2.1515,0.1602
1,drinking,0.0681,0.2175,1.1470,11.4288,2.3193,0.1144
1,drinking,0.0684,0.2139,1.1404,11.5967,2.3804,-0.0381
1,drinking,0.0684,0.2168,1.1421,11.5814,2.1210,-0.2594
1,drinking,0.0735,0.2158,1.1448,11.5280,1.9531,-0.1984
1,drinking,0.0718,0.2161,1.1479,11.7188,1.9226,-0.1984
1,drinking,0.0647,0.2200,1.1453,11.5967,1.9989,-0.4349
1,drinking,0.0664,0.2107,1.1494,11.5891,1.8997,-0.4654
1,drinking,0.0686,0.2073,1.1487,11.8179,1.9302,-0.5417
1,drinking,0.0647,0.2090,1.1494,12.0316,1.8387,-0.7477
1,drinking,0.0723,0.2063,1.1487,12.0239,1.7624,-0.9766
1,drinking,0.0703,0.2065,1.1558,12.1613,1.9379,-1.0757
1,drinking,0.0681,0.2078,1.1538,12.3367,1.9531,-1.1673
1,drinking,0.0718,0.2158,1.1453,12.5122,2.1057,-1.2436
1,drinking,0.0779,0.2122,1.1489,12.5809,2.1973,-1.1139
1,drinking,0.0715,0.2102,1.1509,12.7335,2.2812,-1.1978
1,drinking,0.0708,0.2114,1.1543,12.9852,2.3346,-1.4114
1,drinking,0.0635,0.2107,1.1609,13.2904,2.3651,-1.5869
1,drinking,0.0615,0.2141,1.1614,13.3972,2.4414,-1.6327
1,drinking,0.0654,0.2151,1.1614,13.4659,2.6245,-1.5869
1,drinking,0.0649,0.2114,1.1648,13.6032,2.4719,-1.6632
1,drinking,0.0632,0.2151,1.1667,13.6566,2.3575,-1.7166
1,drinking,0.0674,0.2195,1.1650,13.8245,2.1286,-1.7548
1,drinking,0.0627,0.2271,1.1646,14.0610,2.1286,-1.8311
1,drinking,0.0676,0.2251,1.1707,14.2059,2.0065,-1.9836
1,drinking,0.0671,0.2161,1.1755,14.3585,1.9302,-1.9836
1,drinking,0.0645,0.2180,1.1714,14.4577,1.9302,-1.9226
1,drinking,0.0676,0.2205,1.1736,14.4958,1.7319,-1.8692
1,drinking,0.0623,0.2227,1.1631,14.5493,1.6785,-1.7776
1,drinking,0.0581,0.2209,1.1650,14.6332,1.5030,-1.6632
1,drinking,0.0625,0.2236,1.1694,14.9536,1.2512,-1.7548
1,drinking,0.0530,0.2249,1.1643,15.2054,1.0910,-1.8005
1,drinking,0.0505,0.2207,1.1611,15.2740,0.7324,-1.9302
1,drinking,0.0513,0.2212,1.1665,15.2588,0.4807,-1.9608
1,drinking,0.0513,0.2241,1.1694,15.3885,0.1221,-1.8997
1,drinking,0.0544,0.2202,1.1697,15.5716,-0.0076,-1.9836
1,drinking,0.0540,0.2185,1.1689,15.5716,-0.1221,-2.0752
1,drinking,0.0537,0.2200,1.1780,15.6021,-0.4501,-2.1667
1,drinking,0.0579,0.2209,1.1785,15.5182,-0.7477,-2.2125
1,drinking,0.0576,0.2214,1.1763,15.4495,-0.6561,-2.3117
1,drinking,0.0559,0.2266,1.1772,15.4114,-0.8392,-2.3880
1,drinking,0.0535,0.2219,1.1726,15.4495,-1.0910,-2.4796
1,drinking,0.0530,0.2212,1.1694,15.3503,-1.2817,-2.6169
1,drinking,0.0549,0.2256,1.1743,15.4266,-1.3580,-2.6245
1,drinking,0.0535,0.2195,1.1641,15.5334,-1.4496,-2.6627
1,drinking,0.0581,0.2285,1.1570,15.5334,-1.5259,-2.7084
1,drinking,0.0532,0.2236,1.1660,15.4495,-1.5640,-2.8000
1,drinking,0.0515,0.2256,1.1687,15.4648,-1.6937,-2.9755
1,drinking,0.0522,0.2227,1.1646,15.4343,-1.7471,-2.9373
1,drinking,0.0571,0.2285,1.1638,15.4266,-1.9455,-2.9755
1,drinking,0.0522,0.2317,1.1633,15.3351,-1.8768,-3.0594
1,drinking,0.0557,0.2300,1.1670,15.3885,-2.0447,-3.2043
1,drinking,0.0525,0.2292,1.1606,15.4648,-2.1210,-3.1891
1,drinking,0.0579,0.2251,1.1565,15.4572,-2.1667,-3.2196
1,drinking,0.0591,0.2263,1.1633,15.3122,-2.2659,-3.3340
1,drinking,0.0588,0.2271,1.1526,15.4953,-2.4643,-3.4332
1,drinking,0.0645,0.2327,1.1587,15.6250,-2.7084,-3.5095
1,drinking,0.0618,0.2322,1.1479,15.6784,-2.6245,-3.5324
1,drinking,0.0637,0.2339,1.1448,15.8463,-2.5330,-3.6163
1,drinking,0.0569,0.2368,1.1506,16.0599,-2.6169,-3.3493
1,drinking,0.0598,0.2363,1.1492,16.1209,-2.7466,-3.2578
1,drinking,0.0642,0.2295,1.1470,15.9531,-2.6627,-3.3340
1,drinking,0.0591,0.2344,1.1418,15.9149,-2.6703,-3.4332
1,drinking,0.0586,0.2336,1.1401,15.9454,-2.7084,-3.3417
1,drinking,0.0642,0.2322,1.1355,16.0370,-2.8687,-3.4256
1,drinking,0.0652,0.2302,1.1384,16.0141,-2.7542,-3.5553
1,drinking,0.0608,0.2314,1.1338,15.9378,-2.6932,-3.6621
1,drinking,0.0645,0.2314,1.1270,15.9302,-2.5940,-3.6545
1,drinking,0.0637,0.2358,1.1282,16.0141,-2.4338,-3.6011
1,drinking,0.0613,0.2397,1.1316,16.2277,-2.4185,-3.7613
1,drinking,0.0679,0.2361,1.1284,16.4108,-2.4719,-3.7308
1,drinking,0.0632,0.2356,1.1279,16.4795,-2.5177,-3.8376
1,drinking,0.0593,0.2380,1.1367,16.3956,-2.5482,-3.8834
1,drinking,0.0596,0.2358,1.1360,16.4261,-2.4567,-3.9139
1,drinking,0.0583,0.2327,1.1284,16.4719,-2.4185,-3.8528
1,drinking,0.0613,0.2295,1.1323,16.6779,-2.3880,-3.9368
1,drinking,0.0627,0.2261,1.1262,16.7770,-2.4567,-3.9062
1,drinking,0.0637,0.2302,1.1292,16.8533,-2.3499,-3.8376
1,drinking,0.0642,0.2290,1.1311,16.8152,-2.2583,-4.0436
1,drinking,0.0669,0.2329,1.1216,16.8762,-2.1515,-3.8528
1,drinking,0.0669,0.2368,1.1289,17.0364,-2.2125,-3.8986
1,drinking,0.0649,0.2346,1.1301,17.1814,-2.1439,-3.9368
1,drinking,0.0679,0.2329,1.1267,17.3416,-1.9913,-4.0359
1,drinking,0.0710,0.2354,1.1150,17.3950,-2.0752,-3.9444
1,drinking,0.0703,0.2412,1.1206,17.3798,-2.1133,-3.8910
1,drinking,0.0657,0.2400,1.1235,17.5400,-2.2736,-3.9597
1,drinking,0.0667,0.2437,1.1301,17.7002,-2.4948,-3.8452
1,drinking,0.0706,0.2432,1.1306,17.9367,-2.3575,-3.9825
1,drinking,0.0684,0.2415,1.1309,17.9291,-2.4490,-3.9978
1,drinking,0.0684,0.2422,1.1199,17.9672,-2.4719,-4.0207
1,drinking,0.0679,0.2415,1.1233,18.0664,-2.4490,-4.1199
1,drinking,0.0649,0.2378,1.1326,18.0740,-2.6169,-4.2725
1,drinking,0.0676,0.2400,1.1265,18.2266,-2.4261,-4.2725
1,drinking,0.0659,0.2432,1.1270,18.3334,-2.3956,-4.3259
1,drinking,0.0645,0.2412,1.1245,18.3334,-2.2354,-4.7760
1,drinking,0.0801,0.2268,1.1135,18.3563,-2.0905,-4.9515
1,drinking,0.0515,0.2544,1.1387,18.8522,-2.1591,-4.2191
1,drinking,0.0496,0.2646,1.1350,19.1193,-2.1896,-3.6316
1,drinking,0.0588,0.2549,1.1289,18.9743,-2.3346,-3.2578
1,drinking,0.0598,0.2429,1.1338,18.6005,-2.3804,-3.3798
1,drinking,0.0618,0.2341,1.1416,18.2495,-2.4567,-3.8986
1,drinking,0.0649,0.2314,1.1355,17.7460,-2.5101,-4.6005
1,drinking,0.0750,0.2268,1.1353,17.3035,-2.7084,-5.3787
1,drinking,0.0701,0.2295,1.1475,17.2882,-2.9678,-5.8899
1,drinking,0.0752,0.2246,1.1367,17.0898,-2.9984,-6.1569
1,drinking,0.0774,0.2271,1.1172,16.8457,-2.8687,-6.2256
1,drinking,0.0813,0.2324,1.1182,16.6473,-2.6398,-6.3248
1,drinking,0.0813,0.2341,1.1257,16.5024,-2.4796,-6.2790
1,drinking,0.0769,0.2327,1.1252,16.3879,-2.2430,-6.0120
1,drinking,0.0771,0.2295,1.1255,16.6016,-1.9150,-5.9357
1,drinking,0.0720,0.2290,1.1296,16.5176,-1.5945,-5.8899
1,drinking,0.0676,0.2271,1.1316,16.3574,-1.6556,-5.7755
1,drinking,0.0703,0.2229,1.1289,16.1972,-1.6403,-5.7755
1,drinking,0.0693,0.2258,1.1306,16.1057,-1.6022,-5.9204
1,drinking,0.0662,0.2261,1.1309,16.0828,-1.5411,-6.0959
1,drinking,0.0630,0.2241,1.1321,16.0980,-1.5335,-6.2485
1,drinking,0.0664,0.2278,1.1333,16.3040,-1.5564,-6.2561
1,drinking,0.0654,0.2256,1.1372,16.3193,-1.5640,-6.4087
1,drinking,0.0696,0.2246,1.1389,16.3879,-1.5411,-6.4621
1,drinking,0.0771,0.2300,1.1418,16.4261,-1.5030,-6.5994
1,drinking,0.0776,0.2297,1.1477,16.5710,-1.4267,-6.6757
1,drinking,0.0735,0.2312,1.1475,16.7542,-1.6022,-6.8359
1,drinking,0.0803,0.2300,1.1433,16.7694,-1.6403,-6.9809
1,drinking,0.0813,0.2393,1.1384,16.7313,-1.5106,-6.9351
1,drinking,0.0767,0.2358,1.1284,16.7236,-1.4572,-6.8436
1,drinking,0.0720,0.2361,1.1367,16.8533,-1.5411,-6.9199
1,drinking,0.0730,0.2290,1.1399,16.9144,-1.4648,-6.9809
1,drinking,0.0791,0.2278,1.1436,17.0364,-1.2970,-7.1182
1,drinking,0.0789,0.2317,1.1353,17.1814,-1.2512,-7.3471
1,drinking,0.0737,0.2322,1.1301,17.3264,-1.2436,-7.5302
1,drinking,0.0693,0.2305,1.1350,17.6544,-1.1063,-7.5836
1,drinking,0.0742,0.2356,1.1362,17.9825,-0.8469,-7.4081
1,drinking,0.0745,0.2383,1.1379,18.0664,-0.6561,-7.4615
1,drinking,0.0654,0.2361,1.1311,18.1427,-0.4120,-7.5302
1,drinking,0.0730,0.2390,1.1384,18.2343,-0.3204,-7.5607
1,drinking,0.0713,0.2405,1.1375,18.6615,-0.1831,-7.5226
1,drinking,0.0745,0.2378,1.1343,18.9590,-0.0305,-7.4463
1,drinking,0.0764,0.2407,1.1338,18.9743,0.1450,-7.3776
1,drinking,0.0779,0.2422,1.1343,19.0659,0.3204,-7.2708
1,drinking,0.0779,0.2478,1.1309,19.4702,0.6104,-7.2479
1,drinking,0.0740,0.2456,1.1306,19.6457,0.7172,-7.2250
1,drinking,0.0686,0.2471,1.1394,19.7601,0.7401,-7.2174
1,drinking,0.0691,0.2473,1.1365,19.9280,0.8240,-6.9733
1,drinking,0.0710,0.2466,1.1377,20.2713,0.7324,-7.1030
1,drinking,0.0652,0.2493,1.1423,20.6070,0.5798,-7.3166
1,drinking,0.0635,0.2522,1.1411,20.7672,0.4425,-7.5302
1,drinking,0.0713,0.2537,1.1362,20.8588,0.3967,-7.6065
1,drinking,0.0669,0.2498,1.1348,20.9427,0.3586,-7.4005
1,drinking,0.0676,0.2539,1.1296,21.2402,0.0381,-7.3166
1,drinking,0.0642,0.2573,1.1323,21.3165,-0.0916,-7.3242
1,drinking,0.0620,0.2556,1.1384,21.4462,-0.0305,-7.3547
1,drinking,0.0618,0.2612,1.1392,21.6217,0.2670,-7.2861
1,drinking,0.0618,0.2649,1.1340,21.8964,0.5035,-7.1106
1,drinking,0.0647,0.2617,1.1270,22.2855,0.5493,-7.0572
1,drinking,0.0659,0.2588,1.1240,22.5143,0.7248,-7.0496
1,drinking,0.0652,0.2563,1.1318,22.5601,0.7477,-6.8436
1,drinking,0.0657,0.2644,1.1328,22.8195,0.6104,-6.4087
1,drinking,0.0686,0.2568,1.1375,23.0255,0.7858,-6.3629
1,drinking,0.0618,0.2563,1.1340,23.2239,0.9384,-6.4774
1,drinking,0.0579,0.2559,1.1399,23.4985,1.1368,-6.5079
1,drinking,0.0601,0.2563,1.1421,23.9258,1.0071,-6.4316
1,drinking,0.0625,0.2583,1.1455,24.2920,0.9155,-6.2027
1,drinking,0.0610,0.2559,1.1448,24.4446,1.0834,-6.3705
1,drinking,0.0605,0.2573,1.1458,24.7345,1.1063,-6.4697
1,drinking,0.0596,0.2590,1.1543,24.8795,0.8316,-6.5842
1,drinking,0.0576,0.2617,1.1519,24.9405,0.6638,-6.6757
1,drinking,0.0559,0.2610,1.1633,25.0320,0.4654,-6.5155
1,drinking,0.0542,0.2642,1.1526,24.9786,0.2518,-6.6528
1,drinking,0.0479,0.2664,1.1492,24.9405,0.0534,-6.9199
1,drinking,0.0537,0.2686,1.1523,25.0473,-0.1984,-6.9580
1,drinking,0.0535,0.2727,1.1636,24.9786,-0.5646,-7.0343
1,drinking,0.0537,0.2727,1.1619,24.8947,-0.9155,-7.1335
1,drinking,0.0583,0.2742,1.1499,24.8413,-0.9384,-7.2632
1,drinking,0.0564,0.2737,1.1504,24.6735,-1.0147,-7.2021
1,drinking,0.0591,0.2737,1.1460,24.4522,-1.4420,-7.1945
1,drinking,0.0610,0.2722,1.1445,24.2615,-1.7014,-7.2250
1,drinking,0.0593,0.2759,1.1482,24.0631,-1.8768,-7.2556
1,drinking,0.0583,0.2720,1.1492,24.0021,-1.9913,-7.2327
1,drinking,0.0537,0.2734,1.1467,24.0250,-2.1744,-7.3013
1,drinking,0.0491,0.2756,1.1509,24.1089,-2.3422,-7.3624
1,drinking,0.0520,0.2756,1.1472,24.0631,-2.2736,-7.1793
1,drinking,0.0483,0.2805,1.1536,23.8419,-2.3422,-6.9580
1,drinking,0.0471,0.2771,1.1514,23.7503,-2.6016,-7.0038
1,drinking,0.0505,0.2773,1.1426,23.8571,-2.6474,-7.0877
1,drinking,0.0508,0.2783,1.1477,23.8113,-2.7542,-7.2327
1,drinking,0.0549,0.2776,1.1477,23.7198,-3.0060,-7.4158
1,drinking,0.0549,0.2793,1.1487,23.5291,-3.3569,-7.5836
1,drinking,0.0515,0.2798,1.1477,23.3536,-3.4637,-7.6218
1,drinking,0.0488,0.2878,1.1431,23.5138,-3.7003,-7.6981
1,drinking,0.0488,0.2849,1.1472,23.4756,-3.9368,-7.8125
1,drinking,0.0508,0.2871,1.1492,23.2849,-4.0817,-7.9575
1,drinking,0.0479,0.2896,1.1414,23.1476,-4.2496,-7.7286
1,drinking,0.0513,0.2859,1.1421,23.0942,-4.5090,-7.7133
1,drinking,0.0557,0.2903,1.1382,23.0331,-4.7302,-7.6981
1,drinking,0.0601,0.2935,1.1304,22.9187,-4.8676,-7.6675
1,drinking,0.0583,0.2908,1.1313,22.8271,-4.8981,-7.6447
1,drinking,0.0581,0.2864,1.1196,22.5372,-4.8065,-7.5912
1,drinking,0.0603,0.2837,1.1243,22.3007,-4.8752,-7.5989
1,drinking,0.0603,0.2874,1.1313,22.3618,-4.8294,-7.3547
1,drinking,0.0547,0.2830,1.1257,22.5449,-4.7989,-7.3929
1,drinking,0.0564,0.2783,1.1243,22.6135,-4.9057,-7.4310
1,drinking,0.0515,0.2808,1.1262,22.6364,-4.9896,-7.4615
1,drinking,0.0542,0.2805,1.1318,22.5677,-5.0659,-7.4615
1,drinking,0.0518,0.2815,1.1355,22.4762,-5.1193,-7.5150
1,drinking,0.0532,0.2844,1.1262,22.6135,-5.0888,-7.3929
1,drinking,0.0537,0.2866,1.1240,22.7661,-5.1575,-7.5073
1,drinking,0.0581,0.2842,1.1182,22.7890,-5.1041,-7.5150
1,drinking,0.0569,0.2881,1.1223,22.8653,-5.1575,-7.6294
1,drinking,0.0588,0.2888,1.1230,22.9568,-5.3177,-7.6675
1,drinking,0.0542,0.2864,1.1243,23.1018,-5.4092,-7.6828
1,drinking,0.0574,0.2881,1.1216,23.1628,-5.2109,-7.5607
1,drinking,0.0562,0.2842,1.1182,23.4070,-5.0430,-7.6065
1,drinking,0.0583,0.2817,1.1160,23.6893,-4.9438,-7.7057
1,drinking,0.0566,0.2883,1.1140,23.9029,-4.9286,-7.6828
1,drinking,0.0557,0.2891,1.1091,23.8876,-4.9286,-7.6218
1,drinking,0.0576,0.2905,1.1104,23.8190,-4.8065,-7.5607
1,drinking,0.0620,0.2913,1.1157,24.0631,-4.7836,-7.5378
1,drinking,0.0571,0.2878,1.1157,24.1699,-4.5624,-7.4615
1,drinking,0.0605,0.2905,1.1204,24.1852,-4.4861,-7.6675
1,drinking,0.0598,0.2905,1.1152,24.2996,-4.3411,-7.5912
1,drinking,0.0557,0.2908,1.1111,24.2920,-4.2801,-7.5073
1,drinking,0.0562,0.2815,1.1111,24.2691,-4.1275,-7.5912
1,drinking,0.0540,0.2900,1.1160,24.4217,-3.9673,-7.6904
1,drinking,0.0481,0.2856,1.1194,24.4980,-3.7689,-7.6675
1,drinking,0.0549,0.2864,1.1152,24.3912,-3.6774,-7.6141
1,drinking,0.0510,0.2805,1.1130,24.3988,-3.5477,-7.6218
1,drinking,0.0613,0.2776,1.1213,24.4598,-3.3798,-7.7209
1,drinking,0.0508,0.2803,1.1179,24.3530,-3.4561,-7.7133
1,drinking,0.0513,0.2817,1.1206,24.3607,-3.6011,-7.6981
1,drinking,0.0532,0.2834,1.1245,24.3912,-3.5095,-7.7209
1,drinking,0.0525,0.2778,1.1235,24.5590,-3.5629,-7.8354
1,drinking,0.0518,0.2827,1.1196,24.5514,-3.5706,-7.9727
1,drinking,0.0476,0.2893,1.1174,24.5056,-3.3722,-7.9956
1,drinking,0.0410,0.2886,1.1294,24.6429,-3.1738,-8.0414
1,drinking,0.0520,0.2859,1.1245,24.8489,-3.0441,-8.2092
1,drinking,0.0515,0.2874,1.1199,24.8947,-2.8763,-8.1863
1,drinking,0.0530,0.2900,1.1138,24.8947,-2.7542,-8.1482
1,drinking,0.0527,0.2876,1.1145,25.1541,-2.8763,-8.2474
1,drinking,0.0525,0.2859,1.1238,25.1694,-3.0746,-8.2397
1,drinking,0.0537,0.2849,1.1250,25.1389,-3.2425,-8.1635
1,drinking,0.0535,0.2920,1.1230,25.2991,-3.3951,-8.2779
1,drinking,0.0576,0.2920,1.1245,25.2151,-3.3569,-8.2855
1,drinking,0.0610,0.2883,1.1292,25.1389,-3.4714,-8.2626
1,drinking,0.0566,0.2881,1.1135,25.3220,-3.4561,-8.2703
1,drinking,0.0535,0.2849,1.1128,25.6042,-3.3035,-8.2703
1,drinking,0.0571,0.2861,1.1199,25.9857,-3.0746,-8.2092
1,drinking,0.0527,0.2849,1.1230,26.2604,-2.6855,-8.2550
1,drinking,0.0527,0.2817,1.1223,26.5808,-2.3346,-8.4000
1,drinking,0.0535,0.2864,1.1169,26.9165,-1.9836,-8.3084
1,drinking,0.0532,0.2917,1.1135,27.2293,-1.8845,-8.4991
1,drinking,0.0542,0.2874,1.1111,27.3438,-1.5717,-8.6441
1,drinking,0.0579,0.2908,1.1160,27.5116,-1.3733,-8.5602
1,drinking,0.0596,0.2979,1.1274,27.8549,-1.2054,-8.5373
1,drinking,0.0596,0.2981,1.1355,28.1830,-1.3351,-8.4305
1,drinking,0.0540,0.2947,1.1262,28.5416,-1.5564,-8.4915
1,drinking,0.0510,0.2932,1.1294,28.7704,-1.7090,-8.3389
1,drinking,0.0593,0.2954,1.1294,29.1443,-1.8005,-8.2779
1,drinking,0.0552,0.2932,1.1384,29.5868,-2.1057,-8.2626
1,drinking,0.0403,0.2961,1.1367,29.9225,-2.3651,-8.3771
1,drinking,0.0488,0.2920,1.1299,30.0751,-2.5558,-8.2397
1,drinking,0.0557,0.2908,1.1375,30.2582,-2.8152,-8.2169
1,drinking,0.0559,0.2817,1.1431,30.5862,-2.7618,-8.2474
1,drinking,0.0535,0.2908,1.1462,31.0211,-3.0365,-8.3084
1,drinking,0.0564,0.2864,1.1357,31.4407,-3.3569,-8.4229
1,drinking,0.0559,0.2871,1.1370,31.7535,-3.3951,-8.6136
1,drinking,0.0593,0.2878,1.1189,32.0358,-3.1433,-8.7280
1,drinking,0.0630,0.2876,1.1194,32.3868,-3.2349,-8.4686
1,drinking,0.0581,0.2939,1.1196,33.0048,-2.7771,-8.3694
1,drinking,0.0566,0.3010,1.1111,33.2184,-2.7084,-8.6212
1,drinking,0.0706,0.2979,1.1121,33.3939,-2.6169,-8.7891
1,drinking,0.0540,0.3032,1.1221,33.7448,-2.6321,-8.8348
1,drinking,0.0654,0.3049,1.1003,34.1492,-2.7924,-8.8654
1,drinking,0.0623,0.3062,1.1025,34.4009,-2.7847,-8.6212
1,drinking,0.0571,0.3083,1.1077,34.6527,-2.7924,-8.5068
1,drinking,0.0623,0.3071,1.1057,34.9121,-2.7924,-8.5144
1,drinking,0.0603,0.3079,1.1096,35.1257,-2.7313,-8.3923
1,drinking,0.0598,0.3149,1.1067,35.2707,-2.8915,-8.4915
1,drinking,0.0662,0.3071,1.1094,35.6522,-3.0899,-8.6899
1,drinking,0.0630,0.3118,1.1138,36.0489,-3.1815,-8.7051
1,drinking,0.0601,0.3115,1.1047,36.3007,-3.3340,-8.5602
1,drinking,0.0640,0.3145,1.1091,36.5524,-3.4180,-8.3694
1,drinking,0.0625,0.3215,1.1150,36.8576,-3.2120,-8.3389
1,drinking,0.0691,0.3152,1.0952,37.0789,-3.2883,-8.2626
1,drinking,0.0554,0.3159,1.1077,37.2696,-3.5400,-8.0795
1,drinking,0.0503,0.3140,1.1042,37.4374,-3.5782,-8.0795
1,drinking,0.0603,0.3171,1.0977,37.5443,-3.6240,-7.9651
1,drinking,0.0571,0.3125,1.1003,37.5671,-3.5400,-7.7362
1,drinking,0.0527,0.3193,1.0972,37.8265,-3.5095,-7.7286
1,drinking,0.0542,0.3103,1.0994,38.2462,-3.6392,-7.9269
1,drinking,0.0518,0.3071,1.1055,38.6200,-3.7689,-7.9498
1,drinking,0.0586,0.3035,1.1045,38.7802,-3.5629,-7.9575
1,drinking,0.0647,0.2993,1.0979,39.0091,-3.3646,-8.0566
1,drinking,0.0681,0.2947,1.1045,39.2685,-3.3569,-8.5144
1,drinking,0.0818,0.2966,1.0972,39.3829,-3.4409,-8.9951
1,drinking,0.0696,0.2979,1.0984,39.7263,-3.5706,-9.4223
1,drinking,0.0786,0.3022,1.0952,40.0391,-3.4943,-9.6512
1,drinking,0.0823,0.3081,1.0989,40.2527,-3.1204,-9.6207
1,drinking,0.0771,0.3064,1.0916,40.7639,-2.8229,-9.4299
1,drinking,0.0774,0.3110,1.0859,41.1530,-2.7695,-9.3002
1,drinking,0.0735,0.3167,1.1016,41.6031,-2.6398,-9.2010
1,drinking,0.0659,0.3210,1.0935,42.1677,-2.4719,-9.0332
1,drinking,0.0635,0.3225,1.0911,42.8162,-2.3575,-8.8959
1,drinking,0.0679,0.3235,1.0964,43.0756,-2.2507,-8.5754
1,drinking,0.0627,0.3271,1.1018,43.1213,-2.5406,-8.4686
1,drinking,0.0654,0.3206,1.1023,43.1290,-2.3880,-8.6746
1,drinking,0.0647,0.3271,1.0898,43.5944,-2.4872,-8.4076
1,drinking,0.0447,0.3381,1.1074,44.0140,-2.5253,-7.8201
1,drinking,0.0471,0.3430,1.1033,44.1895,-2.7008,-7.4844
1,drinking,0.0554,0.3411,1.0898,43.9072,-2.9526,-7.5226
1,drinking,0.0598,0.3262,1.0889,43.7546,-3.1738,-7.9422
1,drinking,0.0642,0.3271,1.0896,43.8766,-3.5400,-8.3084
1,drinking,0.0625,0.3247,1.0918,43.9835,-3.7231,-8.6899
1,drinking,0.0659,0.3115,1.0920,44.2429,-3.5706,-8.9569
1,drinking,0.0657,0.3206,1.0967,44.6320,-3.5858,-9.0027
1,drinking,0.0637,0.3240,1.1011,45.0897,-3.5782,-9.2163
1,drinking,0.0701,0.3198,1.0935,45.0592,-3.5095,-9.4299
1,drinking,0.0740,0.3213,1.0815,45.0058,-3.1815,-9.6970
1,drinking,0.0688,0.3235,1.0874,45.0668,-2.7237,-9.9335
1,drinking,0.0750,0.3245,1.0864,45.1126,-2.4338,-10.0784
1,drinking,0.0701,0.3301,1.0864,45.1431,-2.2125,-10.0098
1,drinking,0.0679,0.3396,1.0762,45.1431,-1.9226,-9.6512
1,drinking,0.0742,0.3452,1.0745,44.9600,-1.6098,-9.3918
1,drinking,0.0635,0.3467,1.0774,44.8227,-1.3351,-9.0408
1,drinking,0.0583,0.3503,1.0884,44.7159,-1.2894,-8.7357
1,drinking,0.0520,0.3486,1.0894,44.6777,-1.2970,-8.5526
1,drinking,0.0471,0.3499,1.0896,44.3802,-1.2894,-8.3923
1,drinking,0.0491,0.3457,1.0881,44.0674,-1.4725,-8.2397
1,drinking,0.0498,0.3450,1.0969,43.9072,-1.6479,-8.3237
1,drinking,0.0542,0.3447,1.1018,43.8309,-1.9684,-8.4839
1,drinking,0.0559,0.3464,1.1021,43.9911,-2.3804,-8.3923
1,drinking,0.0547,0.3496,1.1033,44.0750,-2.6627,-8.4000
1,drinking,0.0547,0.3552,1.1045,44.0674,-2.5482,-8.5144
1,drinking,0.0613,0.3538,1.1055,44.1132,-2.8610,-8.4763
1,drinking,0.0579,0.3535,1.1074,43.8461,-3.2578,-8.3466
1,drinking,0.0632,0.3569,1.1055,43.6859,-3.4027,-8.4229
1,drinking,0.0693,0.3569,1.1130,43.6401,-3.3722,-8.6365
1,drinking,0.0676,0.3604,1.1130,43.5104,-3.2730,-8.8348
1,drinking,0.0657,0.3589,1.1069,43.1671,-3.2425,-8.7814
1,drinking,0.0610,0.3579,1.0999,42.7246,-3.2654,-8.9264
1,drinking,0.0654,0.3579,1.0984,42.4271,-3.2883,-9.1476
1,drinking,0.0581,0.3557,1.1018,42.0303,-3.4256,-9.2239
1,drinking,0.0552,0.3567,1.1050,41.7404,-3.3188,-9.2545
1,drinking,0.0566,0.3606,1.1055,41.3895,-3.6163,-9.3384
1,drinking,0.0513,0.3562,1.1011,40.9851,-3.7994,-9.4528
1,drinking,0.0515,0.3604,1.1001,40.5121,-3.8071,-9.5749
1,drinking,0.0554,0.3586,1.0999,40.0696,-3.9215,-9.7656
1,drinking,0.0547,0.3594,1.1030,39.6500,-4.0359,-9.9716
1,drinking,0.0601,0.3582,1.0977,39.4135,-4.1199,-10.0098
1,drinking,0.0554,0.3596,1.0950,39.1083,-4.1199,-10.1624
1,drinking,0.0564,0.3635,1.0974,38.8107,-4.1428,-9.8953
1,drinking,0.0591,0.3635,1.0938,38.5895,-3.9673,-9.7504
1,drinking,0.0630,0.3591,1.1003,38.3148,-4.1885,-9.7427
1,drinking,0.0620,0.3635,1.0991,38.0707,-4.4250,-9.9411
1,drinking,0.0615,0.3579,1.1018,38.0707,-4.6616,-10.0861
1,drinking,0.0637,0.3542,1.0981,38.0707,-4.8981,-10.2768
1,drinking,0.0559,0.3560,1.0901,37.8876,-5.1193,-10.4294
1,drinking,0.0608,0.3596,1.1033,37.6511,-5.2032,-10.5438
1,drinking,0.0559,0.3647,1.1023,37.5977,-5.5466,-10.6125
1,drinking,0.0615,0.3691,1.0991,37.5977,-5.7449,-10.6049
1,drinking,0.0620,0.3669,1.0925,37.6205,-5.7678,-10.8032
1,drinking,0.0576,0.3623,1.0862,37.5824,-5.8823,-10.8032
1,drinking,0.0588,0.3596,1.0984,37.5824,-5.8060,-10.8490
1,drinking,0.0640,0.3667,1.0906,37.7274,-5.6763,-10.7956
1,drinking,0.0657,0.3699,1.0974,37.7808,-5.6534,-10.6735
1,drinking,0.0657,0.3706,1.0989,38.0020,-5.6229,-10.6964
1,drinking,0.0698,0.3679,1.0854,38.1546,-5.5008,-10.7498
1,drinking,0.0652,0.3682,1.0920,38.3759,-5.4245,-10.6888
1,drinking,0.0640,0.3672,1.0813,38.5742,-5.4398,-10.7574
1,drinking,0.0647,0.3586,1.0771,38.7497,-5.2185,-10.9863
1,drinking,0.0667,0.3594,1.0781,39.2075,-5.3253,-10.9406
1,drinking,0.0676,0.3635,1.0859,39.4897,-5.3787,-11.0016
1,drinking,0.0664,0.3650,1.0850,39.6500,-5.4016,-11.0779
1,drinking,0.0640,0.3628,1.0820,39.9399,-5.6915,-11.2152
1,drinking,0.0625,0.3623,1.0776,40.3137,-5.7068,-11.2534
1,drinking,0.0657,0.3594,1.0786,40.6647,-5.6992,-11.2915
1,drinking,0.0684,0.3665,1.0703,40.8325,-5.5695,-11.2839
1,drinking,0.0662,0.3682,1.0752,41.0767,-5.3940,-11.1694
1,drinking,0.0659,0.3613,1.0718,41.3818,-5.3177,-11.2305
1,drinking,0.0708,0.3589,1.0671,41.7480,-5.3024,-11.3831
1,drinking,0.0676,0.3657,1.0667,42.1066,-5.3024,-11.3144
1,drinking,0.0684,0.3652,1.0645,42.5415,-5.1880,-11.2152
1,drinking,0.0671,0.3716,1.0647,42.7704,-4.9133,-11.1771
1,drinking,0.0693,0.3713,1.0637,42.9916,-4.7760,-11.0703
1,drinking,0.0693,0.3704,1.0576,43.3121,-4.6692,-11.0626
1,drinking,0.0742,0.3657,1.0574,43.6859,-4.4556,-11.1160
1,drinking,0.0784,0.3682,1.0598,44.0369,-4.4022,-11.1618
1,drinking,0.0759,0.3711,1.0552,44.4260,-4.3564,-11.1542
1,drinking,0.0730,0.3643,1.0547,44.7388,-4.3793,-11.1923
1,drinking,0.0710,0.3748,1.0527,44.9371,-4.2038,-11.3449
1,drinking,0.0676,0.3745,1.0503,45.3110,-3.7842,-11.4212
1,drinking,0.0696,0.3723,1.0562,45.6543,-3.7460,-11.3144
1,drinking,0.0728,0.3738,1.0518,46.0663,-3.7537,-11.3068
1,drinking,0.0725,0.3708,1.0471,46.3257,-3.6774,-11.4517
1,drinking,0.0706,0.3743,1.0515,46.6156,-3.5706,-11.3297
1,drinking,0.0732,0.3774,1.0576,47.0276,-3.3417,-11.3373
1,drinking,0.0713,0.3735,1.0596,47.2794,-3.1204,-11.2076
1,drinking,0.0720,0.3784,1.0569,47.4548,-3.0060,-11.2686
1,drinking,0.0686,0.3813,1.0510,47.7448,-2.8763,-11.3525
1,drinking,0.0715,0.3792,1.0525,47.9050,-2.7008,-11.1313
1,drinking,0.0684,0.3840,1.0493,48.2178,-2.5635,-11.0626
1,drinking,0.0718,0.3806,1.0496,48.4695,-2.5330,-11.1847
1,drinking,0.0701,0.3833,1.0579,48.6984,-2.5864,-11.0321
1,drinking,0.0759,0.3877,1.0474,49.1180,-2.5101,-10.9787
1,drinking,0.0747,0.3862,1.0493,49.5987,-2.4567,-10.9024
1,drinking,0.0767,0.3853,1.0422,49.9878,-2.3651,-10.8871
1,drinking,0.0752,0.3879,1.0510,50.3159,-2.2812,-10.9100
1,drinking,0.0735,0.3892,1.0505,50.6973,-2.1362,-10.9482
1,drinking,0.0762,0.3831,1.0405,50.9567,-2.0370,-10.9329
1,drinking,0.0698,0.3889,1.0452,51.1398,-2.0294,-10.9177
1,drinking,0.0759,0.3955,1.0432,51.2924,-2.0676,-10.8337
1,drinking,0.0703,0.3950,1.0344,51.5671,-1.9455,-10.7727
1,drinking,0.0779,0.3936,1.0325,51.7578,-1.9379,-10.9024
1,drinking,0.0691,0.3955,1.0291,51.8951,-1.7929,-10.8795
1,drinking,0.0693,0.4016,1.0259,52.0706,-1.6785,-10.8566
1,drinking,0.0762,0.3899,1.0293,52.1927,-1.5030,-10.9329
1,drinking,0.0754,0.3911,1.0317,52.1851,-1.5335,-11.0245
1,drinking,0.0750,0.3960,1.0388,52.2690,-1.5411,-10.9863
1,drinking,0.0671,0.4021,1.0334,52.3758,-1.4038,-10.8948
1,drinking,0.0645,0.3992,1.0330,52.5513,-1.0376,-10.8490
1,drinking,0.0649,0.4077,1.0305,52.4750,-0.8850,-10.9177
1,drinking,0.0686,0.4075,1.0273,52.5131,-0.9308,-10.9100
1,drinking,0.0625,0.4062,1.0264,52.6123,-0.8163,-10.8032
1,drinking,0.0649,0.4099,1.0291,52.7573,-0.7782,-10.7193
1,drinking,0.0725,0.4111,1.0229,52.7267,-0.8926,-11.0016
1,drinking,0.0737,0.4111,1.0251,52.6505,-0.9537,-10.9940
1,drinking,0.0713,0.4114,1.0312,52.7954,-1.0147,-10.9024
1,drinking,0.0688,0.4116,1.0281,52.9785,-0.8698,-10.8032
1,drinking,0.0688,0.4116,1.0188,52.8564,-0.7248,-10.9634
1,drinking,0.0671,0.4126,1.0156,52.9938,-0.7172,-10.9558
1,drinking,0.0647,0.4072,1.0283,53.0624,-0.8087,-10.8795
1,drinking,0.0657,0.4121,1.0291,53.2761,-0.8087,-10.7727
1,drinking,0.0713,0.4119,1.0256,53.4668,-0.6943,-10.8185
1,drinking,0.0671,0.4141,1.0305,53.5278,-0.5569,-10.8871
1,drinking,0.0698,0.4170,1.0215,53.5965,-0.3586,-11.1237
1,drinking,0.0649,0.4199,1.0156,53.4515,-0.2136,-11.1923
1,drinking,0.0662,0.4187,1.0132,53.2913,-0.1678,-11.1008
1,drinking,0.0710,0.4236,1.0229,53.3905,-0.1602,-11.0931
1,drinking,0.0693,0.4287,1.0273,53.3142,-0.1907,-11.1542
1,drinking,0.0725,0.4287,1.0190,53.3218,-0.2518,-11.1771
1,drinking,0.0752,0.4263,1.0137,53.3524,-0.1602,-11.1923
1,drinking,0.0693,0.4316,1.0166,53.0319,-0.0305,-11.4212
1,drinking,0.0647,0.4319,1.0225,52.6962,0.0229,-11.2915
1,drinking,0.0664,0.4355,1.0303,52.5970,0.0229,-11.2686
1,drinking,0.0642,0.4368,1.0339,52.5055,-0.0153,-11.2991
1,drinking,0.0632,0.4294,1.0237,52.5589,-0.2365,-11.3449
1,drinking,0.0706,0.4341,1.0239,52.3529,-0.4654,-11.3297
1,drinking,0.0654,0.4348,1.0305,52.0630,-0.4730,-11.2152
1,drinking,0.0593,0.4302,1.0254,51.6663,-0.6027,-11.4212
1,drinking,0.0586,0.4316,1.0312,51.5976,-0.5493,-11.6730
1,drinking,0.0674,0.4329,1.0334,51.3687,-0.7477,-11.7569
1,drinking,0.0674,0.4280,1.0330,51.3306,-1.0986,-11.8179
1,drinking,0.0601,0.4246,1.0283,51.2390,-1.3351,-11.8561
1,drinking,0.0627,0.4282,1.0310,51.2085,-1.4191,-11.8561
1,drinking,0.0647,0.4331,1.0244,51.0864,-1.5182,-12.0239
1,drinking,0.0620,0.4324,1.0249,50.6973,-1.6556,-12.2147
1,drinking,0.0603,0.4331,1.0286,50.4684,-1.6861,-12.3367
1,drinking,0.0605,0.4319,1.0183,50.4303,-1.5793,-12.4969
1,drinking,0.0601,0.4314,1.0127,50.3540,-1.6861,-12.5504
1,drinking,0.0645,0.4316,1.0215,50.3235,-1.8539,-12.6266
1,drinking,0.0674,0.4358,1.0205,50.3922,-1.8692,-12.6724
1,drinking,0.0669,0.4341,1.0200,50.1480,-1.7624,-12.8479
1,drinking,0.0657,0.4409,1.0205,49.9954,-1.7471,-12.9089
1,drinking,0.0615,0.4434,1.0120,49.9725,-1.7395,-13.0081
1,drinking,0.0669,0.4429,1.0071,49.9039,-1.8005,-12.9166
1,drinking,0.0679,0.4368,1.0139,49.8886,-1.7471,-13.0844
1,drinking,0.0623,0.4382,1.0107,49.9115,-1.7471,-13.1531
1,drinking,0.0623,0.4412,1.0168,49.7894,-1.7166,-13.2370
1,drinking,0.0593,0.4480,1.0125,49.7513,-1.6098,-13.3057
1,drinking,0.0608,0.4470,1.0110,49.6979,-1.8845,-13.3133
1,drinking,0.0659,0.4431,1.0142,49.5453,-2.1591,-13.4430
1,drinking,0.0618,0.4424,1.0095,49.4461,-2.0981,-13.3896
1,drinking,0.0598,0.4453,1.0112,49.2783,-2.1591,-13.4048
1,drinking,0.0530,0.4446,1.0146,49.4385,-2.1744,-13.4125
1,drinking,0.0562,0.4495,1.0234,49.6216,-2.4567,-13.4888
1,drinking,0.0562,0.4399,1.0203,49.4690,-2.5330,-13.3896
1,drinking,0.0544,0.4448,1.0208,49.4614,-2.5711,-13.2523
1,drinking,0.0579,0.4465,1.0110,49.5682,-2.4796,-13.2523
1,drinking,0.0603,0.4482,1.0042,49.5529,-2.5406,-13.2828
1,drinking,0.0610,0.4492,1.0142,49.7665,-2.6779,-13.1302
1,drinking,0.0588,0.4487,1.0103,50.0336,-2.7237,-13.0768
1,drinking,0.0559,0.4438,1.0146,50.2243,-2.7695,-13.2370
1,drinking,0.0544,0.4502,1.0176,50.4608,-2.7924,-13.1531
1,drinking,0.0613,0.4480,1.0120,50.7660,-2.7161,-13.0157
1,drinking,0.0596,0.4539,1.0127,51.0254,-2.9678,-12.8937
1,drinking,0.0569,0.4465,1.0068,51.3535,-3.0975,-12.9471
1,drinking,0.0615,0.4531,1.0049,51.6739,-3.1586,-13.0005
1,drinking,0.0642,0.4465,1.0049,51.8112,-3.0899,-13.0997
1,drinking,0.0679,0.4463,1.0005,52.2232,-3.0975,-12.9623
1,drinking,0.0627,0.4487,1.0085,52.4979,-3.1052,-12.7640
1,drinking,0.0525,0.4465,1.0066,52.9404,-2.9144,-12.7411
1,drinking,0.0571,0.4475,1.0051,53.2227,-2.9602,-12.7106
1,drinking,0.0596,0.4531,0.9934,53.7033,-3.0899,-12.6877
1,drinking,0.0552,0.4568,0.9946,54.0466,-2.8687,-12.5656
1,drinking,0.0593,0.4546,1.0020,54.3442,-2.7390,-12.4817
1,drinking,0.0635,0.4619,0.9985,54.5959,-2.7084,-12.4054
1,drinking,0.0654,0.4612,0.9968,54.9164,-2.7008,-12.2452
1,drinking,0.0588,0.4653,0.9973,55.3131,-2.4719,-12.2681
1,drinking,0.0571,0.4661,0.9907,55.7404,-2.4872,-12.3138
1,drinking,0.0593,0.4688,0.9927,56.1523,-2.5101,-12.1536
1,drinking,0.0566,0.4683,0.9961,56.3736,-2.4872,-12.0087
1,drinking,0.0613,0.4712,0.9905,56.5872,-2.4643,-11.8637
1,drinking,0.0588,0.4773,0.9905,57.0450,-2.5482,-11.9171
1,drinking,0.0618,0.4753,0.9883,57.5104,-2.5864,-11.8561
1,drinking,0.0601,0.4790,0.9856,57.7011,-2.5406,-11.7264
1,drinking,0.0601,0.4846,0.9792,58.0368,-2.5711,-11.4059
1,drinking,0.0601,0.4805,0.9780,58.3191,-2.4414,-11.2610
1,drinking,0.0574,0.4832,0.9758,58.4564,-2.2583,-11.3602
1,drinking,0.0569,0.4875,0.9639,58.6395,-2.1439,-11.3373
1,drinking,0.0576,0.4905,0.9636,58.8379,-2.2125,-11.2076
1,drinking,0.0596,0.4868,0.9641,59.2346,-2.1973,-11.0168
1,drinking,0.0579,0.4868,0.9590,59.3033,-1.9226,-10.9863
1,drinking,0.0557,0.4895,0.9485,59.2957,-1.8158,-10.9558
1,drinking,0.0591,0.4866,0.9609,59.3796,-1.6022,-10.7651
1,drinking,0.0588,0.4871,0.9580,59.5703,-1.4496,-10.6049
1,drinking,0.0579,0.4915,0.9680,59.7458,-1.3275,-10.6201
1,drinking,0.0576,0.4949,0.9604,59.9442,-1.1749,-10.6583
1,drinking,0.0549,0.4956,0.9543,59.9823,-1.2512,-10.6964
1,drinking,0.0569,0.4973,0.9536,59.8602,-1.0529,-10.5057
1,drinking,0.0637,0.4973,0.9490,59.8297,-0.8469,-10.4980
1,drinking,0.0654,0.4968,0.9556,60.0128,-0.7553,-10.5286
1,drinking,0.0620,0.4973,0.9451,60.3333,-0.7553,-10.5667
1,drinking,0.0576,0.4985,0.9507,60.3256,-0.7324,-10.4294
1,drinking,0.0557,0.5002,0.9497,60.2798,-0.6866,-10.4065
1,drinking,0.0596,0.5027,0.9446,60.3333,-0.5722,-10.4904
1,drinking,0.0608,0.5017,0.9419,60.3943,-0.5112,-10.4141
1,drinking,0.0564,0.4990,0.9436,60.4706,-0.5417,-10.3531
1,drinking,0.0520,0.5005,0.9468,60.4935,-0.7248,-10.3302
1,drinking,0.0601,0.5017,0.9497,60.7300,-0.7935,-10.4370
1,drinking,0.0608,0.5046,0.9473,60.6918,-0.6638,-10.4904
1,drinking,0.0593,0.5051,0.9495,60.5469,-0.4883,-10.5438
1,drinking,0.0576,0.5022,0.9404,60.6079,-0.4196,-10.4675
1,drinking,0.0554,0.5017,0.9358,60.7758,-0.4501,-10.3073
1,drinking,0.0510,0.5049,0.9392,60.8063,-0.3738,-10.2921
1,drinking,0.0532,0.5112,0.9324,60.7452,-0.3738,-10.4294
1,drinking,0.0571,0.5076,0.9316,60.6155,-0.4196,-10.4599
1,drinking,0.0618,0.5024,0.9285,60.6384,-0.3204,-10.4141
1,drinking,0.0574,0.5042,0.9270,60.8444,-0.2441,-10.3531
1,drinking,0.0601,0.5137,0.9297,61.0580,0.0076,-10.5057
1,drinking,0.0579,0.5122,0.9338,60.9207,0.0153,-10.5820
1,drinking,0.0601,0.5100,0.9272,61.0046,-0.0381,-10.5972
1,drinking,0.0603,0.5122,0.9272,61.2640,-0.0534,-10.5286
1,drinking,0.0571,0.5146,0.9167,61.3403,-0.1221,-10.5591
1,drinking,0.0505,0.5186,0.9202,61.4548,-0.1755,-10.4370
1,drinking,0.0576,0.5198,0.9185,61.3327,-0.2670,-10.3455
1,drinking,0.0576,0.5234,0.9128,61.4090,-0.3281,-10.4523
1,drinking,0.0562,0.5251,0.9126,61.6379,-0.2823,-10.4980
1,drinking,0.0571,0.5208,0.9104,61.7905,-0.2899,-10.5743
1,drinking,0.0554,0.5244,0.9038,61.7371,-0.3357,-10.6354
1,drinking,0.0588,0.5293,0.9084,61.7599,-0.3510,-10.6201
1,drinking,0.0601,0.5298,0.9072,61.8134,-0.3815,-10.6049
1,drinking,0.0583,0.5300,0.8999,61.7371,-0.3738,-10.6354
1,drinking,0.0549,0.5325,0.9016,61.7447,-0.3738,-10.7269
1,drinking,0.0586,0.5398,0.8972,61.6226,-0.4501,-10.8185
1,drinking,0.0542,0.5374,0.8933,61.4319,-0.4501,-10.8185
1,drinking,0.0491,0.5420,0.8926,61.3327,-0.4883,-11.0016
1,drinking,0.0515,0.5413,0.9004,61.2640,-0.4654,-11.0397
1,drinking,0.0500,0.5425,0.8965,61.1191,-0.4272,-11.1084
1,drinking,0.0481,0.5488,0.8894,60.8444,-0.4578,-11.1237
1,drinking,0.0510,0.5469,0.8989,60.6613,-0.5341,-11.1465
1,drinking,0.0464,0.5481,0.8989,60.4630,-0.4272,-11.2000
1,drinking,0.0496,0.5525,0.8984,59.9670,-0.3357,-11.1771
1,drinking,0.0488,0.5557,0.8987,59.6848,-0.5264,-11.2839
1,drinking,0.0454,0.5549,0.8914,59.3719,-0.9155,-11.3297
1,drinking,0.0408,0.5564,0.8987,59.1660,-1.0071,-11.2000
1,drinking,0.0459,0.5610,0.9036,58.8303,-1.0376,-11.1618
1,drinking,0.0476,0.5728,0.8948,58.5327,-1.2131,-11.1847
1,drinking,0.0439,0.5671,0.9031,58.1055,-1.1978,-11.1160
1,drinking,0.0393,0.5710,0.8982,57.6248,-1.1749,-11.2305
1,drinking,0.0400,0.5759,0.9058,57.2205,-1.4801,-11.1160
1,drinking,0.0386,0.5784,0.9124,57.0831,-1.7014,-11.1313
1,drinking,0.0342,0.5759,0.9104,56.8695,-1.7853,-11.0779
1,drinking,0.0330,0.5776,0.9099,56.3507,-1.8921,-11.1237
1,drinking,0.0354,0.5818,0.9028,55.7098,-2.2812,-11.0931
1,drinking,0.0359,0.5806,0.9048,55.3818,-2.3651,-10.9863
1,drinking,0.0344,0.5806,0.9038,55.1147,-2.3956,-10.9787
1,drinking,0.0356,0.5774,0.8979,54.7333,-2.5406,-10.8719
1,drinking,0.0366,0.5784,0.9055,54.1992,-2.6627,-10.7803
1,drinking,0.0388,0.5854,0.9138,53.8101,-2.7618,-10.6125
1,drinking,0.0361,0.5840,0.9036,53.5126,-2.9068,-10.5286
1,drinking,0.0400,0.5808,0.8987,53.2837,-3.0365,-10.4752
1,drinking,0.0325,0.5818,0.9065,53.2837,-3.3035,-10.5667
1,drinking,0.0342,0.5791,0.9055,52.9480,-3.4637,-10.4523
1,drinking,0.0381,0.5823,0.9053,52.6581,-3.4790,-10.4218
1,drinking,0.0371,0.5847,0.9053,52.2232,-3.6087,-10.3149
1,drinking,0.0403,0.5798,0.9126,52.0325,-3.9368,-10.2158
1,drinking,0.0334,0.5811,0.9050,51.8646,-4.2496,-10.1700
1,drinking,0.0320,0.5806,0.9062,51.9791,-4.3640,-10.2310
1,drinking,0.0352,0.5798,0.8982,51.7578,-4.3411,-10.1471
1,drinking,0.0332,0.5852,0.9004,51.5213,-4.5395,-10.0708
1,drinking,0.0337,0.5818,0.8982,51.3229,-4.7073,-9.9564
1,drinking,0.0347,0.5793,0.8943,51.3000,-4.8752,-9.9335
1,drinking,0.0432,0.5825,0.8965,51.2390,-5.1270,-9.9869
1,drinking,0.0378,0.5879,0.9004,51.0635,-5.4016,-10.1318
1,drinking,0.0408,0.5847,0.8989,50.9872,-5.5542,-10.0021
1,drinking,0.0374,0.5869,0.9067,50.8652,-5.7602,-9.9640
1,drinking,0.0388,0.5840,0.9050,50.7278,-5.9204,-9.8801
1,drinking,0.0430,0.5881,0.9050,50.6973,-6.0883,-9.8495
1,drinking,0.0388,0.5886,0.9045,50.6592,-6.2027,-9.9869
1,drinking,0.0327,0.5908,0.9016,50.6973,-6.3705,-9.9564
1,drinking,0.0349,0.5955,0.8955,50.5295,-6.5613,-9.9030
1,drinking,0.0381,0.5977,0.8972,50.3464,-6.7215,-9.8877
1,drinking,0.0371,0.5964,0.8923,50.0946,-6.7444,-9.8953
1,drinking,0.0344,0.5930,0.8904,50.0488,-6.9885,-9.9487
1,drinking,0.0356,0.5918,0.8987,49.9496,-7.2937,-9.9716
1,drinking,0.0325,0.5920,0.8948,49.7589,-7.5989,-9.8495
1,drinking,0.0352,0.5911,0.8926,49.4003,-7.7591,-9.8114
1,drinking,0.0425,0.5918,0.8940,49.0646,-8.0566,-10.0098
1,drinking,0.0400,0.5935,0.8889,48.8663,-8.3923,-9.9792
1,drinking,0.0408,0.5894,0.8884,48.8281,-8.6212,-9.7504
1,drinking,0.0413,0.5811,0.8860,48.7442,-8.7051,-9.6283
1,drinking,0.0396,0.5879,0.8887,48.4924,-8.8043,-9.7122
1,drinking,0.0400,0.5933,0.8840,48.2483,-8.8272,-9.5139
1,drinking,0.0425,0.5920,0.8848,48.2483,-8.7814,-9.4910
1,drinking,0.0415,0.5901,0.8899,48.3398,-8.8120,-9.4986
1,drinking,0.0430,0.5903,0.8892,48.2559,-8.9569,-9.4147
1,drinking,0.0452,0.5933,0.8872,48.1033,-9.0561,-9.2850
1,drinking,0.0408,0.5891,0.8823,48.0728,-9.0332,-9.1934
1,drinking,0.0403,0.5894,0.8855,48.0728,-8.9111,-9.2010
1,drinking,0.0400,0.5920,0.8799,48.1491,-8.7585,-9.3231
1,drinking,0.0435,0.5906,0.8770,48.0576,-8.8272,-9.2697
1,drinking,0.0471,0.5879,0.8840,47.8897,-8.9798,-9.1324
1,drinking,0.0535,0.5847,0.8848,47.8058,-9.0790,-9.0637
1,drinking,0.0571,0.5881,0.8782,47.7295,-8.9493,-9.0637
1,drinking,0.0518,0.5933,0.8853,47.8516,-8.9951,-9.1705
1,drinking,0.0488,0.5913,0.8882,48.1339,-9.0485,-9.1400
1,drinking,0.0488,0.5896,0.8818,48.1415,-9.1171,-8.9264
1,drinking,0.0544,0.5894,0.8762,48.0881,-9.1858,-8.7357
1,drinking,0.0598,0.5942,0.8853,48.0804,-9.0942,-8.6212
1,drinking,0.0554,0.5903,0.8875,48.1262,-9.2926,-8.7738
1,drinking,0.0569,0.5820,0.8792,48.1186,-9.3231,-8.8501
1,drinking,0.0627,0.5903,0.8721,48.2407,-9.3536,-8.6670
1,drinking,0.0657,0.5908,0.8748,48.3017,-9.3384,-8.5983
1,drinking,0.0559,0.5898,0.8767,48.4161,-9.1248,-8.5907
1,drinking,0.0549,0.5906,0.8801,48.6069,-9.0256,-8.5220
1,drinking,0.0601,0.5884,0.8728,48.7518,-9.1095,-8.5678
1,drinking,0.0608,0.5896,0.8652,49.0189,-9.0714,-8.5831
1,drinking,0.0642,0.5906,0.8657,49.0723,-8.8272,-8.4686
1,drinking,0.0627,0.5918,0.8596,49.1486,-8.5602,-8.4610
1,drinking,0.0640,0.5903,0.8628,49.2554,-8.4076,-8.5449
1,drinking,0.0664,0.5940,0.8599,49.3317,-8.2932,-8.6594
1,drinking,0.0671,0.5896,0.8506,49.5224,-7.9803,-8.5831
1,drinking,0.0671,0.5876,0.8523,49.7055,-7.7820,-8.5297
1,drinking,0.0706,0.5879,0.8569,49.8734,-7.8888,-8.6136
1,drinking,0.0706,0.5940,0.8535,50.0031,-7.6447,-8.6136
1,drinking,0.0691,0.5916,0.8499,50.1328,-7.2784,-8.5373
1,drinking,0.0728,0.5942,0.8511,50.2701,-7.0648,-8.5907
1,drinking,0.0669,0.5916,0.8552,50.4761,-7.0648,-8.6212
1,drinking,0.0635,0.5928,0.8547,50.7660,-6.8283,-8.6441
1,drinking,0.0664,0.5945,0.8535,50.7812,-6.4850,-8.6517
1,drinking,0.0686,0.5935,0.8489,50.8194,-6.2714,-8.4686
1,drinking,0.0667,0.5986,0.8594,50.9338,-6.0654,-8.3847
1,drinking,0.0664,0.6008,0.8516,51.1017,-5.7831,-8.4991
1,drinking,0.0679,0.6006,0.8528,51.2695,-5.7220,-8.4381
1,drinking,0.0642,0.6001,0.8586,51.3992,-5.6610,-8.5220
1,drinking,0.0630,0.6018,0.8555,51.4069,-5.6458,-8.4915
1,drinking,0.0688,0.6038,0.8530,51.4679,-5.3329,-8.5526
1,drinking,0.0713,0.6045,0.8572,51.5366,-5.0507,-8.5602
1,drinking,0.0715,0.6111,0.8562,51.6739,-4.8981,-8.5831
1,drinking,0.0679,0.6104,0.8560,51.7197,-4.7684,-8.5754
1,drinking,0.0623,0.6111,0.8547,51.7654,-4.4479,-8.3313
1,drinking,0.0649,0.6133,0.8472,51.8875,-4.2648,-8.2016
1,drinking,0.0710,0.6130,0.8418,51.9562,-4.3640,-8.1253
1,drinking,0.0667,0.6174,0.8486,51.9104,-4.0817,-8.1711
1,drinking,0.0664,0.6179,0.8494,51.9638,-3.7613,-8.1635
1,drinking,0.0662,0.6182,0.8440,52.0096,-3.5553,-8.0414
1,drinking,0.0640,0.6150,0.8394,52.0706,-3.5553,-7.9651
1,drinking,0.0679,0.6152,0.8425,52.2385,-3.4866,-8.0643
1,drinking,0.0645,0.6177,0.8494,52.2995,-3.3035,-7.9498
1,drinking,0.0608,0.6194,0.8423,52.3529,-3.1815,-7.8278
1,drinking,0.0681,0.6194,0.8394,52.3529,-3.1509,-7.8430
1,drinking,0.0637,0.6182,0.8547,52.1851,-3.1815,-7.8506
1,drinking,0.0574,0.6194,0.8540,52.2995,-3.1357,-7.8964
1,drinking,0.0642,0.6233,0.8501,52.3071,-3.1815,-7.7667
1,drinking,0.0686,0.6250,0.8511,52.3300,-3.2043,-7.6675
1,drinking,0.0647,0.6233,0.8506,52.2842,-3.1586,-7.8812
1,drinking,0.0615,0.6206,0.8528,52.3911,-3.1815,-7.6904
1,drinking,0.0601,0.6199,0.8538,52.5589,-3.2883,-7.5302
1,drinking,0.0671,0.6196,0.8560,52.6428,-3.2425,-7.4463
1,drinking,0.0640,0.6206,0.8521,52.6886,-3.1357,-7.5607
1,drinking,0.0588,0.6216,0.8499,52.8183,-3.1433,-7.6141
1,drinking,0.0581,0.6238,0.8479,52.7802,-3.1967,-7.5378
1,drinking,0.0598,0.6196,0.8425,52.7954,-3.2578,-7.2784
1,drinking,0.0620,0.6218,0.8372,52.7039,-3.3493,-7.4005
1,drinking,0.0632,0.6279,0.8413,52.7344,-3.2501,-7.5760
1,drinking,0.0593,0.6287,0.8499,52.6657,-3.3646,-7.7057
1,drinking,0.0645,0.6299,0.8459,52.7496,-3.4409,-7.5989
1,drinking,0.0654,0.6326,0.8450,52.8030,-3.3188,-7.5531
1,drinking,0.0669,0.6326,0.8418,52.8030,-3.2806,-7.5378
1,drinking,0.0637,0.6279,0.8440,52.7573,-3.4027,-7.6141
1,drinking,0.0596,0.6292,0.8435,52.6886,-3.6087,-7.7209
1,drinking,0.0608,0.6313,0.8403,52.5589,-3.4943,-8.0261
1,drinking,0.0598,0.6367,0.8403,52.5208,-3.3340,-7.8812
1,drinking,0.0605,0.6362,0.8372,52.4368,-3.2043,-7.8430
1,drinking,0.0625,0.6394,0.8359,52.4597,-3.4027,-7.9193
1,drinking,0.0659,0.6416,0.8345,52.5360,-3.4866,-7.9575
1,drinking,0.0630,0.6421,0.8301,52.4292,-3.3493,-7.9880
1,drinking,0.0645,0.6423,0.8276,52.1927,-3.2959,-7.9498
1,drinking,0.0596,0.6482,0.8362,51.9791,-3.4866,-7.9117
1,drinking,0.0623,0.6455,0.8257,51.8951,-3.7155,-8.0414
1,drinking,0.0637,0.6458,0.8267,51.8494,-3.7689,-8.1635
1,drinking,0.0623,0.6448,0.8250,51.7883,-3.9520,-8.2855
1,drinking,0.0588,0.6460,0.8252,51.6129,-3.9902,-8.2474
1,drinking,0.0569,0.6506,0.8296,51.4297,-3.9597,-8.1482
1,drinking,0.0654,0.6577,0.8367,51.3611,-4.1351,-8.2550
1,drinking,0.0706,0.6572,0.8257,51.2466,-4.1733,-8.3008
1,drinking,0.0630,0.6543,0.8169,51.0025,-4.2953,-8.3313
1,drinking,0.0549,0.6506,0.8274,50.8041,-4.5242,-8.3008
1,drinking,0.0564,0.6499,0.8308,50.6287,-4.6768,-8.3008
1,drinking,0.0579,0.6580,0.8201,50.5066,-4.7073,-8.3313
1,drinking,0.0608,0.6604,0.8240,50.5219,-4.5853,-8.3618
1,drinking,0.0630,0.6614,0.8281,50.1938,-4.7531,-8.4610
1,drinking,0.0549,0.6587,0.8301,49.8047,-4.9286,-8.5144
1,drinking,0.0593,0.6582,0.8262,49.6674,-5.1117,-8.5678
1,drinking,0.0605,0.6626,0.8235,49.3240,-5.1651,-8.6517
1,drinking,0.0588,0.6619,0.8208,49.1791,-5.1956,-8.7967
1,drinking,0.0571,0.6604,0.8254,48.9349,-5.3482,-8.8043
1,drinking,0.0552,0.6604,0.8218,48.5001,-5.4245,-8.8120
1,drinking,0.0562,0.6628,0.8323,48.1720,-5.4779,-8.9645
1,drinking,0.0518,0.6660,0.8252,47.8745,-5.6763,-9.0561
1,drinking,0.0552,0.6631,0.8223,47.5922,-5.6686,-9.0637
1,drinking,0.0515,0.6628,0.8223,47.2565,-5.8594,-8.9722
1,drinking,0.0522,0.6621,0.8289,46.9589,-6.0272,-9.0332
1,drinking,0.0608,0.6643,0.8247,46.6232,-6.3019,-9.2010
1,drinking,0.0535,0.6724,0.8257,46.2875,-6.2561,-9.3002
1,drinking,0.0552,0.6733,0.8206,45.9671,-6.2332,-9.6054
1,drinking,0.0508,0.6724,0.8220,45.6772,-6.5231,-9.6512
1,drinking,0.0537,0.6743,0.8159,45.3873,-6.9122,-9.5749
1,drinking,0.0537,0.6763,0.8208,45.0058,-7.0953,-9.5749
1,drinking,0.0513,0.6770,0.8330,44.6167,-7.1335,-9.4910
1,drinking,0.0466,0.6794,0.8293,44.1971,-7.4158,-9.3765
1,drinking,0.0549,0.6814,0.8254,43.9606,-7.6981,-9.5139
1,drinking,0.0498,0.6816,0.8291,43.7851,-8.0414,-9.6359
1,drinking,0.0471,0.6777,0.8303,43.3960,-8.3008,-9.8724
1,drinking,0.0496,0.6836,0.8284,43.0756,-8.3923,-9.6588
1,drinking,0.0496,0.6780,0.8210,42.7704,-8.3466,-9.4833
1,drinking,0.0505,0.6775,0.8230,42.4500,-8.4152,-9.4528
1,drinking,0.0493,0.6782,0.8264,42.0609,-8.5373,-9.6207
1,drinking,0.0510,0.6787,0.8208,41.8777,-8.5831,-9.3002
1,drinking,0.0503,0.6748,0.8262,41.8854,-8.7509,-9.3460
1,drinking,0.0500,0.6768,0.8245,41.8625,-8.9264,-9.3536
1,drinking,0.0525,0.6753,0.8245,41.8091,-9.2926,-9.1400
1,drinking,0.0515,0.6765,0.8220,41.6870,-9.2316,-9.1553
1,drinking,0.0505,0.6760,0.8223,41.6718,-9.0561,-9.2926
1,drinking,0.0515,0.6765,0.8203,41.7252,-9.1324,-9.1705
1,drinking,0.0549,0.6775,0.8164,41.9922,-9.3918,-8.9798
1,drinking,0.0544,0.6736,0.8228,42.2287,-9.4986,-8.7891
1,drinking,0.0476,0.6775,0.8235,42.2516,-9.5367,-8.9645
1,drinking,0.0508,0.6726,0.8113,42.3279,-9.6970,-8.9798
1,drinking,0.0513,0.6731,0.8040,42.4118,-9.8343,-9.0256
1,drinking,0.0576,0.6719,0.8069,42.4805,-9.6817,-9.0714
1,drinking,0.0576,0.6777,0.8091,42.6712,-9.6664,-9.1171
1,drinking,0.0574,0.6714,0.7993,42.6941,-9.7961,-9.0485
1,drinking,0.0605,0.6692,0.8069,42.7094,-9.8724,-8.9645
1,drinking,0.0583,0.6726,0.8162,42.7170,-9.8267,-9.0027
1,drinking,0.0620,0.6733,0.8132,42.5186,-9.8495,-9.0332
1,drinking,0.0566,0.6726,0.8076,42.5415,-9.8343,-9.1476
1,drinking,0.0598,0.6697,0.8079,42.6712,-9.9945,-9.1553
1,drinking,0.0474,0.6736,0.8125,42.7628,-10.1700,-9.1858
1,drinking,0.0532,0.6792,0.8066,42.7551,-10.1929,-9.2773
1,drinking,0.0537,0.6741,0.8054,42.8619,-10.0021,-9.1629
1,drinking,0.0591,0.6782,0.8047,42.7933,-9.7580,-9.1934
1,drinking,0.0654,0.6790,0.7947,42.7399,-9.6436,-9.2163
1,drinking,0.0613,0.6770,0.7847,42.8085,-9.4986,-9.1858
1,drinking,0.0623,0.6746,0.7827,42.8848,-9.5291,-9.1858
1,drinking,0.0613,0.6782,0.7803,42.9764,-9.4910,-9.0332
1,drinking,0.0657,0.6785,0.7856,42.9230,-9.3689,-9.1095
1,drinking,0.0618,0.6816,0.7915,43.0527,-9.1248,-9.0408
1,drinking,0.0630,0.6816,0.7917,43.1213,-9.0485,-9.0485
1,drinking,0.0627,0.6821,0.7896,43.2358,-8.8196,-8.9951
1,drinking,0.0681,0.6763,0.7915,43.4570,-8.5297,-9.0637
1,drinking,0.0713,0.6821,0.7849,43.6172,-8.2855,-8.9951
1,drinking,0.0635,0.6829,0.7808,43.6096,-8.2932,-8.8806
1,drinking,0.0625,0.6814,0.7812,43.6859,-8.2550,-8.7357
1,drinking,0.0645,0.6826,0.7854,44.0216,-8.2321,-8.7280
1,drinking,0.0664,0.6821,0.7859,44.3039,-8.0872,-8.8272
1,drinking,0.0657,0.6831,0.7839,44.4412,-7.8888,-8.6823
1,drinking,0.0684,0.6853,0.7881,44.7235,-7.8201,-8.5907
1,drinking,0.0630,0.6909,0.7786,45.0363,-7.8659,-8.5144
1,drinking,0.0671,0.6904,0.7781,45.1660,-7.8354,-8.6365
1,drinking,0.0679,0.6863,0.7795,45.3491,-7.5989,-8.6136
1,drinking,0.0679,0.6890,0.7788,45.7535,-7.4463,-8.4152
1,drinking,0.0708,0.6848,0.7808,45.9366,-7.2632,-8.1253
1,drinking,0.0706,0.6868,0.7847,46.1731,-7.1259,-8.2779
1,drinking,0.0688,0.6863,0.7734,46.2646,-6.9885,-8.4076
1,drinking,0.0703,0.6956,0.7712,46.4478,-6.8817,-8.3923
1,drinking,0.0693,0.6978,0.7693,46.7300,-6.9199,-8.1863
1,drinking,0.0745,0.7002,0.7629,46.9055,-6.8970,-8.0032
1,drinking,0.0789,0.7019,0.7642,47.0657,-6.6681,-7.9193
1,drinking,0.0728,0.6997,0.7673,47.2260,-6.4087,-7.7438
1,drinking,0.0708,0.7009,0.7637,47.5235,-6.5308,-7.6981
1,drinking,0.0686,0.7056,0.7607,47.9050,-6.6223,-7.7591
1,drinking,0.0723,0.7065,0.7617,48.0423,-6.5002,-7.6981
1,drinking,0.0735,0.7039,0.7615,48.1339,-6.3400,-7.6370
1,drinking,0.0735,0.7021,0.7603,48.3093,-6.1722,-7.4921
1,drinking,0.0698,0.7024,0.7537,48.3932,-5.9357,-7.3700
1,drinking,0.0688,0.7019,0.7568,48.4695,-5.7068,-7.3318
1,drinking,0.0662,0.7029,0.7566,48.5458,-5.6000,-7.3090
1,drinking,0.0671,0.7068,0.7656,48.4772,-5.6076,-7.1793
1,drinking,0.0671,0.7090,0.7617,48.4314,-5.4245,-7.1335
1,drinking,0.0618,0.7090,0.7585,48.3856,-5.4169,-7.2556
1,drinking,0.0632,0.7070,0.7495,48.4314,-5.2948,-7.3166
1,drinking,0.0671,0.7058,0.7576,48.5229,-5.1270,-7.2937
1,drinking,0.0649,0.7046,0.7605,48.5153,-4.8676,-7.2327
1,drinking,0.0676,0.7053,0.7554,48.5077,-4.6310,-7.1793
1,drinking,0.0696,0.7061,0.7502,48.2483,-4.5090,-7.2021
1,drinking,0.0696,0.7012,0.7551,48.0347,-4.3716,-7.1564
1,drinking,0.0688,0.7080,0.7605,47.9050,-4.2953,-7.1259
1,drinking,0.0662,0.7012,0.7556,47.9050,-4.2038,-7.0648
1,drinking,0.0725,0.7085,0.7493,47.9050,-4.1199,-7.1106
1,drinking,0.0752,0.7039,0.7537,47.7295,-3.9597,-7.0801
1,drinking,0.0684,0.7034,0.7493,47.7066,-3.8986,-7.1793
1,drinking,0.0654,0.7024,0.7634,47.6685,-3.8223,-7.4005
1,drinking,0.0669,0.7043,0.7715,47.6303,-3.7231,-7.4844
1,drinking,0.0706,0.7036,0.7556,47.5769,-3.5934,-7.4921
1,drinking,0.0647,0.7017,0.7559,47.5464,-3.4561,-7.4768
1,drinking,0.0640,0.7048,0.7585,47.5082,-3.4561,-7.4844
1,drinking,0.0671,0.7114,0.7590,47.2260,-3.4866,-7.5302
1,drinking,0.0583,0.7122,0.7605,46.7606,-3.3875,-7.4692
1,drinking,0.0579,0.7134,0.7559,46.7072,-3.0823,-7.6370
1,drinking,0.0613,0.7180,0.7644,46.6919,-3.1815,-7.5989
1,drinking,0.0581,0.7183,0.7627,46.6156,-3.2578,-7.5760
1,drinking,0.0571,0.7163,0.7568,46.3867,-3.3417,-7.6599
1,drinking,0.0640,0.7134,0.7637,46.1273,-3.2196,-7.6828
1,drinking,0.0613,0.7144,0.7690,45.9366,-3.0441,-7.5989
1,drinking,0.0564,0.7175,0.7737,45.7611,-3.1204,-7.6523
1,drinking,0.0559,0.7173,0.7700,45.6772,-3.2806,-7.8125
1,drinking,0.0569,0.7146,0.7664,45.6924,-3.3493,-7.7057
1,drinking,0.0596,0.7207,0.7581,45.5322,-3.4409,-7.7133
1,drinking,0.0549,0.7173,0.7656,45.3491,-3.5095,-7.9117
1,drinking,0.0557,0.7173,0.7686,45.3262,-3.6392,-7.9269
1,drinking,0.0527,0.7166,0.7627,45.2652,-3.8757,-7.8812
1,drinking,0.0571,0.7200,0.7646,45.2194,-4.0970,-7.8735
1,drinking,0.0579,0.7158,0.7598,45.2652,-4.2953,-7.8964
1,drinking,0.0566,0.7180,0.7642,45.2423,-4.3640,-7.9575
1,drinking,0.0554,0.7134,0.7610,45.2271,-4.3793,-7.8430
1,drinking,0.0566,0.7183,0.7551,44.9524,-4.4022,-7.7515
1,drinking,0.0603,0.7117,0.7598,44.9753,-4.5242,-7.8430
1,drinking,0.0610,0.7163,0.7590,45.2194,-4.4479,-7.9956
1,drinking,0.0547,0.7139,0.7544,45.0287,-4.3640,-8.0261
1,drinking,0.0532,0.7166,0.7537,44.9677,-4.5395,-7.9803
1,drinking,0.0593,0.7209,0.7598,44.9677,-4.7455,-7.9727
1,drinking,0.0581,0.7234,0.7544,44.9371,-4.7913,-8.2092
1,drinking,0.0613,0.7253,0.7585,44.7617,-4.6387,-8.2092
1,drinking,0.0571,0.7258,0.7561,44.7388,-4.8676,-8.2092
1,drinking,0.0544,0.7275,0.7520,44.7083,-4.9515,-8.1177
1,drinking,0.0569,0.7280,0.7554,44.7464,-5.1270,-8.1406
1,drinking,0.0535,0.7244,0.7483,44.5480,-5.3253,-8.0795
1,drinking,0.0520,0.7209,0.7578,44.7006,-5.4245,-8.1711
1,drinking,0.0522,0.7214,0.7698,44.7159,-5.4016,-8.2092
1,drinking,0.0571,0.7249,0.7600,44.6777,-5.5695,-8.1863
1,drinking,0.0610,0.7241,0.7520,44.6472,-5.8289,-8.2321
1,drinking,0.0574,0.7241,0.7532,44.6625,-6.0120,-8.4229
1,drinking,0.0566,0.7234,0.7471,44.6854,-6.0196,-8.4839
1,drinking,0.0566,0.7273,0.7517,44.7311,-6.0883,-8.5754
1,drinking,0.0586,0.7263,0.7515,44.7006,-6.3477,-8.4686
1,drinking,0.0527,0.7219,0.7434,44.5633,-6.4697,-8.5373
1,drinking,0.0515,0.7263,0.7385,44.4336,-6.6376,-8.5907
1,drinking,0.0552,0.7307,0.7434,44.3497,-6.8588,-8.7051
1,drinking,0.0525,0.7268,0.7371,44.2276,-6.8893,-8.8043
1,drinking,0.0574,0.7300,0.7419,44.0826,-6.9962,-8.8120
1,drinking,0.0569,0.7302,0.7507,44.0826,-7.0801,-8.8043
1,drinking,0.0549,0.7351,0.7488,43.8538,-7.0267,-8.7433
1,drinking,0.0566,0.7356,0.7434,43.6707,-7.1106,-8.8043
1,drinking,0.0508,0.7310,0.7329,43.5944,-7.3318,-8.9188
1,drinking,0.0554,0.7310,0.7410,43.6249,-7.3471,-8.8730
1,drinking,0.0549,0.7283,0.7402,43.6783,-7.2250,-8.9111
1,drinking,0.0549,0.7339,0.7390,43.6859,-7.2556,-9.2087
1,drinking,0.0535,0.7390,0.7400,43.4799,-7.2098,-9.0714
1,drinking,0.0513,0.7349,0.7288,43.2587,-7.4081,-8.9417
1,drinking,0.0513,0.7297,0.7346,43.0908,-7.5531,-9.0408
1,drinking,0.0508,0.7358,0.7351,43.1366,-7.5531,-9.1324
1,drinking,0.0522,0.7385,0.7241,43.1900,-7.5302,-9.3384
1,drinking,0.0542,0.7400,0.7244,43.0374,-7.6675,-9.4376
1,drinking,0.0598,0.7400,0.7224,42.9459,-7.6141,-9.4376
1,drinking,0.0540,0.7407,0.7148,42.9535,-7.6675,-9.3460
1,drinking,0.0522,0.7415,0.7178,42.9459,-7.6447,-9.3536
1,drinking,0.0569,0.7424,0.7161,42.7704,-7.6675,-9.3460
1,drinking,0.0566,0.7390,0.7163,42.8314,-7.6599,-9.3536
1,drinking,0.0513,0.7473,0.7119,42.8238,-7.4768,-9.3384
1,drinking,0.0586,0.7454,0.7109,42.8162,-7.3547,-9.2850
1,drinking,0.0564,0.7478,0.7058,42.6178,-7.4081,-9.3994
1,drinking,0.0518,0.7437,0.7095,42.4728,-7.1945,-9.5825
1,drinking,0.0540,0.7480,0.7070,42.3355,-7.0877,-9.5596
1,drinking,0.0562,0.7507,0.7000,42.1600,-7.0953,-9.3842
1,drinking,0.0625,0.7546,0.7153,42.1219,-7.1030,-9.3460
1,drinking,0.0549,0.7559,0.7053,42.1906,-6.9046,-9.3231
1,drinking,0.0554,0.7578,0.7041,42.1448,-6.8512,-9.4757
1,drinking,0.0520,0.7615,0.7058,41.9235,-6.9275,-9.4452
1,drinking,0.0566,0.7576,0.7063,41.7862,-6.9351,-9.1858
1,drinking,0.0596,0.7607,0.7000,41.6031,-6.7444,-9.1553
1,drinking,0.0588,0.7600,0.6938,41.6946,-6.4621,-9.1858
1,drinking,0.0500,0.7590,0.6951,41.5955,-6.3248,-9.0332
1,drinking,0.0481,0.7571,0.6941,41.4581,-6.3553,-8.9111
1,drinking,0.0474,0.7588,0.6951,41.3895,-6.2637,-8.8882
1,drinking,0.0469,0.7644,0.7029,41.4124,-6.1951,-8.7280
1,drinking,0.0515,0.7573,0.7070,41.5573,-6.2790,-8.5220
1,drinking,0.0496,0.7583,0.7019,41.3971,-6.2027,-8.4991
1,drinking,0.0493,0.7625,0.6960,41.1758,-6.2180,-8.5678
1,drinking,0.0471,0.7622,0.6975,41.0156,-6.1798,-8.5449
1,drinking,0.0483,0.7625,0.7024,41.0080,-6.0425,-8.4381
1,drinking,0.0479,0.7659,0.6990,41.2292,-6.0349,-8.2245
1,drinking,0.0520,0.7642,0.6953,41.3208,-6.0043,-8.0948
1,drinking,0.0500,0.7625,0.6987,41.1377,-5.9586,-8.1711
1,drinking,0.0549,0.7625,0.6978,41.0995,-5.7449,-8.2626
1,drinking,0.0552,0.7625,0.6941,41.0614,-5.5695,-8.1940
1,drinking,0.0549,0.7654,0.7007,41.0004,-5.6229,-8.0338
1,drinking,0.0564,0.7637,0.6975,41.0385,-5.6534,-7.9041
1,drinking,0.0571,0.7629,0.6909,40.9546,-5.4169,-7.7972
1,drinking,0.0557,0.7629,0.6912,40.8325,-5.2490,-7.8125
1,drinking,0.0583,0.7666,0.6887,40.9851,-5.0201,-7.8201
1,drinking,0.0615,0.7683,0.7012,41.0233,-5.0583,-7.6981
1,drinking,0.0657,0.7705,0.6982,41.0233,-5.1041,-7.6447
1,drinking,0.0654,0.7695,0.6917,41.1530,-4.9057,-7.5684
1,drinking,0.0625,0.7634,0.6909,41.0919,-4.8523,-7.4158
1,drinking,0.0601,0.7698,0.6829,41.0309,-4.7379,-7.3166
1,drinking,0.0569,0.7708,0.6868,40.9241,-4.4785,-7.2174
1,drinking,0.0579,0.7659,0.6885,40.9775,-4.4403,-7.1869
1,drinking,0.0586,0.7764,0.6904,41.1835,-4.4098,-7.2479
1,drinking,0.0569,0.7734,0.6926,41.3208,-4.4098,-7.1869
1,drinking,0.0569,0.7661,0.7021,41.1453,-4.3564,-6.9885
1,drinking,0.0547,0.7683,0.6943,41.0080,-4.1733,-6.9504
1,drinking,0.0571,0.7703,0.6917,41.0309,-4.0436,-6.8970
1,drinking,0.0608,0.7725,0.6826,41.2140,-4.0665,-6.9351
1,drinking,0.0608,0.7622,0.6880,41.3513,-3.8910,-6.8054
1,drinking,0.0605,0.7651,0.6887,41.3895,-3.7842,-6.6757
1,drinking,0.0654,0.7698,0.6907,41.5878,-3.5629,-6.6452
1,drinking,0.0703,0.7629,0.6877,41.5955,-3.5172,-6.6147
1,drinking,0.0671,0.7615,0.6838,41.7328,-3.4637,-6.4316
1,drinking,0.0635,0.7554,0.6829,41.9388,-3.2806,-6.4316
1,drinking,0.0703,0.7607,0.6887,42.1219,-3.2425,-6.2943
1,drinking,0.0754,0.7654,0.6885,42.4042,-3.2196,-6.3248
1,drinking,0.0725,0.7634,0.6934,42.5339,-3.3417,-6.3705
1,drinking,0.0671,0.7583,0.6890,42.6865,-3.1281,-6.3324
1,drinking,0.0615,0.7583,0.6831,42.9306,-2.8915,-6.4621
1,drinking,0.0574,0.7559,0.6858,43.2205,-2.6779,-6.4240
1,drinking,0.0649,0.7532,0.6899,43.4494,-2.6016,-6.3629
1,drinking,0.0686,0.7583,0.6899,43.6630,-2.6932,-6.3629
1,drinking,0.0608,0.7603,0.6848,43.7469,-2.6169,-6.3705
1,drinking,0.0591,0.7576,0.6836,43.9835,-2.3727,-6.3019
1,drinking,0.0657,0.7571,0.6848,44.1284,-2.1057,-6.3019
1,drinking,0.0652,0.7585,0.6829,44.3192,-1.8768,-6.3858
1,drinking,0.0627,0.7593,0.6758,44.4183,-1.7319,-6.3248
1,drinking,0.0657,0.7568,0.6711,44.4489,-1.6632,-6.4316
1,drinking,0.0640,0.7627,0.6877,44.4412,-1.6785,-6.5079
1,drinking,0.0645,0.7639,0.6824,44.5633,-1.4572,-6.4087
1,drinking,0.0627,0.7583,0.6768,44.7006,-1.3962,-6.3248
1,drinking,0.0588,0.7546,0.6802,44.8914,-1.4572,-6.3400
1,drinking,0.0593,0.7607,0.6812,45.0821,-1.3199,-6.3858
1,drinking,0.0608,0.7676,0.6814,45.1508,-1.2283,-6.3782
1,drinking,0.0649,0.7695,0.6821,45.4330,-1.2589,-6.3858
1,drinking,0.0605,0.7681,0.6755,45.5933,-1.2894,-6.4240
1,drinking,0.0566,0.7698,0.6792,45.6848,-1.0757,-6.3019
1,drinking,0.0562,0.7664,0.6721,45.8832,-0.9079,-6.4316
1,drinking,0.0566,0.7712,0.6638,45.9366,-0.9613,-6.5002
1,drinking,0.0566,0.7734,0.6638,46.1807,-1.0147,-6.4697
1,drinking,0.0623,0.7686,0.6682,46.2494,-0.8621,-6.3400
1,drinking,0.0642,0.7661,0.6667,46.3104,-0.7172,-6.3324
1,drinking,0.0632,0.7708,0.6758,46.5393,-0.5722,-6.3553
1,drinking,0.0593,0.7727,0.6741,46.5775,-0.4730,-6.3782
1,drinking,0.0615,0.7725,0.6636,46.6385,-0.6104,-6.1951
1,drinking,0.0657,0.7759,0.6602,46.5927,-0.6485,-6.1874
1,drinking,0.0635,0.7759,0.6599,46.6537,-0.6256,-6.3705
1,drinking,0.0598,0.7744,0.6582,46.6156,-0.4807,-6.3553
1,drinking,0.0596,0.7781,0.6592,46.8369,-0.2899,-6.3248
1,drinking,0.0579,0.7803,0.6624,46.9055,-0.3433,-6.3248
1,drinking,0.0613,0.7793,0.6531,46.8597,-0.3891,-6.1493
1,drinking,0.0542,0.7778,0.6506,46.9131,-0.4120,-6.1569
1,drinking,0.0542,0.7810,0.6614,46.8903,-0.2518,-6.0501
1,drinking,0.0549,0.7864,0.6543,46.6614,0.0153,-5.9891
1,drinking,0.0459,0.7876,0.6594,46.6614,-0.0076,-5.9738
1,drinking,0.0569,0.7827,0.6528,46.5393,-0.1602,-5.9814
1,drinking,0.0530,0.7812,0.6499,46.5240,-0.2670,-5.9586
1,drinking,0.0557,0.7839,0.6504,46.5775,-0.2060,-6.1035
1,drinking,0.0549,0.7830,0.6519,46.5546,-0.0458,-6.1264
1,drinking,0.0540,0.7834,0.6523,46.5775,-0.0687,-6.0654
1,drinking,0.0566,0.7817,0.6628,46.6690,-0.1755,-5.7907
1,drinking,0.0559,0.7854,0.6572,46.5698,-0.0534,-5.7297
1,drinking,0.0537,0.7825,0.6538,46.5698,0.0992,-5.6839
1,drinking,0.0547,0.7881,0.6521,46.7072,0.0381,-5.6763
1,drinking,0.0571,0.7815,0.6504,46.9055,0.0839,-5.7220
1,drinking,0.0537,0.7830,0.6519,46.8445,0.2289,-5.6458
1,drinking,0.0535,0.7825,0.6545,46.8597,0.0687,-5.6839
1,drinking,0.0544,0.7837,0.6465,46.8140,0.1068,-5.6381
1,drinking,0.0566,0.7888,0.6460,46.8216,0.1068,-5.7068
1,drinking,0.0503,0.7925,0.6460,46.8445,-0.0839,-5.7449
1,drinking,0.0461,0.7849,0.6436,46.9971,-0.0458,-5.8594
1,drinking,0.0532,0.7854,0.6482,46.8979,0.1297,-5.8289
1,drinking,0.0515,0.7834,0.6528,46.9131,-0.0153,-5.7907
1,drinking,0.0549,0.7869,0.6514,47.1573,0.1144,-5.8746
1,drinking,0.0535,0.7869,0.6477,47.2260,0.2441,-6.0196
1,drinking,0.0505,0.7878,0.6375,47.2183,0.2365,-6.0654
1,drinking,0.0562,0.7886,0.6309,47.1649,0.1678,-6.0501
1,drinking,0.0559,0.7888,0.6326,47.1649,0.2823,-6.0577
1,drinking,0.0542,0.7908,0.6289,47.1268,0.3586,-6.1646
1,drinking,0.0571,0.7927,0.6289,46.9666,0.2975,-6.1722
1,drinking,0.0554,0.7949,0.6382,47.0200,0.3128,-6.1035
1,drinking,0.0596,0.7957,0.6321,46.9971,0.4501,-6.0654
1,drinking,0.0544,0.7954,0.6362,46.9208,0.5341,-6.2256
1,drinking,0.0537,0.7961,0.6284,47.0047,0.6104,-6.3019
1,drinking,0.0527,0.7986,0.6252,46.9971,0.6409,-6.1264
1,drinking,0.0525,0.8005,0.6331,46.7758,0.7324,-6.2866
1,drinking,0.0588,0.7996,0.6299,46.6309,0.9003,-6.2180
1,drinking,0.0557,0.7976,0.6301,46.7529,1.0223,-6.1798
1,drinking,0.0483,0.7961,0.6204,46.6461,1.1826,-6.1722
1,drinking,0.0532,0.8008,0.6174,46.6080,1.4191,-6.3782
1,drinking,0.0542,0.8047,0.6243,46.6385,1.4267,-6.4468
1,drinking,0.0525,0.8015,0.6230,46.2723,1.4191,-6.5231
1,drinking,0.0535,0.8035,0.6196,45.9900,1.5640,-6.4011
1,drinking,0.0493,0.8025,0.6211,45.8908,1.5869,-6.3477
1,drinking,0.0471,0.8040,0.6279,45.7230,1.6861,-6.2637
1,drinking,0.0547,0.8057,0.6306,45.5704,1.8311,-6.0730
1,drinking,0.0459,0.8059,0.6238,45.4636,1.8616,-6.1722
1,drinking,0.0466,0.8049,0.6333,45.3568,1.8311,-6.2561
1,drinking,0.0483,0.8096,0.6287,45.2881,1.7471,-6.2561
1,drinking,0.0515,0.8101,0.6213,45.0668,1.7471,-6.2637
1,drinking,0.0486,0.8081,0.6152,44.7922,1.7700,-6.3400
1,drinking,0.0527,0.8062,0.6191,44.6625,1.8005,-6.3782
1,drinking,0.0503,0.8098,0.6252,44.5633,1.8387,-6.2714
1,drinking,0.0483,0.8071,0.6213,44.4412,1.5945,-6.1035
1,drinking,0.0515,0.8022,0.6233,44.2047,1.4877,-6.1951
1,drinking,0.0532,0.8071,0.6206,44.0750,1.6708,-6.2790
1,drinking,0.0483,0.8091,0.6233,44.1284,1.5793,-6.3095
1,drinking,0.0459,0.8093,0.6169,43.8461,1.4648,-6.2561
1,drinking,0.0410,0.8098,0.6135,43.6249,1.4648,-6.2256
1,drinking,0.0449,0.8159,0.6194,43.2968,1.5182,-6.2027
1,drinking,0.0444,0.8157,0.6213,43.1366,1.5182,-6.3019
1,drinking,0.0396,0.8184,0.6338,43.1976,1.4648,-6.3858
1,drinking,0.0403,0.8176,0.6243,43.1747,1.4191,-6.4545
1,drinking,0.0427,0.8176,0.6187,42.8162,1.4496,-6.1874
1,drinking,0.0383,0.8210,0.6177,42.5415,1.4496,-6.0577
1,drinking,0.0432,0.8164,0.6182,42.3431,1.4954,-6.1111
1,drinking,0.0400,0.8167,0.6228,42.1219,1.5335,-6.2256
1,drinking,0.0330,0.8137,0.6118,41.8549,1.3657,-6.3171
1,drinking,0.0356,0.8181,0.6174,41.6260,1.3733,-6.1493
1,drinking,0.0376,0.8184,0.6182,41.5268,1.4877,-5.9052
1,drinking,0.0466,0.8174,0.6187,41.3589,1.6098,-5.9433
1,drinking,0.0388,0.8184,0.6208,41.4200,1.4877,-6.0043
1,drinking,0.0344,0.8174,0.6201,41.2979,1.3351,-5.9586
1,drinking,0.0381,0.8215,0.6187,40.9546,1.4725,-5.9052
1,drinking,0.0352,0.8181,0.6221,40.8325,1.3885,-6.0349
1,drinking,0.0403,0.8193,0.6233,40.8859,1.3657,-5.9280
1,drinking,0.0330,0.8208,0.6143,40.7639,1.1673,-5.8746
1,drinking,0.0359,0.8188,0.6162,40.6647,0.9537,-5.8365
1,drinking,0.0366,0.8120,0.6194,40.6952,0.8316,-5.9128
1,drinking,0.0342,0.8159,0.6182,40.6189,0.7324,-5.9128
1,drinking,0.0339,0.8162,0.6206,40.4968,0.3738,-5.8746
1,drinking,0.0400,0.8174,0.6194,40.5426,0.2899,-5.9814
1,drinking,0.0371,0.8193,0.6133,40.6342,0.0916,-5.9738
1,drinking,0.0396,0.8132,0.6157,40.4663,-0.1297,-5.9662
1,drinking,0.0388,0.8135,0.6204,40.1764,-0.0610,-6.0959
1,drinking,0.0400,0.8091,0.6118,40.0162,-0.0687,-6.1188
1,drinking,0.0354,0.8091,0.6184,40.1459,-0.2518,-5.9128
1,drinking,0.0400,0.8091,0.6152,40.1077,-0.2975,-5.8746
1,drinking,0.0417,0.8098,0.6086,40.0391,-0.3510,-5.8975
1,drinking,0.0486,0.8120,0.6079,39.9017,-0.4044,-5.9814
1,drinking,0.0408,0.8120,0.6118,39.7949,-0.3586,-6.0196
1,drinking,0.0396,0.8079,0.6116,40.0009,-0.2670,-6.0043
1,drinking,0.0425,0.8118,0.6069,40.1154,-0.4578,-6.1798
1,drinking,0.0427,0.8105,0.6030,40.0467,-0.5875,-6.2637
1,drinking,0.0437,0.8118,0.6030,39.9628,-0.5798,-6.3858
1,drinking,0.0444,0.8123,0.6042,40.1154,-0.8087,-6.4926
1,drinking,0.0493,0.8098,0.6038,40.0391,-1.0071,-6.5079
1,drinking,0.0439,0.8145,0.6001,39.9017,-0.9155,-6.7062
1,drinking,0.0430,0.8096,0.6030,39.9246,-0.8850,-6.9580
1,drinking,0.0425,0.8093,0.6067,40.0162,-1.1292,-7.1411
1,drinking,0.0505,0.8064,0.5972,39.9323,-1.1673,-7.1335
1,drinking,0.0535,0.8101,0.5935,39.8941,-1.2360,-6.9809
1,drinking,0.0452,0.8135,0.5884,39.8865,-1.2207,-6.9962
1,drinking,0.0459,0.8181,0.5859,39.7263,-1.2360,-7.2632
1,drinking,0.0422,0.8213,0.5923,39.6576,-1.1444,-7.1640
1,drinking,0.0442,0.8203,0.5938,39.7644,-1.0529,-7.2021
1,drinking,0.0444,0.8167,0.5938,39.8331,-1.0681,-7.2250
1,drinking,0.0461,0.8137,0.5898,39.9399,-1.0529,-7.3242
1,drinking,0.0459,0.8169,0.5793,40.0238,-1.0452,-7.3395
1,drinking,0.0486,0.8240,0.5801,39.8941,-0.9003,-7.3624
1,drinking,0.0469,0.8269,0.5808,39.8331,-0.7095,-7.5073
1,drinking,0.0542,0.8215,0.5752,39.8102,-0.7248,-7.5531
1,drinking,0.0527,0.8203,0.5708,39.8941,-0.9079,-7.4921
1,drinking,0.0525,0.8245,0.5637,40.1459,-0.9766,-7.3166
1,drinking,0.0442,0.8325,0.5669,40.1993,-0.8163,-7.2861
1,drinking,0.0505,0.8311,0.5630,40.0543,-0.5722,-7.3624
1,drinking,0.0466,0.8311,0.5603,39.9933,-0.3586,-7.5760
1,drinking,0.0549,0.8291,0.5569,39.8636,-0.3891,-7.5836
1,drinking,0.0491,0.8333,0.5593,39.8026,-0.2365,-7.5531
1,drinking,0.0503,0.8367,0.5588,39.8483,-0.1373,-7.4921
1,drinking,0.0562,0.8408,0.5583,39.7644,-0.0229,-7.4539
1,drinking,0.0503,0.8403,0.5398,39.7186,0.1526,-7.2861
1,drinking,0.0520,0.8394,0.5361,39.6652,0.3510,-7.2098
1,drinking,0.0520,0.8354,0.5393,39.5050,0.6409,-7.1411
1,drinking,0.0527,0.8364,0.5430,39.3982,0.8240,-7.2021
1,drinking,0.0496,0.8372,0.5417,39.3066,0.8850,-7.1716
1,drinking,0.0510,0.8389,0.5435,39.1998,1.2283,-7.3013
1,drinking,0.0520,0.8430,0.5398,39.1235,1.4038,-7.4158
1,drinking,0.0542,0.8464,0.5400,38.9709,1.5106,-7.2937
1,drinking,0.0503,0.8457,0.5454,38.7497,1.6327,-7.1335
1,drinking,0.0496,0.8457,0.5461,38.7573,1.7929,-7.0419
1,drinking,0.0500,0.8516,0.5430,38.6047,2.0294,-7.0496
1,drinking,0.0505,0.8506,0.5403,38.3072,2.3422,-6.8436
1,drinking,0.0461,0.8459,0.5378,38.0325,2.6321,-6.6986
1,drinking,0.0510,0.8481,0.5393,37.9944,2.7924,-6.5918
1,drinking,0.0525,0.8491,0.5430,38.0630,2.8992,-6.5842
1,drinking,0.0469,0.8491,0.5432,37.9639,2.9984,-6.5689
1,drinking,0.0452,0.8499,0.5410,37.5977,3.0823,-6.4774
1,drinking,0.0476,0.8513,0.5430,37.4069,3.2501,-6.3629
1,drinking,0.0457,0.8550,0.5471,37.4527,3.5477,-6.2790
1,drinking,0.0447,0.8486,0.5452,37.4222,3.6392,-6.1646
1,drinking,0.0503,0.8508,0.5510,37.3993,3.6087,-6.2866
1,drinking,0.0537,0.8494,0.5491,37.4069,3.7155,-6.3477
1,drinking,0.0496,0.8528,0.5454,37.2543,3.9291,-6.2332
1,drinking,0.0488,0.8562,0.5457,37.1933,4.0359,-6.1951
1,drinking,0.0400,0.8557,0.5481,37.2086,4.1199,-6.2714
1,drinking,0.0444,0.8586,0.5498,37.0178,4.2038,-6.2561
1,drinking,0.0464,0.8606,0.5393,36.9110,4.3716,-5.9052
1,drinking,0.0457,0.8633,0.5427,36.8805,4.3793,-5.8670
1,drinking,0.0459,0.8608,0.5508,36.8500,4.6005,-5.9204
1,drinking,0.0452,0.8545,0.5488,36.7813,4.9210,-5.8746
1,drinking,0.0408,0.8569,0.5464,36.7966,5.1804,-5.6915
1,drinking,0.0449,0.8613,0.5457,36.7050,5.2719,-5.4169
1,drinking,0.0454,0.8594,0.5464,36.6058,5.2109,-5.2795
1,drinking,0.0474,0.8650,0.5459,36.5753,5.2414,-5.4474
1,drinking,0.0449,0.8618,0.5483,36.6135,5.3177,-5.3711
1,drinking,0.0400,0.8579,0.5518,36.5524,5.3024,-5.2185
1,drinking,0.0383,0.8552,0.5608,36.4380,5.1117,-5.1346
1,drinking,0.0466,0.8567,0.5608,36.3083,4.7836,-5.0430
1,drinking,0.0442,0.8525,0.5505,36.3083,4.5166,-5.0659
1,drinking,0.0425,0.8555,0.5601,36.4761,4.5090,-5.0583
1,drinking,0.0427,0.8535,0.5630,36.5219,4.6692,-4.9057
1,drinking,0.0449,0.8533,0.5605,36.4151,4.8447,-4.8370
1,drinking,0.0464,0.8528,0.5496,36.2015,5.0964,-4.8752
1,drinking,0.0435,0.8545,0.5417,36.0336,5.3329,-4.9667
1,drinking,0.0359,0.8506,0.5405,36.0565,5.7526,-4.9820
1,drinking,0.0427,0.8577,0.5505,35.9421,6.1493,-4.9591
1,drinking,0.0383,0.8582,0.5479,35.9421,6.3705,-4.7836
1,drinking,0.0337,0.8604,0.5361,36.0184,6.6757,-4.6158
1,drinking,0.0408,0.8608,0.5356,36.0413,7.0877,-4.6387
1,drinking,0.0320,0.8623,0.5425,35.9726,7.1869,-4.6768
1,drinking,0.0327,0.8672,0.5505,35.7666,7.2556,-4.6082
1,drinking,0.0442,0.8713,0.5542,35.7590,7.3242,-4.4174
1,drinking,0.0334,0.8738,0.5583,35.9344,7.1335,-4.3106
1,drinking,0.0305,0.8748,0.5566,36.1557,7.0724,-4.1885
1,drinking,0.0300,0.8718,0.5698,36.0947,6.6605,-3.9444
1,drinking,0.0288,0.8728,0.5691,36.2167,6.2332,-3.9673
1,drinking,0.0332,0.8711,0.5752,36.1710,5.8823,-4.0359
1,drinking,0.0325,0.8730,0.5725,36.1710,5.5923,-3.9444
1,drinking,0.0325,0.8704,0.5698,36.1481,5.3024,-3.8376
1,drinking,0.0361,0.8716,0.5647,36.0870,5.0888,-3.7613
1,drinking,0.0337,0.8713,0.5669,36.0794,4.9057,-3.5934
1,drinking,0.0344,0.8684,0.5664,36.0184,4.9438,-3.5019
1,drinking,0.0352,0.8701,0.5583,35.8734,4.8523,-3.4409
1,drinking,0.0347,0.8679,0.5547,35.6979,4.9210,-3.6011
1,drinking,0.0371,0.8672,0.5532,35.6216,4.9515,-3.6545
1,drinking,0.0349,0.8640,0.5491,35.4843,5.1422,-3.6316
1,drinking,0.0381,0.8647,0.5540,35.3622,5.1346,-3.4790
1,drinking,0.0398,0.8606,0.5579,35.2173,5.2261,-3.4180
1,drinking,0.0332,0.8574,0.5549,35.0571,5.5847,-3.4637
1,drinking,0.0269,0.8567,0.5583,35.0494,5.7144,-3.6163
1,drinking,0.0342,0.8535,0.5505,34.9655,5.6229,-3.6774
1,drinking,0.0347,0.8545,0.5474,34.8206,5.5618,-3.7613
1,drinking,0.0364,0.8555,0.5535,34.7061,5.5008,-4.0359
1,drinking,0.0388,0.8569,0.5569,34.6146,5.4550,-4.0359
1,drinking,0.0339,0.8589,0.5549,34.4009,5.5161,-3.9673
1,drinking,0.0371,0.8579,0.5549,34.3475,5.2261,-3.9673
1,drinking,0.0337,0.8591,0.5667,34.1568,4.9896,-4.1046
1,drinking,0.0295,0.8574,0.5713,33.8974,4.8676,-4.1656
1,drinking,0.0334,0.8594,0.5715,33.7219,4.6768,-4.1428
1,drinking,0.0320,0.8552,0.5676,33.6075,4.5166,-4.2572
1,drinking,0.0312,0.8616,0.5630,33.3786,4.4174,-4.4250
1,drinking,0.0286,0.8613,0.5730,33.1802,4.2725,-4.5471
1,drinking,0.0325,0.8582,0.5710,33.0582,4.1428,-4.4861
1,drinking,0.0293,0.8557,0.5664,33.0124,3.9368,-4.4098
1,drinking,0.0332,0.8579,0.5596,32.8140,3.6926,-4.5013
1,drinking,0.0310,0.8618,0.5637,32.6157,3.5553,-4.6463
1,drinking,0.0234,0.8589,0.5691,32.6462,3.4790,-4.5853
1,drinking,0.0266,0.8594,0.5676,32.6996,3.4027,-4.5319
1,drinking,0.0288,0.8643,0.5671,32.5012,3.3951,-4.5624
1,drinking,0.0305,0.8572,0.5642,32.4554,3.2730,-4.6005
1,drinking,0.0244,0.8608,0.5605,32.5012,3.0975,-4.7531
1,drinking,0.0247,0.8608,0.5623,32.3029,3.0518,-4.8676
1,drinking,0.0269,0.8633,0.5544,32.1426,2.9526,-4.8294
1,drinking,0.0286,0.8679,0.5522,32.3257,2.9297,-4.8676
1,drinking,0.0295,0.8662,0.5540,32.2571,2.8152,-4.8828
1,drinking,0.0298,0.8647,0.5466,32.0129,2.7313,-4.9210
1,drinking,0.0278,0.8630,0.5493,31.9290,2.6627,-5.0354
1,drinking,0.0242,0.8647,0.5571,31.9519,2.5482,-4.9591
1,drinking,0.0249,0.8708,0.5618,31.8604,2.5101,-5.0430
1,drinking,0.0293,0.8689,0.5613,31.9290,2.5558,-4.9667
1,drinking,0.0273,0.8667,0.5559,31.9672,2.5101,-4.7989
1,drinking,0.0251,0.8706,0.5471,31.9824,2.4109,-4.9210
1,drinking,0.0242,0.8691,0.5444,31.9901,2.0981,-4.8065
1,drinking,0.0278,0.8689,0.5464,31.8375,2.1744,-4.7836
1,drinking,0.0300,0.8633,0.5537,31.6315,2.2278,-4.6844
1,drinking,0.0303,0.8674,0.5547,31.6925,1.8845,-4.7836
1,drinking,0.0337,0.8682,0.5461,31.9977,1.7242,-4.8065
1,drinking,0.0303,0.8679,0.5417,31.9214,1.8463,-4.7531
1,drinking,0.0303,0.8694,0.5449,31.7535,1.7776,-4.6082
1,drinking,0.0305,0.8679,0.5457,31.9443,1.7242,-4.5547
1,drinking,0.0378,0.8667,0.5415,32.0435,1.6556,-4.6234
1,drinking,0.0334,0.8643,0.5339,32.2800,1.7166,-4.6234
1,drinking,0.0288,0.8701,0.5388,32.2647,1.8234,-4.5395
1,drinking,0.0347,0.8728,0.5369,32.1045,1.7700,-4.4098
1,drinking,0.0349,0.8657,0.5405,32.0663,1.7090,-4.6310
1,drinking,0.0273,0.8689,0.5413,32.1884,1.6708,-4.3945
1,drinking,0.0310,0.8701,0.5361,32.2723,1.7395,-4.4708
1,drinking,0.0305,0.8718,0.5364,32.3715,1.7242,-4.5090
1,drinking,0.0330,0.8713,0.5312,32.5089,1.5564,-4.5853
1,drinking,0.0369,0.8711,0.5325,32.4707,1.4038,-4.6692
1,drinking,0.0374,0.8723,0.5354,32.5012,1.5945,-4.7760
1,drinking,0.0334,0.8704,0.5344,32.5546,1.8005,-4.8218
1,drinking,0.0376,0.8721,0.5371,32.6233,1.8311,-4.6921
1,drinking,0.0386,0.8748,0.5291,32.4020,1.6785,-4.7226
1,drinking,0.0332,0.8704,0.5286,32.3410,1.6937,-4.6921
1,drinking,0.0391,0.8760,0.5198,32.3181,1.8082,-4.5776
1,drinking,0.0359,0.8772,0.5115,32.3792,1.9836,-4.4022
1,drinking,0.0371,0.8782,0.5146,32.5317,1.9531,-4.2725
1,drinking,0.0403,0.8762,0.5154,32.7301,2.0676,-4.0512
1,drinking,0.0310,0.8750,0.5139,32.7530,2.2583,-4.1656
1,drinking,0.0337,0.8713,0.5061,32.7225,2.4719,-4.1656
1,drinking,0.0352,0.8760,0.4954,32.7682,2.7084,-4.0894
1,drinking,0.0410,0.8755,0.5029,32.8598,2.7161,-4.1351
1,drinking,0.0383,0.8770,0.4998,33.0582,2.8610,-4.2114
1,drinking,0.0349,0.8748,0.4880,33.2184,2.8763,-4.1428
1,drinking,0.0376,0.8745,0.5020,33.1650,3.1128,-4.1733
1,drinking,0.0391,0.8752,0.5112,33.1802,3.2196,-4.0817
1,drinking,0.0376,0.8738,0.4990,33.1421,3.2806,-4.1046
1,drinking,0.0383,0.8716,0.5032,33.1039,3.2501,-4.1199
1,drinking,0.0396,0.8811,0.5002,33.2794,3.4027,-4.1809
1,drinking,0.0393,0.8831,0.5034,33.3557,3.8528,-4.0970
1,drinking,0.0369,0.8867,0.4993,33.3481,4.0131,-3.9673
1,drinking,0.0359,0.8818,0.4971,33.3633,4.1046,-3.8147
1,drinking,0.0391,0.8809,0.4958,33.4778,4.4937,-3.7918
1,drinking,0.0344,0.8796,0.4878,33.3099,4.4937,-3.8223
1,drinking,0.0344,0.8801,0.5005,33.2031,4.6844,-3.8910
1,drinking,0.0347,0.8757,0.5022,33.2565,4.9057,-3.9749
1,drinking,0.0322,0.8757,0.4941,33.3405,4.9820,-3.8605
1,drinking,0.0413,0.8792,0.4917,33.4473,5.0659,-3.8757
1,drinking,0.0396,0.8787,0.4971,33.4320,5.0888,-3.9825
1,drinking,0.0410,0.8711,0.4966,33.3939,5.3940,-3.9978
1,drinking,0.0400,0.8752,0.4929,33.3633,5.5542,-4.0359
1,drinking,0.0413,0.8757,0.4910,33.4091,5.5618,-4.1199
1,drinking,0.0391,0.8740,0.4917,33.3405,5.7678,-4.1885
1,drinking,0.0415,0.8757,0.5010,33.2947,6.0654,-4.0131
1,drinking,0.0378,0.8723,0.4978,33.3710,6.2866,-4.1275
1,drinking,0.0312,0.8750,0.4934,33.4320,6.4011,-4.2419
1,drinking,0.0347,0.8774,0.4927,33.3786,6.4926,-4.3335
1,drinking,0.0337,0.8772,0.4893,33.4549,6.6605,-4.3716
1,drinking,0.0342,0.8748,0.4866,33.6151,6.8207,-4.4479
1,drinking,0.0295,0.8770,0.4946,33.4930,7.0267,-4.4708
1,drinking,0.0315,0.8716,0.4922,33.3557,7.1335,-4.4632
1,drinking,0.0286,0.8740,0.4895,33.3099,7.2556,-4.6463
1,drinking,0.0308,0.8757,0.4968,33.2870,7.5607,-4.7226
1,drinking,0.0320,0.8787,0.5027,33.1955,7.6523,-4.7531
1,drinking,0.0347,0.8770,0.5027,33.1650,7.5836,-4.5929
1,drinking,0.0295,0.8799,0.4912,33.2031,7.6981,-4.6844
1,drinking,0.0295,0.8828,0.4883,33.0811,7.8049,-4.7684
1,drinking,0.0239,0.8813,0.4902,33.1345,7.9956,-4.8218
1,drinking,0.0310,0.8811,0.4922,33.3023,8.2626,-4.7302
1,drinking,0.0286,0.8870,0.4988,33.4778,8.6060,-4.6692
1,drinking,0.0254,0.8828,0.4954,33.3710,8.5526,-4.6158
1,drinking,0.0283,0.8857,0.4990,33.2031,8.5526,-4.7226
1,drinking,0.0300,0.8833,0.5029,33.1650,8.4991,-4.8676
1,drinking,0.0222,0.8811,0.4976,33.2565,8.3389,-4.7989
1,drinking,0.0222,0.8821,0.5032,33.2870,8.3618,-4.6844
1,drinking,0.0242,0.8867,0.5115,33.3862,8.4991,-4.6997
1,drinking,0.0220,0.8845,0.5032,33.3862,8.4381,-4.7836
1,drinking,0.0315,0.8816,0.4963,33.3939,8.3237,-4.8523
1,drinking,0.0247,0.8879,0.5017,33.4396,8.2092,-4.8218
1,drinking,0.0188,0.8894,0.5032,33.5007,8.0490,-5.0201
1,drinking,0.0183,0.8911,0.5042,33.5617,7.9575,-4.8981
1,drinking,0.0220,0.8936,0.4995,33.6914,8.0185,-4.7760
1,drinking,0.0212,0.8909,0.4998,33.6761,7.9651,-4.8065
1,drinking,0.0229,0.8918,0.5061,33.6838,8.0109,-4.8447
1,drinking,0.0264,0.8970,0.4978,33.7067,7.8812,-4.8141
1,drinking,0.0154,0.8965,0.5000,33.7448,7.8964,-4.8599
1,drinking,0.0154,0.9028,0.5063,33.7753,7.8430,-4.9973
1,drinking,0.0176,0.9016,0.4990,33.8440,7.6447,-4.9286
1,drinking,0.0146,0.9055,0.4922,33.8821,7.6675,-4.8752
1,drinking,0.0212,0.9111,0.5017,33.9737,7.5912,-4.7760
1,drinking,0.0181,0.9075,0.5081,33.8974,7.4997,-4.7379
1,drinking,0.0168,0.9060,0.5042,33.7372,7.2403,-4.5090
1,drinking,0.0146,0.9084,0.5034,33.7067,7.2250,-4.3716
1,drinking,0.0166,0.9133,0.5027,33.6304,7.1793,-4.3030
1,drinking,0.0181,0.9199,0.4968,33.5693,7.1106,-4.2191
1,drinking,0.0127,0.9163,0.5020,33.5388,7.1335,-4.3411
1,drinking,0.0156,0.9160,0.4939,33.5388,7.0190,-4.3640
1,drinking,0.0100,0.9180,0.5015,33.4015,6.6833,-4.1428
1,drinking,0.0159,0.9182,0.5024,33.3710,6.5613,-4.0283
1,drinking,0.0122,0.9150,0.4915,33.2413,6.6605,-3.9215
1,drinking,0.0139,0.9106,0.5029,33.0811,6.5689,-3.8300
1,drinking,0.0134,0.9150,0.5063,32.8522,6.4621,-3.8147
1,drinking,0.0095,0.9238,0.4900,32.7072,6.3171,-3.7842
1,drinking,0.0137,0.9270,0.4866,32.6767,6.2485,-3.6240
1,drinking,0.0171,0.9224,0.4988,32.7606,5.9280,-3.5858
1,drinking,0.0144,0.9224,0.4983,32.7911,5.9662,-3.4409
1,drinking,0.0151,0.9172,0.4878,32.6309,5.8136,-3.4256
1,drinking,0.0171,0.9141,0.4812,32.5851,5.6152,-3.4027
1,drinking,0.0137,0.9182,0.4907,32.4478,5.5847,-3.2959
1,drinking,0.0134,0.9268,0.4871,32.2342,5.5847,-3.2654
1,drinking,0.0195,0.9236,0.4751,32.0587,5.6839,-3.1204
1,drinking,0.0193,0.9160,0.4758,31.9748,5.8212,-2.9297
1,drinking,0.0173,0.9128,0.4812,31.9290,5.7068,-3.0060
1,drinking,0.0190,0.9187,0.4841,31.8298,5.6839,-3.1128
1,drinking,0.0234,0.9185,0.4761,31.6849,5.7297,-2.9755
1,drinking,0.0208,0.9121,0.4683,31.5704,5.5923,-2.7313
1,drinking,0.0127,0.9163,0.4697,31.5933,5.5923,-2.7771
1,drinking,0.0168,0.9197,0.4702,31.4865,5.7373,-2.7618
1,drinking,0.0159,0.9150,0.4731,31.3416,5.8060,-2.8458
1,drinking,0.0193,0.9158,0.4695,31.2500,5.9662,-2.6550
1,drinking,0.0220,0.9155,0.4626,31.0898,6.1111,-2.5177
1,drinking,0.0203,0.9111,0.4702,31.0211,6.0883,-2.5024
1,drinking,0.0273,0.9116,0.4712,30.8685,5.9433,-2.6855
1,drinking,0.0273,0.9207,0.4646,30.8304,5.9662,-2.7771
1,drinking,0.0293,0.9189,0.4626,30.8456,6.0883,-2.6855
1,drinking,0.0222,0.9126,0.4609,30.8304,5.9662,-2.6474
1,drinking,0.0269,0.9128,0.4663,30.6854,5.9433,-2.5635
1,drinking,0.0281,0.9138,0.4661,30.4718,6.0425,-2.4414
1,drinking,0.0261,0.9150,0.4587,30.4184,5.9891,-2.5711
1,drinking,0.0288,0.9138,0.4695,30.4184,5.9052,-2.6016
1,drinking,0.0278,0.9150,0.4670,30.4871,5.8746,-2.6703
1,drinking,0.0264,0.9158,0.4604,30.3574,6.0730,-2.6627
1,drinking,0.0227,0.9150,0.4534,30.1514,6.0196,-2.7466
1,drinking,0.0291,0.9185,0.4629,29.9454,6.0806,-2.8000
1,drinking,0.0254,0.9158,0.4609,30.0293,5.9509,-2.7084
1,drinking,0.0215,0.9187,0.4551,30.0598,5.9814,-2.8839
1,drinking,0.0254,0.9146,0.4558,29.8004,6.1035,-2.9144
1,drinking,0.0247,0.9163,0.4556,29.5334,6.1646,-2.9984
1,drinking,0.0142,0.9170,0.4463,29.4876,5.9433,-2.9526
1,drinking,0.0171,0.9150,0.4580,29.4037,5.8441,-2.9068
1,drinking,0.0234,0.9150,0.4600,29.2740,5.9814,-2.8839
1,drinking,0.0281,0.9104,0.4543,29.1519,5.8594,-2.9678
1,drinking,0.0198,0.9160,0.4521,29.1367,5.8060,-2.8229
1,drinking,0.0156,0.9185,0.4500,29.0527,5.6839,-2.7924
1,drinking,0.0195,0.9131,0.4570,28.9917,5.5695,-2.7390
1,drinking,0.0164,0.9106,0.4590,28.9230,5.6458,-2.7466
1,drinking,0.0127,0.9133,0.4561,28.9078,5.7373,-2.8305
1,drinking,0.0166,0.9148,0.4504,28.8010,5.9128,-2.8610
1,drinking,0.0254,0.9133,0.4426,28.8315,5.9280,-2.7771
1,drinking,0.0215,0.9075,0.4446,28.8315,5.9128,-2.7771
1,drinking,0.0161,0.9082,0.4426,28.7018,5.8441,-3.0212
1,drinking,0.0173,0.9031,0.4463,28.7323,5.9052,-3.1509
1,drinking,0.0254,0.9043,0.4412,28.6713,5.9738,-3.1052
1,drinking,0.0256,0.9048,0.4436,28.7094,6.0730,-3.0899
1,drinking,0.0208,0.9060,0.4470,28.6255,5.9891,-3.2578
1,drinking,0.0208,0.9087,0.4431,28.6026,5.8823,-3.4561
1,drinking,0.0168,0.9102,0.4451,28.4729,5.9814,-3.5477
1,drinking,0.0215,0.9136,0.4419,28.4195,6.3171,-3.4332
1,drinking,0.0195,0.9114,0.4375,28.5110,6.4392,-3.3875
1,drinking,0.0188,0.9092,0.4380,28.3508,6.2103,-3.5477
1,drinking,0.0183,0.9089,0.4343,28.3203,6.2408,-3.7460
1,drinking,0.0200,0.9045,0.4338,28.3127,6.3553,-3.9062
1,drinking,0.0210,0.9102,0.4387,28.3051,6.6223,-3.9749
1,drinking,0.0134,0.9102,0.4373,28.1830,6.6833,-4.0665
1,drinking,0.0166,0.9136,0.4370,27.9312,6.9275,-4.0207
1,drinking,0.0146,0.9094,0.4438,27.8702,6.9656,-3.9673
1,drinking,0.0134,0.9124,0.4351,27.8168,6.9427,-4.0207
1,drinking,0.0186,0.9138,0.4417,27.7557,7.0419,-4.1809
1,drinking,0.0146,0.9124,0.4478,27.7100,6.9962,-4.3716
1,drinking,0.0161,0.9131,0.4448,27.7634,6.9962,-4.4403
1,drinking,0.0144,0.9133,0.4500,27.6947,7.0267,-4.2725
1,drinking,0.0068,0.9109,0.4546,27.5726,6.9885,-4.3182
1,drinking,0.0156,0.9187,0.4429,27.4963,7.0343,-4.3030
1,drinking,0.0190,0.9167,0.4324,27.4658,7.1182,-4.2496
1,drinking,0.0083,0.9165,0.4385,27.4353,7.1259,-4.3488
1,drinking,0.0125,0.9214,0.4487,27.3438,7.1411,-4.3335
1,drinking,0.0115,0.9246,0.4507,27.2980,7.1869,-4.3030
1,drinking,0.0085,0.9299,0.4417,27.4048,7.1869,-4.2419
1,drinking,0.0049,0.9250,0.4509,27.4429,7.2098,-4.2572
1,drinking,0.0085,0.9238,0.4485,27.3361,7.1182,-4.2877
1,drinking,0.0134,0.9297,0.4438,27.2141,7.0038,-4.3259
1,drinking,0.0088,0.9309,0.4468,27.3972,6.8588,-4.1580
1,drinking,0.0120,0.9238,0.4424,27.6566,6.6681,-4.1809
1,drinking,0.0088,0.9275,0.4473,27.6260,6.6071,-4.3488
1,drinking,0.0112,0.9321,0.4419,27.5726,6.5765,-4.3564
1,drinking,0.0100,0.9309,0.4473,27.5421,6.4926,-4.3488
1,drinking,0.0090,0.9341,0.4424,27.3743,6.2714,-4.0283
1,drinking,0.0051,0.9304,0.4475,27.4429,6.3324,-3.9597
1,drinking,0.0039,0.9326,0.4517,27.4582,6.3095,-3.9749
1,drinking,0.0042,0.9395,0.4436,27.4200,6.0730,-4.0207
1,drinking,0.0137,0.9387,0.4463,27.2903,5.9662,-4.0512
1,drinking,0.0068,0.9402,0.4443,27.3438,5.9509,-4.0512
1,drinking,0.0110,0.9421,0.4336,27.3361,5.8975,-3.9062
1,drinking,0.0115,0.9399,0.4390,27.2141,5.9128,-3.7384
1,drinking,0.0095,0.9448,0.4360,27.1301,5.8517,-3.7003
1,drinking,0.0125,0.9441,0.4377,27.1988,5.8289,-3.8605
1,drinking,0.0125,0.9431,0.4351,26.9852,5.6152,-3.8681
1,drinking,0.0093,0.9434,0.4417,26.9623,5.4550,-3.6697
1,drinking,0.0034,0.9475,0.4424,26.8555,5.4855,-3.6087
1,drinking,0.0044,0.9453,0.4453,26.6724,5.5008,-3.5400
1,drinking,0.0078,0.9490,0.4399,26.5656,5.3635,-3.6316
1,drinking,0.0110,0.9487,0.4326,26.4511,5.0964,-3.5019
1,drinking,0.0129,0.9453,0.4290,26.4359,4.9515,-3.3722
1,drinking,0.0085,0.9419,0.4285,26.5656,4.8065,-3.3417
1,drinking,0.0076,0.9414,0.4233,26.3824,4.7379,-3.4180
1,drinking,0.0110,0.9470,0.4290,26.0773,4.5319,-3.3264
1,drinking,0.0127,0.9521,0.4382,25.9933,4.4174,-3.1586
1,drinking,0.0110,0.9417,0.4307,26.0849,4.3182,-3.2043
1,drinking,0.0110,0.9424,0.4243,25.9552,4.5013,-3.1281
1,drinking,0.0144,0.9426,0.4253,25.7492,4.6158,-2.9831
1,drinking,0.0176,0.9421,0.4104,25.7950,4.4708,-3.0289
1,drinking,0.0183,0.9436,0.4136,25.7797,4.3869,-3.0212
1,drinking,0.0254,0.9460,0.4109,25.6882,4.3640,-2.8839
1,drinking,0.0210,0.9487,0.4121,25.6119,4.3640,-2.8610
1,drinking,0.0176,0.9478,0.4065,25.5737,4.3030,-2.7695
1,drinking,0.0146,0.9434,0.4062,25.6271,4.4250,-2.7084
1,drinking,0.0154,0.9419,0.3977,25.7416,4.5547,-2.6627
1,drinking,0.0117,0.9412,0.4104,25.6195,4.6463,-2.7390
1,drinking,0.0159,0.9468,0.4033,25.5432,4.7226,-2.6932
1,drinking,0.0190,0.9392,0.4092,25.3906,4.6997,-2.7466
1,drinking,0.0203,0.9346,0.4146,25.2228,4.6768,-2.6245
1,drinking,0.0264,0.9360,0.4119,25.1465,4.8065,-2.6474
1,drinking,0.0193,0.9299,0.3972,25.0854,5.0201,-2.6550
1,drinking,0.0229,0.9280,0.4060,24.8947,5.1346,-2.6779
1,drinking,0.0244,0.9333,0.4014,24.7726,5.3711,-2.7084
1,drinking,0.0208,0.9355,0.4082,24.8260,5.5542,-2.7924
1,drinking,0.0193,0.9360,0.3997,24.6735,5.6534,-2.8229
1,drinking,0.0171,0.9319,0.4006,24.6124,5.7602,-2.8687
1,drinking,0.0171,0.9314,0.4006,24.5285,5.9814,-3.0212
1,drinking,0.0251,0.9331,0.3972,24.4827,6.0730,-3.1967
1,drinking,0.0220,0.9314,0.3987,24.3454,6.0883,-3.1281
1,drinking,0.0154,0.9355,0.4028,24.1623,6.1874,-3.1738
1,drinking,0.0234,0.9360,0.3979,24.2157,6.3858,-3.2196
1,drinking,0.0220,0.9336,0.3972,24.3149,6.5002,-3.2501
1,drinking,0.0234,0.9338,0.4016,24.2004,6.4621,-3.2730
1,drinking,0.0208,0.9319,0.4014,24.2996,6.6452,-3.3875
1,drinking,0.0227,0.9341,0.4021,24.3378,6.6757,-3.3340
1,drinking,0.0251,0.9292,0.4043,24.3454,6.6605,-3.3188
1,drinking,0.0247,0.9341,0.3975,24.3912,6.8207,-3.4103
1,drinking,0.0210,0.9363,0.3950,24.6353,6.9122,-3.4180
1,drinking,0.0271,0.9326,0.4033,24.7650,6.9885,-3.3035
1,drinking,0.0178,0.9309,0.4033,24.9329,6.8817,-3.2120
1,drinking,0.0151,0.9368,0.3921,25.0397,6.8665,-3.1738
1,drinking,0.0183,0.9358,0.3945,25.3143,7.0419,-3.1662
1,drinking,0.0215,0.9360,0.4041,25.4288,7.2327,-2.9297
1,drinking,0.0212,0.9290,0.4006,25.3906,7.4081,-2.9526
1,drinking,0.0125,0.9375,0.3916,25.5051,7.6447,-3.0441
1,drinking,0.0115,0.9333,0.3972,25.7034,7.7972,-2.9907
1,drinking,0.0173,0.9338,0.3984,25.5814,8.0261,-2.9144
1,drinking,0.0176,0.9329,0.3958,25.4745,8.1177,-3.0746
1,drinking,0.0173,0.9324,0.3955,25.5356,8.0185,-3.2120
1,drinking,0.0229,0.9363,0.3987,25.6348,8.1940,-3.1509
1,drinking,0.0193,0.9346,0.4065,25.8560,8.3313,-3.0441
1,drinking,0.0212,0.9336,0.4141,25.8331,8.4839,-3.0212
1,drinking,0.0161,0.9380,0.4067,25.7187,8.5678,-3.2883
1,drinking,0.0112,0.9417,0.4204,25.6882,8.4000,-3.5095
1,drinking,0.0100,0.9333,0.4180,25.6653,8.2397,-3.5629
1,drinking,0.0156,0.9314,0.4216,25.6195,8.1177,-3.5858
1,drinking,0.0139,0.9360,0.4285,25.5203,7.9803,-3.4256
1,drinking,0.0173,0.9387,0.4280,25.5432,7.8354,-3.5172
1,drinking,0.0173,0.9395,0.4160,25.7416,7.8888,-3.4561
1,drinking,0.0107,0.9402,0.4131,25.8026,7.8201,-3.4943
1,drinking,0.0132,0.9377,0.4092,25.6958,7.8354,-3.5934
1,drinking,0.0093,0.9312,0.4153,25.6042,8.0261,-3.6545
1,drinking,0.0051,0.9353,0.4080,25.5356,8.1558,-3.7308
1,drinking,0.0029,0.9397,0.4106,25.4211,8.3313,-3.8910
1,drinking,0.0029,0.9382,0.4092,25.5585,8.4000,-3.8757
1,drinking,0.0071,0.9338,0.4043,25.4669,8.4534,-3.7155
1,drinking,0.0110,0.9385,0.4001,25.2380,8.6975,-3.6469
1,drinking,0.0112,0.9409,0.4067,25.2075,8.7204,-3.5858
1,drinking,0.0078,0.9453,0.4104,25.1617,8.8959,-3.6011
1,drinking,0.0122,0.9456,0.4141,25.0244,8.9188,-3.6850
1,drinking,0.0166,0.9478,0.4082,24.9481,9.0027,-3.8528
1,drinking,0.0159,0.9546,0.4109,24.8947,8.8882,-3.7918
1,drinking,0.0117,0.9570,0.4033,24.7803,8.8577,-3.5706
1,drinking,0.0105,0.9609,0.4138,24.8108,8.7967,-3.5629
1,drinking,0.0159,0.9536,0.4104,24.7192,8.7967,-3.6392
1,drinking,0.0146,0.9583,0.4111,24.5438,8.8425,-3.6621
1,drinking,0.0125,0.9558,0.4006,24.5209,8.6899,-3.6469
1,drinking,0.0105,0.9575,0.4099,24.5667,8.6060,-3.4637
1,drinking,0.0122,0.9609,0.4016,24.6658,8.5678,-3.3646
1,drinking,0.0061,0.9612,0.4021,24.6811,8.5449,-3.2043
1,drinking,0.0083,0.9595,0.3923,24.5056,8.3923,-3.1281
1,drinking,0.0071,0.9585,0.3936,24.4370,8.4152,-3.0060
1,drinking,0.0054,0.9661,0.3933,24.2844,8.4229,-2.9602
1,drinking,0.0068,0.9646,0.3914,24.1394,8.6365,-2.8763
1,drinking,0.0120,0.9573,0.3901,24.1776,8.7357,-2.5482
1,drinking,0.0146,0.9607,0.3911,24.2386,8.9722,-2.5635
1,drinking,0.0120,0.9604,0.3901,24.1547,9.1324,-2.5864
1,drinking,0.0071,0.9592,0.3943,23.9944,9.2545,-2.5101
1,drinking,0.0105,0.9592,0.3933,23.8266,9.3155,-2.4567
1,drinking,0.0156,0.9536,0.3972,23.7198,9.3842,-2.3727
1,drinking,0.0159,0.9531,0.4009,23.5901,9.6436,-2.2354
1,drinking,0.0168,0.9526,0.4006,23.6053,9.8190,-2.2354
1,drinking,0.0154,0.9541,0.3958,23.5367,9.7885,-2.2812
1,drinking,0.0117,0.9558,0.3987,23.5672,9.7733,-2.2659
1,drinking,0.0129,0.9475,0.3918,23.4985,9.7351,-2.1210
1,drinking,0.0120,0.9543,0.4094,23.5367,9.8038,-2.0599
1,drinking,0.0112,0.9551,0.4072,23.4528,9.8114,-2.0447
1,drinking,0.0195,0.9492,0.4087,23.1705,9.7809,-2.0676
1,drinking,0.0178,0.9507,0.4067,22.8577,9.7580,-2.0599
1,drinking,0.0139,0.9475,0.4143,22.8806,9.8495,-2.0905
1,drinking,0.0103,0.9465,0.4099,22.9111,9.9258,-2.1973
1,drinking,0.0193,0.9456,0.4050,23.0637,9.8419,-2.2659
1,drinking,0.0186,0.9438,0.4094,22.8882,9.7961,-2.2202
1,drinking,0.0215,0.9417,0.4143,22.6746,9.5062,-2.2812
1,drinking,0.0178,0.9441,0.4094,22.6059,9.2468,-2.4033
1,drinking,0.0151,0.9414,0.4285,22.7585,9.2316,-2.3499
1,drinking,0.0151,0.9438,0.4202,22.7127,9.2010,-2.3117
1,drinking,0.0122,0.9421,0.4170,22.6364,9.1553,-2.3422
1,drinking,0.0161,0.9407,0.4155,22.5677,8.9951,-2.5940
1,drinking,0.0134,0.9402,0.4175,22.6517,8.8882,-2.6474
1,drinking,0.0107,0.9397,0.4167,22.7051,8.8272,-2.4567
1,drinking,0.0105,0.9473,0.4209,22.6974,8.9340,-2.3651
1,drinking,0.0176,0.9399,0.4094,22.5983,8.9340,-2.3346
1,drinking,0.0232,0.9426,0.4124,22.3618,8.7967,-2.2964
1,drinking,0.0212,0.9453,0.4170,22.4838,8.6441,-2.4109
1,drinking,0.0188,0.9458,0.4111,22.4838,8.5449,-2.6016
1,drinking,0.0154,0.9397,0.4155,22.3312,8.5373,-2.7695
1,drinking,0.0139,0.9395,0.4182,22.3389,8.4686,-2.8687
1,drinking,0.0229,0.9407,0.4153,22.3236,8.3771,-2.8458
1,drinking,0.0173,0.9397,0.4236,22.3389,8.2169,-2.8992
1,drinking,0.0144,0.9397,0.4236,22.3160,8.0261,-3.0212
1,drinking,0.0166,0.9412,0.4226,22.1558,7.8125,-3.0441
1,drinking,0.0129,0.9387,0.4197,22.0108,7.8125,-2.9144
1,drinking,0.0093,0.9373,0.4243,22.0184,7.7896,-3.0518
1,drinking,0.0186,0.9395,0.4209,22.0718,7.4997,-3.2425
1,drinking,0.0117,0.9419,0.4233,21.8506,7.3242,-3.3722
1,drinking,0.0132,0.9407,0.4224,21.8124,7.1182,-3.3188
1,drinking,0.0105,0.9392,0.4233,21.8658,6.8436,-3.5095
1,drinking,0.0120,0.9355,0.4250,21.7667,6.6223,-3.4637
1,drinking,0.0105,0.9412,0.4260,21.6446,6.4316,-3.5019
1,drinking,0.0149,0.9412,0.4246,21.5302,6.1493,-3.5172
1,drinking,0.0161,0.9424,0.4294,21.4844,5.7602,-3.6697
1,drinking,0.0105,0.9421,0.4287,21.5302,5.4779,-3.9597
1,drinking,0.0039,0.9351,0.4336,21.4462,5.1956,-3.9139
1,drinking,0.0046,0.9375,0.4294,21.3242,4.8752,-3.8834
1,drinking,0.0081,0.9385,0.4275,21.3165,4.8523,-4.0817
1,drinking,0.0044,0.9436,0.4197,21.2555,4.6616,-4.0359
1,drinking,0.0076,0.9375,0.4224,21.0037,4.4098,-4.1199
1,drinking,0.0063,0.9426,0.4229,20.8588,4.2572,-4.1809
1,drinking,0.0134,0.9443,0.4202,20.7748,4.0665,-3.9444
1,drinking,0.0129,0.9404,0.4131,20.7825,3.8605,-3.9825
1,drinking,0.0046,0.9441,0.4138,20.9045,3.9291,-4.1046
1,drinking,0.0000,0.9478,0.4194,20.8359,3.8986,-4.1428
1,drinking,0.0020,0.9441,0.4089,20.8435,3.8223,-4.1580
1,drinking,0.0100,0.9436,0.4111,20.6223,3.6392,-4.0970
1,drinking,0.0054,0.9460,0.4109,20.6375,3.7003,-4.0741
1,drinking,0.0051,0.9497,0.4170,20.5994,3.7231,-3.9673
1,drinking,0.0020,0.9521,0.4104,20.4163,3.6163,-3.9673
1,drinking,-0.0024,0.9558,0.4189,20.4315,3.3798,-4.0359
1,drinking,0.0000,0.9536,0.4177,20.5536,3.4027,-4.0665
1,drinking,0.0117,0.9465,0.4165,20.7367,3.3646,-4.0894
1,drinking,0.0063,0.9502,0.4099,20.7291,3.0365,-4.0741
1,drinking,0.0002,0.9565,0.4236,20.5688,2.9755,-4.0588
1,drinking,-0.0007,0.9563,0.4192,20.5078,2.9297,-4.0283
1,drinking,0.0068,0.9561,0.4111,20.4544,2.8152,-3.9978
1,drinking,0.0078,0.9539,0.4106,20.4849,2.5024,-4.1046
1,drinking,0.0037,0.9561,0.4199,20.5154,2.4643,-4.1046
1,drinking,0.0073,0.9597,0.4155,20.6299,2.3575,-3.8452
1,drinking,0.0059,0.9573,0.4153,20.6909,2.3804,-3.8605
1,drinking,0.0005,0.9570,0.4028,20.6757,2.3422,-3.8528
1,drinking,0.0090,0.9573,0.4109,20.6909,2.3575,-3.9444
1,drinking,0.0083,0.9570,0.4033,20.7596,2.3880,-3.7766
1,drinking,0.0090,0.9617,0.4058,20.6146,2.3270,-3.8147
1,drinking,0.0054,0.9590,0.4026,20.4391,2.0828,-3.9062
1,drinking,0.0017,0.9570,0.4153,20.3247,2.0905,-3.7689
1,drinking,0.0076,0.9568,0.4172,20.4315,1.9684,-3.7537
1,drinking,0.0054,0.9534,0.4072,20.4468,1.8692,-3.8376
1,drinking,0.0083,0.9575,0.4097,20.4391,1.9150,-3.8528
1,drinking,0.0063,0.9563,0.4128,20.3629,1.9913,-3.8757
1,drinking,0.0068,0.9536,0.4089,20.3934,1.8616,-3.8223
1,drinking,0.0081,0.9526,0.4094,20.4773,1.7319,-3.7766
1,drinking,-0.0010,0.9519,0.4172,20.4086,1.5564,-3.8452
1,drinking,0.0024,0.9590,0.4126,20.2560,1.6098,-3.8986
1,drinking,0.0049,0.9551,0.4092,20.0958,1.4114,-3.9291
1,drinking,0.0078,0.9509,0.4116,20.0424,1.2589,-3.9139
1,drinking,0.0081,0.9534,0.4167,20.0806,1.2512,-4.0131
1,drinking,0.0071,0.9514,0.4048,20.1492,1.3657,-4.0054
1,drinking,0.0100,0.9565,0.4099,20.0653,1.2054,-4.0436
1,drinking,0.0186,0.9526,0.4006,19.9509,1.1444,-4.1809
1,drinking,0.0098,0.9490,0.3950,19.8593,1.0452,-4.1504
1,drinking,0.0063,0.9468,0.3984,19.8593,1.0681,-4.0436
1,drinking,0.0063,0.9502,0.3997,19.9356,1.0529,-3.8147
1,drinking,0.0120,0.9490,0.4023,19.9738,1.0147,-3.9291
1,drinking,0.0068,0.9543,0.4053,20.0119,1.0223,-4.1275
1,drinking,0.0100,0.9534,0.4021,20.0882,0.9766,-4.0817
1,drinking,0.0156,0.9451,0.3979,20.1263,1.0605,-4.0436
1,drinking,0.0112,0.9443,0.3943,20.2103,1.1749,-3.9215
1,drinking,0.0088,0.9453,0.3987,20.2789,1.0452,-3.9749
1,drinking,0.0061,0.9465,0.4021,20.5002,0.9537,-3.9749
1,drinking,0.0066,0.9465,0.3962,20.6757,0.9995,-3.9825
1,drinking,0.0015,0.9465,0.3896,20.9885,1.1292,-3.9291
1,drinking,0.0122,0.9460,0.3940,21.3318,1.0529,-3.9825
1,drinking,0.0173,0.9507,0.3918,21.5836,1.0376,-4.1122
1,drinking,0.0159,0.9382,0.3979,21.7133,0.8774,-4.1580
1,drinking,0.0168,0.9448,0.3984,22.0032,0.8240,-4.2038
1,drinking,0.0093,0.9441,0.3982,22.3312,0.7477,-4.3793
1,drinking,0.0117,0.9414,0.3933,22.5143,0.6256,-4.4098
1,drinking,0.0083,0.9407,0.3789,22.7509,0.7172,-4.4174
1,drinking,0.0146,0.9385,0.3882,23.0103,0.7706,-4.5013
1,drinking,0.0098,0.9399,0.3865,23.3078,0.9232,-4.6921
1,drinking,0.0081,0.9358,0.3782,23.6053,0.9613,-4.7455
1,drinking,0.0103,0.9426,0.3809,23.7808,0.8774,-4.8141
1,drinking,0.0068,0.9448,0.3792,23.9258,0.9232,-4.8599
1,drinking,0.0129,0.9438,0.3779,24.0479,0.7935,-4.9744
1,drinking,0.0132,0.9409,0.3774,24.2233,0.7858,-5.1041
1,drinking,0.0125,0.9438,0.3801,24.4141,0.7935,-5.1270
1,drinking,0.0100,0.9458,0.3811,24.6201,0.7782,-5.1575
1,drinking,0.0078,0.9480,0.3694,24.8413,0.8621,-5.1804
1,drinking,0.0068,0.9492,0.3643,25.0015,0.9232,-5.4169
1,drinking,0.0068,0.9500,0.3708,25.2457,1.0071,-5.5695
1,drinking,0.0066,0.9517,0.3748,25.3448,0.8850,-5.5771
1,drinking,0.0029,0.9507,0.3718,25.3906,0.9003,-5.6534
1,drinking,-0.0020,0.9578,0.3701,25.5661,0.8774,-5.7449
1,drinking,0.0071,0.9590,0.3689,25.6348,0.8698,-5.7983
1,drinking,0.0098,0.9595,0.3594,25.6958,0.9766,-5.6915
1,drinking,0.0071,0.9607,0.3579,25.7568,0.9995,-5.6686
1,drinking,0.0002,0.9573,0.3669,25.7416,1.0071,-5.9052
1,drinking,-0.0054,0.9651,0.3760,25.7721,0.9842,-6.0806
1,drinking,-0.0046,0.9663,0.3684,25.6958,0.9766,-6.0425
1,drinking,0.0000,0.9668,0.3679,25.8484,0.8087,-6.1264
1,drinking,0.0005,0.9666,0.3601,25.7950,0.7858,-6.2256
1,drinking,-0.0017,0.9673,0.3569,25.6500,0.7629,-6.1951
1,drinking,-0.0046,0.9685,0.3613,25.5203,0.6180,-6.2103
1,drinking,-0.0073,0.9758,0.3601,25.3525,0.6104,-6.3171
1,drinking,-0.0061,0.9746,0.3530,25.3067,0.6027,-6.1951
1,drinking,-0.0132,0.9761,0.3525,25.2609,0.5112,-6.3400
1,drinking,-0.0127,0.9761,0.3430,25.1160,0.3357,-6.4926
1,drinking,-0.0139,0.9790,0.3445,24.8871,0.1831,-6.5002
1,drinking,-0.0090,0.9829,0.3540,24.6964,0.0458,-6.3782
1,drinking,-0.0056,0.9863,0.3350,24.6201,0.1297,-6.3019
1,drinking,-0.0103,0.9834,0.3406,24.4980,0.1678,-6.4011
1,drinking,-0.0134,0.9797,0.3394,24.3988,0.1984,-6.2866
1,drinking,-0.0144,0.9883,0.3396,24.3301,0.0229,-6.1188
1,drinking,-0.0198,0.9897,0.3335,24.1241,-0.0992,-6.1111
1,drinking,-0.0134,0.9919,0.3232,23.8724,-0.2289,-6.1417
1,drinking,-0.0171,0.9902,0.3325,23.7122,-0.2670,-6.1035
1,drinking,-0.0195,0.9941,0.3284,23.6282,-0.2213,-6.0349
1,drinking,-0.0144,0.9971,0.3269,23.4985,-0.4044,-5.9662
1,drinking,-0.0156,1.0010,0.3198,23.1934,-0.4730,-5.8365
1,drinking,-0.0193,1.0034,0.3154,22.9187,-0.6561,-5.8517
1,drinking,-0.0161,1.0022,0.3208,22.9721,-0.8850,-5.8136
1,drinking,-0.0144,1.0002,0.3188,22.8958,-1.0605,-5.8594
1,drinking,-0.0200,0.9998,0.3242,22.6898,-1.3123,-5.8670
1,drinking,-0.0208,1.0005,0.3115,22.7356,-1.2817,-5.6610
1,drinking,-0.0161,1.0012,0.3064,22.5601,-1.4648,-5.5161
1,drinking,-0.0222,1.0049,0.3044,22.4609,-1.5106,-5.5695
1,drinking,-0.0237,1.0095,0.3020,22.0947,-1.5564,-5.7526
1,drinking,-0.0217,1.0068,0.3079,21.7896,-1.6937,-5.6763
1,drinking,-0.0142,1.0066,0.2996,21.5225,-1.6708,-5.5237
1,drinking,-0.0190,1.0051,0.2942,21.3547,-1.7929,-5.2795
1,drinking,-0.0183,1.0110,0.2961,21.2173,-1.9684,-5.3024
1,drinking,-0.0208,1.0125,0.2920,21.0800,-2.1133,-5.2185
1,drinking,-0.0232,1.0159,0.2854,20.8817,-2.0676,-5.1651
1,drinking,-0.0244,1.0200,0.2881,20.5383,-2.1515,-5.0964
1,drinking,-0.0220,1.0146,0.2917,20.2789,-2.0981,-5.1346
1,drinking,-0.0210,1.0203,0.2849,20.1340,-2.1744,-4.8904
1,drinking,-0.0249,1.0242,0.2834,19.8746,-2.1515,-4.7226
1,drinking,-0.0273,1.0220,0.2703,19.7144,-2.1210,-4.4632
1,drinking,-0.0273,1.0298,0.2612,19.4778,-2.0294,-4.4479
1,drinking,-0.0291,1.0298,0.2783,19.3481,-1.9379,-4.3716
1,drinking,-0.0200,1.0264,0.2783,19.3176,-1.9455,-4.1504
1,drinking,-0.0244,1.0220,0.2739,19.0659,-1.9531,-4.1199
1,drinking,-0.0291,1.0291,0.2725,18.8904,-2.0065,-3.9520
1,drinking,-0.0239,1.0300,0.2676,18.8599,-2.1210,-3.7460
1,drinking,-0.0281,1.0291,0.2644,18.8675,-2.1667,-3.6926
1,drinking,-0.0281,1.0347,0.2695,18.6996,-2.2812,-3.5477
1,drinking,-0.0261,1.0315,0.2676,18.5852,-2.3193,-3.5019
1,drinking,-0.0256,1.0378,0.2559,18.4097,-2.2583,-3.2120
1,drinking,-0.0244,1.0359,0.2668,18.2266,-2.2583,-3.0289
1,drinking,-0.0234,1.0361,0.2649,18.0283,-2.3499,-2.9755
1,drinking,-0.0198,1.0356,0.2600,17.8223,-2.5253,-2.8687
1,drinking,-0.0198,1.0310,0.2571,17.6086,-2.4033,-2.6398
1,drinking,-0.0220,1.0322,0.2524,17.5171,-2.1896,-2.5558
1,drinking,-0.0244,1.0349,0.2424,17.4561,-2.1362,-2.2354
1,drinking,-0.0271,1.0325,0.2427,17.2653,-2.1820,-2.1973
1,drinking,-0.0278,1.0361,0.2427,17.0746,-2.0981,-2.2354
1,drinking,-0.0256,1.0408,0.2361,16.7084,-2.0294,-2.1286
1,drinking,-0.0212,1.0388,0.2302,16.3269,-2.0523,-2.0981
1,drinking,-0.0212,1.0291,0.2324,16.2659,-2.0523,-1.7090
1,drinking,-0.0190,1.0371,0.2332,16.2582,-1.7853,-1.5869
1,drinking,-0.0261,1.0361,0.2339,15.9531,-1.6251,-1.6632
1,drinking,-0.0278,1.0352,0.2368,15.6479,-1.7090,-1.7090
1,drinking,-0.0266,1.0342,0.2307,15.5258,-1.6861,-1.6251
1,drinking,-0.0251,1.0369,0.2195,15.3351,-1.6022,-1.4114
1,drinking,-0.0244,1.0356,0.2153,14.9460,-1.4572,-1.3657
1,drinking,-0.0220,1.0388,0.2163,14.3738,-1.3123,-1.4725
1,drinking,-0.0259,1.0347,0.2253,14.1373,-1.4267,-1.5869
1,drinking,-0.0317,1.0337,0.2214,13.8397,-1.4343,-1.5411
1,drinking,-0.0312,1.0393,0.2195,13.5040,-1.2589,-1.3351
1,drinking,-0.0244,1.0354,0.2188,13.0692,-1.1063,-1.2665
1,drinking,-0.0266,1.0386,0.2112,12.6038,-0.9842,-1.3123
1,drinking,-0.0266,1.0381,0.2131,12.1918,-1.1520,-1.3199
1,drinking,-0.0232,1.0388,0.2114,11.8942,-1.1063,-1.2817
1,drinking,-0.0217,1.0403,0.2183,11.4288,-0.7629,-1.1826
1,drinking,-0.0161,1.0425,0.2153,10.9863,-0.7172,-1.0376
1,drinking,-0.0220,1.0427,0.2036,10.4752,-0.7553,-0.8850
1,drinking,-0.0278,1.0417,0.2112,9.8877,-0.5188,-0.9308
1,drinking,-0.0244,1.0415,0.2073,9.4528,-0.4730,-0.8698
1,drinking,-0.0283,1.0430,0.2080,8.9035,-0.4044,-0.8621
1,drinking,-0.0278,1.0405,0.2151,8.4991,-0.2975,-0.7324
1,drinking,-0.0330,1.0486,0.2112,8.0109,-0.2060,-0.6256
1,drinking,-0.0356,1.0503,0.2041,7.4768,-0.2747,-0.5264
1,drinking,-0.0334,1.0505,0.2019,6.9427,-0.2441,-0.4501
1,drinking,-0.0300,1.0508,0.2026,6.5308,-0.1602,-0.3128
1,drinking,-0.0242,1.0574,0.2065,5.9128,0.1068,-0.3052
1,drinking,-0.0276,1.0530,0.2124,5.3253,-0.0534,-0.1450
1,drinking,-0.0327,1.0525,0.2109,4.8981,-0.2289,-0.0534
1,drinking,-0.0308,1.0544,0.2068,4.5319,-0.3738,0.0305
1,drinking,-0.0354,1.0554,0.2117,4.1580,-0.3662,0.1526
1,drinking,-0.0408,1.0508,0.2136,3.7384,-0.4120,0.2899
1,drinking,-0.0310,1.0562,0.2170,3.3112,-0.7477,0.4044
1,drinking,-0.0303,1.0542,0.2244,2.8381,-0.9689,0.4730
1,drinking,-0.0361,1.0493,0.2124,2.3727,-1.0300,0.4120
1,drinking,-0.0374,1.0510,0.2043,1.9302,-1.0452,0.6409
1,drinking,-0.0310,1.0520,0.2046,1.5411,-1.0681,1.0223
1,drinking,-0.0378,1.0493,0.2000,1.1063,-1.1520,1.0071
1,drinking,-0.0366,1.0554,0.2021,0.9155,-1.4038,1.0605
1,drinking,-0.0361,1.0505,0.1992,0.5341,-1.6556,1.0529
1,drinking,-0.0361,1.0505,0.2075,-0.0534,-1.5945,1.1139
1,drinking,-0.0349,1.0518,0.2119,-0.5798,-1.3199,1.2894
1,drinking,-0.0283,1.0481,0.2083,-0.8316,-1.1749,1.4267
1,drinking,-0.0332,1.0447,0.2095,-0.9918,-1.3123,1.6556
1,drinking,-0.0325,1.0503,0.2048,-1.3275,-1.3733,1.7776
1,drinking,-0.0369,1.0481,0.2061,-1.5717,-1.3504,1.7776
1,drinking,-0.0305,1.0513,0.2058,-1.9302,-1.4114,1.7700
1,drinking,-0.0422,1.0564,0.2019,-2.3880,-1.3657,1.8997
1,drinking,-0.0325,1.0542,0.2029,-2.7847,-1.5030,2.1515
1,drinking,-0.0293,1.0537,0.2051,-3.0594,-1.4877,2.2354
1,drinking,-0.0356,1.0515,0.2007,-3.2349,-1.3733,2.4261
1,drinking,-0.0381,1.0532,0.1995,-3.6926,-1.2665,2.7847
1,drinking,-0.0361,1.0552,0.1990,-4.1885,-1.1597,2.9144
1,drinking,-0.0369,1.0513,0.1987,-4.3259,-1.0834,2.9221
1,drinking,-0.0371,1.0520,0.2056,-4.4250,-1.0071,2.8915
1,drinking,-0.0298,1.0532,0.2026,-4.6539,-1.0605,3.0823
1,drinking,-0.0310,1.0474,0.2024,-4.9515,-1.1063,3.2959
1,drinking,-0.0317,1.0427,0.2112,-5.1727,-1.0910,3.4561
1,drinking,-0.0276,1.0422,0.2034,-5.4092,-0.9689,3.5553
1,drinking,-0.0310,1.0408,0.2034,-5.8441,-0.9232,3.6316
1,drinking,-0.0266,1.0388,0.2070,-6.1264,-0.9537,3.7308
1,drinking,-0.0208,1.0356,0.1946,-6.2332,-0.7324,3.8300
1,drinking,-0.0188,1.0410,0.1929,-6.3019,-0.5112,3.9139
1,drinking,-0.0200,1.0369,0.1936,-6.4316,-0.1984,3.9291
1,drinking,-0.0161,1.0330,0.1975,-6.6681,-0.2213,4.0970
1,drinking,-0.0222,1.0371,0.1973,-6.9122,-0.1144,4.3945
1,drinking,-0.0232,1.0325,0.2017,-7.0801,0.0458,4.3793
1,drinking,-0.0144,1.0337,0.1978,-7.1106,0.1526,4.3411
1,drinking,-0.0134,1.0288,0.2051,-7.2021,0.3738,4.4250
1,drinking,-0.0137,1.0234,0.2053,-7.4234,0.4578,4.8218
1,drinking,-0.0168,1.0303,0.2017,-7.5073,0.4578,4.8218
1,drinking,-0.0149,1.0232,0.2053,-7.4768,0.4578,4.6692
1,drinking,-0.0173,1.0264,0.2161,-7.7591,0.6256,4.6539
1,drinking,-0.0188,1.0269,0.2117,-8.0338,0.7858,4.8141
1,drinking,-0.0146,1.0293,0.2180,-8.3466,0.7324,4.9591
1,drinking,-0.0073,1.0300,0.2151,-8.7051,0.7706,4.9896
1,drinking,-0.0095,1.0222,0.1968,-8.7738,0.9003,5.2109
1,drinking,-0.0132,1.0232,0.1980,-8.8348,0.8850,5.1270
1,drinking,-0.0154,1.0208,0.1965,-9.2087,1.1063,5.1346
1,drinking,-0.0154,1.0239,0.1921,-9.4833,1.2970,5.1193
1,drinking,-0.0120,1.0261,0.2039,-9.6817,1.4954,5.3177
1,drinking,-0.0095,1.0261,0.2056,-9.8877,1.3123,5.4398
1,drinking,-0.0112,1.0239,0.2063,-10.0937,1.2436,5.6152
1,drinking,-0.0103,1.0283,0.2119,-10.4370,1.3275,5.7831
1,drinking,-0.0115,1.0293,0.2095,-10.6964,1.4496,5.7907
1,drinking,-0.0083,1.0266,0.2017,-10.7651,1.3809,5.7602
1,drinking,-0.0034,1.0232,0.2046,-10.9940,1.5259,5.9052
1,drinking,-0.0081,1.0225,0.2041,-11.2610,1.4114,6.0196
1,drinking,-0.0078,1.0225,0.2102,-11.5280,1.3809,6.0425
1,drinking,-0.0120,1.0229,0.2092,-11.8408,1.5564,6.1035
1,drinking,0.0000,1.0264,0.2070,-12.0697,1.4725,6.2561
1,drinking,-0.0017,1.0254,0.2017,-12.2452,1.5030,6.4316
1,drinking,-0.0010,1.0229,0.2036,-12.5351,1.3809,6.4392
1,drinking,-0.0063,1.0234,0.2048,-12.7640,1.4114,6.4087
1,drinking,-0.0039,1.0210,0.2092,-12.8632,1.4267,6.5536
1,drinking,-0.0037,1.0176,0.2068,-13.0997,1.6327,6.7749
1,drinking,-0.0020,1.0164,0.2090,-13.1607,1.6708,6.8665
1,drinking,0.0022,1.0144,0.2085,-13.3820,1.6937,7.0877
1,drinking,0.0098,1.0132,0.2065,-13.6642,1.7471,7.0801
1,drinking,0.0054,1.0164,0.2063,-14.0686,1.9302,7.1716
1,drinking,0.0029,1.0149,0.2019,-14.4577,2.0752,7.0724
1,drinking,0.0027,1.0146,0.2000,-14.5798,2.1286,7.3090
1,drinking,0.0046,1.0151,0.2053,-14.7095,2.3956,7.3700
1,drinking,0.0073,1.0144,0.2024,-14.9460,2.4948,7.3395
1,drinking,0.0115,1.0110,0.2017,-15.3503,2.4643,7.5531
1,drinking,0.0110,1.0098,0.2051,-15.6555,2.6627,7.6294
1,drinking,0.0046,1.0090,0.2048,-15.7242,2.8000,7.6599
1,drinking,0.0054,1.0112,0.2078,-15.8463,2.9984,7.7591
1,drinking,0.0071,1.0134,0.2058,-16.1667,3.0441,7.8201
1,drinking,0.0044,1.0142,0.2104,-16.5634,2.9297,7.7286
1,drinking,0.0071,1.0146,0.2080,-16.8304,2.9831,7.5836
1,drinking,0.0132,1.0149,0.2051,-17.0288,3.1967,7.6065
1,drinking,0.0139,1.0200,0.2043,-17.2958,3.2806,7.8049
1,drinking,0.0161,1.0234,0.2083,-17.5552,3.1967,7.9575
1,drinking,0.0125,1.0186,0.2083,-17.7917,3.4027,7.9880
1,drinking,0.0208,1.0127,0.2090,-18.0893,3.6469,7.9803
1,drinking,0.0098,1.0137,0.2090,-18.3945,3.5629,8.1558
1,drinking,0.0107,1.0171,0.2214,-18.6996,3.6240,8.2932
1,drinking,0.0127,1.0127,0.2173,-19.1345,3.6621,8.2932
1,drinking,0.0103,1.0144,0.2205,-19.4092,3.9062,8.0948
1,drinking,0.0081,1.0095,0.2097,-19.7372,4.2419,8.1787
1,drinking,0.0112,1.0110,0.2095,-20.1416,4.2725,8.3237
1,drinking,0.0127,1.0078,0.2102,-20.5383,4.2877,8.3923
1,drinking,0.0132,1.0093,0.2212,-21.0342,4.5395,8.4915
1,drinking,0.0120,1.0068,0.2219,-21.4996,4.7836,8.4915
1,drinking,0.0132,1.0151,0.2188,-21.8887,4.9286,8.5526
1,drinking,0.0085,1.0149,0.2153,-22.3083,4.9896,8.6441
1,drinking,0.0127,1.0156,0.2188,-22.6822,5.1270,8.6746
1,drinking,0.0095,1.0173,0.2249,-23.0865,5.2109,8.7051
1,drinking,0.0132,1.0120,0.2156,-23.4146,5.3253,8.6594
1,drinking,0.0095,1.0134,0.2192,-23.7350,5.4398,8.6365
1,drinking,0.0171,1.0159,0.2256,-24.2386,5.7602,8.8959
1,drinking,0.0164,1.0188,0.2253,-24.7345,5.8212,9.0561
1,drinking,0.0156,1.0168,0.2209,-25.1617,5.8136,8.9951
1,drinking,0.0166,1.0171,0.2107,-25.5203,5.8594,8.9417
1,drinking,0.0173,1.0232,0.2136,-25.8026,6.1874,9.0332
1,drinking,0.0151,1.0249,0.2219,-26.1307,6.3858,9.1705
1,drinking,0.0154,1.0210,0.2173,-26.6571,6.3782,9.1858
1,drinking,0.0220,1.0195,0.2083,-27.1378,6.4392,9.2697
1,drinking,0.0203,1.0229,0.2102,-27.5421,6.5384,9.4147
1,drinking,0.0156,1.0215,0.2156,-28.0533,6.8359,9.5444
1,drinking,0.0144,1.0188,0.2078,-28.5873,6.9962,9.7275
1,drinking,0.0151,1.0244,0.2070,-29.0375,6.9504,9.6970
1,drinking,0.0171,1.0247,0.2129,-29.5792,7.0114,9.7809
1,drinking,0.0120,1.0269,0.2141,-30.0369,7.2174,9.9945
1,drinking,0.0105,1.0261,0.2129,-30.5252,7.2021,10.1242
1,drinking,0.0156,1.0205,0.2126,-30.9906,7.4234,10.2997
1,drinking,0.0188,1.0176,0.2188,-31.4636,7.6675,10.2768
1,drinking,0.0154,1.0166,0.2124,-32.0206,7.7286,10.2921
1,drinking,0.0205,1.0190,0.2080,-32.5089,7.8812,10.2844
1,drinking,0.0237,1.0203,0.2087,-33.0582,8.0948,10.2692
1,drinking,0.0139,1.0186,0.2039,-33.6533,8.1863,10.2997
1,drinking,0.0220,1.0164,0.2053,-34.2407,8.3237,10.4294
1,drinking,0.0242,1.0203,0.2134,-34.7900,8.5297,10.6888
1,drinking,0.0217,1.0193,0.2144,-35.2707,8.6441,10.7193
1,drinking,0.0156,1.0151,0.2126,-35.7437,8.7814,10.8261
1,drinking,0.0156,1.0115,0.2200,-36.0260,8.9111,10.9177
1,drinking,0.0142,1.0151,0.2158,-36.5524,9.0332,11.0474
1,drinking,0.0166,1.0149,0.2195,-37.1780,9.3002,11.0397
1,drinking,0.0193,1.0166,0.2166,-37.6663,9.4833,11.1923
1,drinking,0.0168,1.0166,0.2161,-38.0936,9.3842,11.2991
1,drinking,0.0146,1.0173,0.2278,-38.4293,9.3765,11.5051
1,drinking,0.0205,1.0134,0.2244,-39.0396,9.2850,11.4136
1,drinking,0.0195,1.0134,0.2275,-39.5584,9.4986,11.4517
1,drinking,0.0122,1.0129,0.2385,-40.0009,9.6283,11.3983
1,drinking,0.0112,1.0093,0.2366,-40.5045,9.5901,11.5204
1,drinking,0.0095,1.0061,0.2344,-40.9698,9.5901,11.6501
1,drinking,0.0110,1.0078,0.2361,-41.5802,9.6054,11.6501
1,drinking,0.0061,1.0049,0.2417,-41.9998,9.6512,11.4441
1,drinking,0.0073,1.0068,0.2395,-42.3508,9.6893,11.6119
1,drinking,0.0115,1.0044,0.2441,-42.9611,9.5978,11.8866
1,drinking,0.0063,1.0012,0.2549,-43.7088,9.5291,11.8408
1,drinking,0.0061,0.9995,0.2546,-44.0063,9.3613,11.8484
1,drinking,0.0059,1.0015,0.2600,-44.4565,9.2468,11.8942
1,drinking,0.0037,1.0002,0.2566,-45.0745,9.1324,11.9171
1,drinking,0.0068,1.0015,0.2642,-45.6390,8.8501,11.7950
1,drinking,-0.0022,1.0046,0.2734,-46.1502,8.6136,11.8866
1,drinking,-0.0068,0.9993,0.2686,-46.7300,8.4610,12.2070
1,drinking,-0.0056,1.0034,0.2710,-47.1725,8.3923,12.2681
1,drinking,-0.0068,0.9968,0.2715,-47.5311,8.1711,12.1002
1,drinking,-0.0078,0.9937,0.2732,-47.8439,8.0185,12.2070
1,drinking,-0.0012,0.9980,0.2739,-48.0804,7.7591,12.2681
1,drinking,-0.0071,0.9993,0.2798,-48.6832,7.3776,12.3291
1,drinking,-0.0073,1.0002,0.2795,-49.2401,7.1182,12.4054
1,drinking,-0.0081,0.9902,0.2803,-49.5758,6.8359,12.4817
1,drinking,-0.0071,0.9851,0.2874,-49.9649,6.6452,12.5275
1,drinking,-0.0078,0.9878,0.2900,-50.4456,6.3477,12.5504
1,drinking,-0.0051,0.9915,0.2927,-50.8270,6.3248,12.6648
1,drinking,-0.0012,0.9939,0.2886,-50.9720,6.1417,12.7792
1,drinking,-0.0037,0.9939,0.2859,-51.3153,5.8517,12.7563
1,drinking,-0.0054,0.9922,0.2859,-51.7807,5.4626,12.6953
1,drinking,-0.0117,0.9858,0.2932,-52.3148,5.1422,12.7792
1,drinking,-0.0164,0.9856,0.2998,-52.7191,4.8294,12.8403
1,drinking,-0.0183,0.9858,0.2986,-53.0319,4.5319,12.7106
1,drinking,-0.0161,0.9863,0.3037,-53.4973,4.2419,12.7640
1,drinking,-0.0139,0.9829,0.3054,-53.9246,3.8071,12.8326
1,drinking,-0.0107,0.9797,0.3003,-54.4052,3.2578,12.9929
1,drinking,-0.0115,0.9849,0.3105,-54.8096,2.8381,13.0005
1,drinking,-0.0151,0.9858,0.3145,-55.4047,2.5711,12.9471
1,drinking,-0.0139,0.9797,0.3130,-55.9311,2.0752,12.9623
1,drinking,-0.0156,0.9773,0.3103,-56.2592,1.5411,13.0234
1,drinking,-0.0139,0.9763,0.3201,-56.6406,1.2131,13.0463
1,drinking,-0.0247,0.9758,0.3215,-57.0679,0.8926,12.9852
1,drinking,-0.0254,0.9722,0.3191,-57.4417,0.5188,13.0081
1,drinking,-0.0173,0.9744,0.3193,-57.6935,0.0763,13.1836
1,drinking,-0.0173,0.9705,0.3271,-58.1512,-0.3967,13.2675
1,drinking,-0.0166,0.9683,0.3259,-58.3878,-0.8545,13.3133
1,drinking,-0.0193,0.9709,0.3267,-58.7845,-1.2436,13.2599
1,drinking,-0.0176,0.9707,0.3252,-59.1660,-1.5182,13.2751
1,drinking,-0.0190,0.9697,0.3323,-59.4864,-1.7471,13.2065
1,drinking,-0.0181,0.9727,0.3252,-59.9213,-2.1210,12.8479
1,drinking,-0.0132,0.9705,0.3245,-60.3333,-2.3727,12.7411
1,drinking,-0.0146,0.9695,0.3247,-60.7147,-2.7847,12.6877
1,drinking,-0.0117,0.9709,0.3203,-60.9818,-3.2120,12.6877
1,drinking,-0.0166,0.9763,0.3311,-61.3556,-3.5629,12.5656
1,drinking,-0.0186,0.9727,0.3318,-61.6531,-3.9291,12.6419
1,drinking,-0.0127,0.9692,0.3359,-62.0880,-4.1809,12.6953
1,drinking,-0.0095,0.9680,0.3352,-62.5916,-4.2496,12.6953
1,drinking,-0.0161,0.9695,0.3298,-63.0188,-4.7302,12.7029
1,drinking,-0.0193,0.9729,0.3320,-63.4537,-5.3329,12.6114
1,drinking,-0.0142,0.9731,0.3293,-63.8580,-5.7297,12.4817
1,drinking,-0.0085,0.9700,0.3315,-64.2853,-6.0577,12.5504
1,drinking,-0.0085,0.9702,0.3284,-64.8117,-6.4545,12.5885
1,drinking,-0.0125,0.9685,0.3333,-65.2924,-6.7596,12.3901
1,drinking,-0.0088,0.9741,0.3320,-65.7654,-7.0038,12.2833
1,drinking,-0.0085,0.9707,0.3386,-66.1926,-7.2327,12.3901
1,drinking,-0.0117,0.9707,0.3442,-66.5665,-7.4921,12.2604
1,drinking,-0.0049,0.9722,0.3440,-67.0242,-7.8049,12.4817
1,drinking,-0.0137,0.9724,0.3337,-67.4362,-7.8812,12.4664
1,drinking,-0.0164,0.9722,0.3298,-67.9626,-8.2016,12.4969
1,drinking,-0.0093,0.9744,0.3367,-68.4586,-8.4152,12.6953
1,drinking,-0.0032,0.9749,0.3359,-68.9545,-8.6212,12.7335
1,drinking,-0.0103,0.9780,0.3381,-69.4199,-8.7662,12.7182
1,drinking,-0.0037,0.9800,0.3352,-69.7937,-8.9493,12.7258
1,drinking,-0.0015,0.9758,0.3335,-70.2209,-9.1095,12.9166
1,drinking,-0.0076,0.9778,0.3442,-70.6558,-9.3307,13.0539
1,drinking,-0.0020,0.9783,0.3403,-71.1441,-9.3384,12.9776
1,drinking,-0.0012,0.9790,0.3381,-71.6019,-9.4452,12.9395
1,drinking,-0.0034,0.9817,0.3374,-71.9681,-9.5901,13.1683
1,drinking,-0.0034,0.9800,0.3401,-72.2427,-9.6054,13.3972
1,drinking,-0.0002,0.9753,0.3428,-72.6318,-9.6970,13.4125
1,drinking,0.0039,0.9727,0.3420,-73.1583,-9.8038,13.5498
1,drinking,0.0098,0.9778,0.3494,-73.4863,-9.6436,13.5803
1,drinking,0.0071,0.9741,0.3582,-73.6542,-9.7122,13.5498
1,drinking,0.0059,0.9775,0.3501,-73.9975,-9.8648,13.6337
1,drinking,0.0059,0.9749,0.3528,-74.4400,-9.9869,13.9542
1,drinking,0.0083,0.9783,0.3474,-74.8672,-10.0479,14.0533
1,drinking,0.0066,0.9709,0.3455,-75.2029,-10.0708,14.1449
1,drinking,0.0093,0.9714,0.3555,-75.7065,-10.2310,14.4272
1,drinking,0.0022,0.9646,0.3572,-75.9277,-10.2844,14.6942
1,drinking,0.0068,0.9688,0.3577,-76.2711,-10.4446,14.8468
1,drinking,0.0068,0.9673,0.3511,-76.5305,-10.4675,14.8849
1,drinking,0.0063,0.9617,0.3613,-76.6678,-10.5362,14.9689
1,drinking,0.0029,0.9580,0.3606,-76.9882,-10.6201,15.1596
1,drinking,0.0063,0.9595,0.3611,-77.2629,-10.6888,15.2817
1,drinking,0.0061,0.9595,0.3679,-77.4307,-10.7346,15.4648
1,drinking,0.0142,0.9612,0.3555,-77.6367,-10.6125,15.6021
1,drinking,0.0171,0.9558,0.3650,-77.9419,-10.5209,15.6097
1,drinking,0.0159,0.9551,0.3657,-78.1479,-10.3302,15.7242
1,drinking,0.0105,0.9534,0.3604,-78.0563,-10.1776,15.8310
1,drinking,0.0164,0.9509,0.3696,-77.9953,-10.1776,15.9225
1,drinking,0.0200,0.9409,0.3726,-78.1937,-10.1547,15.9607
1,drinking,0.0222,0.9434,0.3723,-78.3615,-10.2921,16.1209
1,drinking,0.0237,0.9426,0.3699,-78.3920,-10.3226,16.1057
1,drinking,0.0210,0.9436,0.3738,-78.3768,-10.0632,16.3116
1,drinking,0.0266,0.9395,0.3801,-78.4149,-10.0250,16.4642
1,drinking,0.0244,0.9353,0.3813,-78.5370,-10.0250,16.6245
1,drinking,0.0300,0.9407,0.3784,-78.5980,-10.0098,16.7389
1,drinking,0.0361,0.9329,0.3767,-78.5294,-9.8572,16.6626
1,drinking,0.0371,0.9292,0.3892,-78.5904,-9.6512,16.7542
1,drinking,0.0308,0.9297,0.3811,-78.5675,-9.6588,16.7923
1,drinking,0.0295,0.9277,0.3848,-78.5522,-9.8572,16.8686
1,drinking,0.0283,0.9312,0.3845,-78.5751,-9.8953,17.0746
1,drinking,0.0308,0.9258,0.3889,-78.6285,-9.8343,17.1051
1,drinking,0.0310,0.9219,0.3896,-78.5065,-9.5062,16.9754
1,drinking,0.0327,0.9214,0.3945,-78.3463,-9.2239,16.8533
1,drinking,0.0283,0.9216,0.3931,-78.2013,-9.2621,16.8991
1,drinking,0.0334,0.9202,0.4033,-78.3005,-9.2163,17.0364
1,drinking,0.0332,0.9111,0.4006,-78.3691,-9.3079,16.9907
1,drinking,0.0356,0.9048,0.4062,-78.3463,-9.4604,16.9220
1,drinking,0.0320,0.9089,0.4065,-78.2852,-9.5825,16.8610
1,drinking,0.0310,0.9138,0.4072,-78.3844,-9.3689,16.8610
1,drinking,0.0317,0.9160,0.4084,-78.3539,-9.4604,16.8076
1,drinking,0.0376,0.9158,0.4094,-78.3234,-9.5291,16.8381
1,drinking,0.0356,0.9158,0.4138,-78.2700,-9.4757,16.8991
1,drinking,0.0366,0.9116,0.4211,-78.3997,-9.3231,16.8991
1,drinking,0.0347,0.9060,0.4111,-78.5217,-9.3918,16.6702
1,drinking,0.0337,0.9087,0.4170,-78.3768,-9.3994,16.4871
1,drinking,0.0361,0.9094,0.4229,-78.3615,-9.2773,16.3879
1,drinking,0.0403,0.9077,0.4268,-78.5141,-9.1629,16.4795
1,drinking,0.0400,0.9070,0.4182,-78.6896,-9.3460,16.5558
1,drinking,0.0378,0.9067,0.4150,-78.8040,-9.4223,16.5024
1,drinking,0.0400,0.9097,0.4131,-78.8498,-9.5062,16.3879
1,drinking,0.0381,0.9138,0.4231,-78.8651,-9.5749,16.2888
1,drinking,0.0403,0.9155,0.4260,-78.8651,-9.4910,16.2354
1,drinking,0.0325,0.9133,0.4255,-78.9642,-9.6436,16.1362
1,drinking,0.0344,0.9111,0.4299,-79.0405,-9.7198,16.0675
1,drinking,0.0322,0.9075,0.4280,-79.0634,-9.7885,15.9760
1,drinking,0.0295,0.9092,0.4380,-79.2236,-10.1013,16.0141
1,drinking,0.0288,0.9124,0.4395,-79.4525,-10.3912,16.0828
1,drinking,0.0278,0.9116,0.4429,-79.6890,-10.3989,16.1667
1,drinking,0.0288,0.9102,0.4385,-79.7043,-10.4370,16.2582
1,drinking,0.0273,0.9148,0.4495,-79.8264,-10.5896,16.0751
1,drinking,0.0259,0.9124,0.4551,-80.0934,-10.8109,15.9531
1,drinking,0.0312,0.9133,0.4531,-80.3375,-10.9100,15.9302
1,drinking,0.0315,0.9150,0.4551,-80.5511,-10.9711,15.9073
1,drinking,0.0312,0.9175,0.4529,-80.8105,-11.2762,15.8234
1,drinking,0.0339,0.9146,0.4509,-81.0394,-11.5204,15.8081
1,drinking,0.0291,0.9124,0.4536,-81.2836,-11.6959,15.8768
1,drinking,0.0256,0.9119,0.4482,-81.4667,-11.9476,15.8539
1,drinking,0.0229,0.9119,0.4519,-81.5582,-11.9095,15.8768
1,drinking,0.0242,0.9146,0.4524,-81.7871,-12.1536,15.8615
1,drinking,0.0276,0.9177,0.4661,-82.1381,-12.4283,15.9225
1,drinking,0.0300,0.9148,0.4702,-82.2906,-12.7182,15.9760
1,drinking,0.0276,0.9148,0.4622,-82.5577,-13.0692,16.0065
1,drinking,0.0317,0.9153,0.4656,-82.9391,-13.2675,15.7776
1,drinking,0.0242,0.9138,0.4666,-83.3130,-13.4354,15.7013
1,drinking,0.0244,0.9121,0.4707,-83.6258,-13.5880,15.7928
1,drinking,0.0212,0.9099,0.4666,-83.9005,-13.7405,15.9073
1,drinking,0.0178,0.9106,0.4614,-84.2285,-13.9771,15.8234
1,drinking,0.0164,0.9150,0.4631,-84.5871,-14.2822,15.6021
1,drinking,0.0171,0.9150,0.4717,-84.9075,-14.7552,15.6403
1,drinking,0.0256,0.9194,0.4722,-85.2966,-15.0223,15.6937
1,drinking,0.0242,0.9167,0.4775,-85.7620,-15.3656,15.4114
1,drinking,0.0200,0.9141,0.4749,-86.0977,-15.6555,15.4648
1,drinking,0.0188,0.9099,0.4771,-86.4029,-15.8844,15.7013
1,drinking,0.0166,0.9072,0.4749,-86.6089,-16.0217,15.6174
1,drinking,0.0144,0.9082,0.4727,-86.9370,-16.4948,15.4877
1,drinking,0.0171,0.9114,0.4841,-87.3566,-16.9525,15.4495
1,drinking,0.0188,0.9180,0.4841,-87.7762,-17.1890,15.4724
1,drinking,0.0203,0.9202,0.4797,-88.2187,-17.3264,15.5945
1,drinking,0.0154,0.9194,0.4890,-88.6230,-17.4561,15.4800
1,drinking,0.0195,0.9165,0.4854,-88.9130,-17.7689,15.5563
1,drinking,0.0208,0.9175,0.4836,-89.3707,-17.9749,15.5563
1,drinking,0.0208,0.9175,0.4819,-89.9887,-18.0511,15.6097
1,drinking,0.0183,0.9143,0.4778,-90.3549,-18.2800,15.6021
1,drinking,0.0205,0.9165,0.4731,-90.6677,-18.6920,15.7700
1,drinking,0.0254,0.9192,0.4802,-91.0645,-18.8599,16.0751
1,drinking,0.0237,0.9167,0.4851,-91.4612,-18.8217,16.0828
1,drinking,0.0276,0.9150,0.4895,-91.7435,-18.8065,16.0980
1,drinking,0.0269,0.9153,0.4851,-91.9952,-18.8217,16.2430
1,drinking,0.0334,0.9138,0.4775,-92.3157,-18.9133,16.4185
1,drinking,0.0322,0.9111,0.4753,-92.6437,-18.8675,16.5939
1,drinking,0.0293,0.9126,0.4680,-93.0862,-18.8904,16.9754
1,drinking,0.0356,0.9058,0.4636,-93.1931,-19.0125,17.1127
1,drinking,0.0339,0.9016,0.4663,-93.2693,-18.7607,17.1890
1,drinking,0.0366,0.8982,0.4763,-93.1396,-18.6539,17.4561
1,drinking,0.0334,0.8904,0.4695,-93.1702,-18.5852,17.8223
1,drinking,0.0364,0.8904,0.4692,-93.4601,-18.5318,18.0054
1,drinking,0.0369,0.8914,0.4719,-93.5593,-18.2266,18.0817
1,drinking,0.0471,0.8892,0.4680,-93.5669,-18.0893,18.2571
1,drinking,0.0542,0.8799,0.4695,-93.3914,-17.9977,18.5699
1,drinking,0.0513,0.8767,0.4731,-93.1396,-17.5934,18.9667
1,drinking,0.0527,0.8772,0.4712,-92.9108,-17.2882,18.9896
1,drinking,0.0574,0.8711,0.4768,-92.6819,-17.0364,19.1498
1,drinking,0.0554,0.8696,0.4768,-92.4149,-16.6550,19.2871
1,drinking,0.0637,0.8645,0.4749,-92.1173,-16.2735,19.4550
1,drinking,0.0754,0.8613,0.4792,-91.7130,-15.7623,19.6152
1,drinking,0.0720,0.8625,0.4768,-91.3010,-15.1978,19.7983
1,drinking,0.0723,0.8574,0.4753,-90.9882,-14.7705,19.9966
1,drinking,0.0796,0.8484,0.4702,-90.7364,-14.1983,20.1950
1,drinking,0.0793,0.8472,0.4780,-90.3015,-13.4354,20.2866
1,drinking,0.0803,0.8486,0.4844,-89.9353,-12.9318,20.3323
1,drinking,0.0820,0.8435,0.4873,-89.6225,-12.6724,20.5154
1,drinking,0.0850,0.8420,0.4866,-89.1800,-12.3444,20.5994
1,drinking,0.0869,0.8376,0.4871,-88.7070,-11.7722,20.7901
1,drinking,0.0881,0.8306,0.4875,-88.1119,-11.1160,20.9198
1,drinking,0.0928,0.8276,0.4978,-87.7304,-10.3531,21.0648
1,drinking,0.0903,0.8259,0.4932,-87.4023,-9.7809,21.1105
1,drinking,0.0908,0.8210,0.5007,-87.0361,-9.2926,21.1945
1,drinking,0.0945,0.8223,0.5042,-86.5936,-8.8425,21.2021
1,drinking,0.0964,0.8162,0.4990,-86.2045,-8.4305,21.3470
1,drinking,0.0945,0.8142,0.5093,-85.7010,-7.8430,21.3699
1,drinking,0.0959,0.8179,0.5120,-85.0601,-7.5073,21.5530
1,drinking,0.0977,0.8127,0.5188,-84.5871,-6.9122,21.4844
1,drinking,0.0945,0.8052,0.5232,-84.1675,-6.4697,21.4767
1,drinking,0.1042,0.8008,0.5271,-83.7250,-5.8670,21.3776
1,drinking,0.1035,0.7991,0.5247,-83.3206,-5.3101,21.5454
1,drinking,0.1079,0.7998,0.5271,-82.9468,-4.7302,21.5607
1,drinking,0.1040,0.7935,0.5325,-82.4814,-4.1504,21.4386
1,drinking,0.1016,0.7847,0.5430,-82.0236,-3.7842,21.3089
1,drinking,0.0994,0.7817,0.5493,-81.7261,-3.3951,21.3394
1,drinking,0.1042,0.7847,0.5522,-81.2836,-3.0365,21.1792
1,drinking,0.1094,0.7788,0.5605,-80.9021,-2.6093,21.0495
1,drinking,0.1116,0.7756,0.5671,-80.4825,-2.1820,21.2097
1,drinking,0.1045,0.7761,0.5693,-79.8950,-1.8158,21.0648
1,drinking,0.1033,0.7781,0.5759,-79.4754,-1.3885,20.9656
1,drinking,0.0999,0.7778,0.5837,-79.4067,-0.9232,20.8282
1,drinking,0.1062,0.7720,0.5957,-79.0329,-0.8850,20.8588
1,drinking,0.1062,0.7715,0.5972,-78.6057,-0.7401,20.6909
1,drinking,0.1074,0.7751,0.5977,-78.1479,-0.4654,20.4544
1,drinking,0.1035,0.7754,0.6060,-77.8809,-0.2975,20.3171
1,drinking,0.1035,0.7683,0.6145,-77.6367,-0.2670,20.1950
1,drinking,0.1050,0.7649,0.6150,-77.2552,-0.2060,20.2026
1,drinking,0.1011,0.7686,0.6165,-76.7975,-0.0229,20.2332
1,drinking,0.0957,0.7698,0.6282,-76.4771,0.0153,20.0119
1,drinking,0.0986,0.7642,0.6370,-76.1948,0.1297,19.8364
1,drinking,0.0991,0.7695,0.6433,-75.9506,0.2518,19.7067
1,drinking,0.1011,0.7676,0.6421,-75.7904,0.2136,19.5236
1,drinking,0.1057,0.7622,0.6465,-75.4471,-0.0076,19.3100
1,drinking,0.1016,0.7654,0.6504,-75.0885,-0.2594,18.9896
1,drinking,0.0972,0.7573,0.6672,-74.8825,-0.3891,18.9285
1,drinking,0.0928,0.7593,0.6736,-74.7223,-0.4654,19.0048
1,drinking,0.0950,0.7615,0.6746,-74.6384,-0.4730,18.8217
1,drinking,0.0884,0.7615,0.6792,-74.4400,-0.7477,18.4097
1,drinking,0.0879,0.7607,0.6689,-74.1653,-1.1292,18.0893
1,drinking,0.0896,0.7651,0.6770,-74.0280,-1.4496,18.0054
1,drinking,0.0918,0.7620,0.6926,-73.8602,-1.5945,17.8375
1,drinking,0.0845,0.7595,0.6956,-73.8602,-1.8539,17.6544
1,drinking,0.0830,0.7549,0.6980,-73.8449,-2.1439,17.5323
1,drinking,0.0859,0.7571,0.6985,-73.8525,-2.5711,17.5323
1,drinking,0.0820,0.7605,0.7058,-73.7305,-2.9831,17.3035
1,drinking,0.0801,0.7637,0.7073,-73.7000,-3.1815,16.7999
1,drinking,0.0837,0.7612,0.7068,-73.7534,-3.5400,16.4566
1,drinking,0.0818,0.7593,0.7075,-73.9288,-4.0283,16.3269
1,drinking,0.0825,0.7617,0.7151,-74.0738,-4.3716,16.2125
1,drinking,0.0798,0.7622,0.7136,-74.1425,-4.8981,16.1285
1,drinking,0.0779,0.7625,0.7078,-74.1119,-5.2948,15.8463
1,drinking,0.0730,0.7576,0.7190,-74.2035,-5.6305,15.6250
1,drinking,0.0779,0.7615,0.7219,-74.2722,-5.9738,15.3732
1,drinking,0.0762,0.7595,0.7119,-74.2798,-6.4240,15.0986
1,drinking,0.0762,0.7607,0.7058,-74.3561,-7.0267,14.9384
1,drinking,0.0781,0.7673,0.7087,-74.5087,-7.5378,14.7552
1,drinking,0.0720,0.7693,0.7141,-74.6460,-7.9041,14.5187
1,drinking,0.0803,0.7644,0.7214,-74.6765,-8.4152,14.3509
1,drinking,0.0742,0.7642,0.7197,-74.8291,-8.9111,14.1983
1,drinking,0.0737,0.7656,0.7151,-74.9054,-9.2545,14.0686
1,drinking,0.0757,0.7656,0.7129,-74.8749,-9.4604,14.0457
1,drinking,0.0762,0.7661,0.7090,-74.7604,-9.9335,13.7863
1,drinking,0.0745,0.7642,0.7039,-74.6918,-10.3836,13.7482
1,drinking,0.0776,0.7688,0.7085,-74.6765,-10.5972,13.7024
1,drinking,0.0769,0.7693,0.7053,-74.5621,-11.0550,13.5880
1,drinking,0.0779,0.7698,0.7117,-74.3713,-11.4517,13.3514
1,drinking,0.0847,0.7705,0.7039,-74.3027,-11.7722,13.1683
1,drinking,0.0796,0.7729,0.7075,-74.3484,-12.1384,13.1302
1,drinking,0.0801,0.7732,0.6995,-74.4705,-12.5885,13.0310
1,drinking,0.0842,0.7749,0.6963,-74.4400,-12.7563,12.9700
1,drinking,0.0818,0.7720,0.6975,-74.2798,-12.9623,12.8937
1,drinking,0.0833,0.7698,0.7002,-74.2035,-13.4659,12.7945
1,drinking,0.0869,0.7708,0.6963,-73.9594,-13.8397,12.6495
1,drinking,0.0864,0.7732,0.6990,-73.6694,-14.1144,12.7029
1,drinking,0.0891,0.7737,0.6980,-73.7000,-14.4119,12.7335
1,drinking,0.0950,0.7715,0.6982,-73.5931,-14.7171,12.7945
1,drinking,0.0952,0.7681,0.6926,-73.5626,-14.9841,12.6877
1,drinking,0.0957,0.7671,0.6899,-73.4558,-15.2893,12.5656
1,drinking,0.0967,0.7725,0.6841,-73.2651,-15.5563,12.4817
1,drinking,0.0967,0.7717,0.6787,-73.1354,-15.6097,12.5046
1,drinking,0.0977,0.7681,0.6721,-73.0438,-15.6097,12.5275
1,drinking,0.0959,0.7686,0.6665,-73.0591,-15.8234,12.5732
1,drinking,0.0964,0.7622,0.6667,-72.9980,-15.8920,12.5046
1,drinking,0.0991,0.7639,0.6675,-72.9599,-16.0751,12.5275
1,drinking,0.0984,0.7615,0.6589,-72.7997,-16.0675,12.4054
1,drinking,0.0994,0.7637,0.6597,-72.6089,-15.8920,12.1918
1,drinking,0.1003,0.7629,0.6526,-72.5327,-15.6784,12.1384
1,drinking,0.1021,0.7620,0.6506,-72.5403,-15.6250,12.0773
1,drinking,0.1042,0.7554,0.6514,-72.5403,-15.6860,12.1460
1,drinking,0.1084,0.7598,0.6504,-72.4335,-15.6097,12.2910
1,drinking,0.1099,0.7542,0.6392,-72.3343,-15.2969,12.0773
1,drinking,0.1140,0.7544,0.6445,-72.2351,-15.0604,11.8942
1,drinking,0.1138,0.7583,0.6399,-72.3190,-14.7552,12.0850
1,drinking,0.1143,0.7590,0.6436,-72.1130,-14.5111,12.2070
1,drinking,0.1150,0.7546,0.6477,-71.9299,-14.2593,12.1536
1,drinking,0.1160,0.7529,0.6331,-71.7468,-13.8168,12.2910
1,drinking,0.1150,0.7554,0.6284,-71.6324,-13.3591,12.1994
1,drinking,0.1177,0.7539,0.6353,-71.6705,-12.9623,12.1307
1,drinking,0.1177,0.7505,0.6335,-71.6324,-12.5122,12.2910
1,drinking,0.1191,0.7546,0.6440,-71.3120,-12.0773,12.2375
1,drinking,0.1169,0.7544,0.6450,-70.9915,-11.9324,12.2299
1,drinking,0.1140,0.7527,0.6426,-70.8237,-11.6577,12.1536
1,drinking,0.1226,0.7454,0.6389,-70.7016,-11.2915,12.2604
1,drinking,0.1167,0.7468,0.6470,-70.1675,-11.1618,12.4359
1,drinking,0.1245,0.7524,0.6450,-69.6030,-10.7193,12.6343
1,drinking,0.1206,0.7476,0.6494,-69.2139,-10.3149,12.5275
1,drinking,0.1230,0.7393,0.6492,-69.0079,-10.0403,12.3138
1,drinking,0.1221,0.7373,0.6479,-68.9468,-9.7504,12.1384
1,drinking,0.1304,0.7354,0.6526,-69.0079,-9.5978,11.8942
1,drinking,0.1287,0.7422,0.6443,-68.6951,-9.4757,11.6959
1,drinking,0.1274,0.7451,0.6406,-68.2602,-9.1705,11.9095
1,drinking,0.1331,0.7500,0.6577,-67.7185,-8.6899,12.3596
1,drinking,0.1265,0.7498,0.6592,-67.1692,-8.0566,12.6114
1,drinking,0.1206,0.7534,0.6577,-66.6504,-7.5302,12.6724
1,drinking,0.1196,0.7507,0.6531,-66.2842,-7.2403,12.7106
1,drinking,0.1243,0.7434,0.6565,-65.9943,-6.8130,12.8708
1,drinking,0.1235,0.7410,0.6567,-65.5746,-6.4774,12.8326
1,drinking,0.1240,0.7485,0.6663,-65.2084,-6.0959,12.9623
1,drinking,0.1274,0.7456,0.6702,-64.9567,-5.9967,12.9776
1,drinking,0.1218,0.7449,0.6670,-64.9338,-5.7526,13.1683
1,drinking,0.1257,0.7422,0.6733,-65.0177,-5.5695,13.3896
1,drinking,0.1208,0.7471,0.6753,-64.9261,-5.3940,13.1683
1,drinking,0.1211,0.7478,0.6726,-64.8422,-5.2948,13.1073
1,drinking,0.1252,0.7512,0.6675,-64.9338,-5.2567,13.0920
1,drinking,0.1323,0.7437,0.6760,-64.8651,-4.9362,13.1378
1,drinking,0.1301,0.7410,0.6704,-64.8193,-4.6616,13.1836
1,drinking,0.1289,0.7395,0.6748,-64.8117,-4.5013,13.3133
1,drinking,0.1250,0.7334,0.6738,-64.8651,-4.3182,13.3514
1,drinking,0.1311,0.7317,0.6758,-64.7278,-4.1046,13.2446
1,drinking,0.1328,0.7310,0.6748,-64.3845,-3.9444,13.0997
1,drinking,0.1321,0.7285,0.6711,-64.1556,-3.7613,13.0310
1,drinking,0.1362,0.7219,0.6677,-63.9572,-3.3646,12.9089
1,drinking,0.1372,0.7195,0.6736,-63.7283,-3.1204,12.9395
1,drinking,0.1331,0.7246,0.6777,-63.4918,-3.0136,13.0844
1,drinking,0.1304,0.7180,0.6711,-63.4079,-2.6016,13.0081
1,drinking,0.1335,0.7163,0.6633,-63.1943,-2.0905,12.8860
1,drinking,0.1470,0.7185,0.6682,-62.9807,-1.7853,12.6266
1,drinking,0.1399,0.7217,0.6670,-62.7594,-1.2817,12.7182
1,drinking,0.1453,0.7087,0.6650,-62.4924,-0.9232,12.6572
1,drinking,0.1433,0.7126,0.6780,-62.1185,-0.6104,12.4893
1,drinking,0.1426,0.7102,0.6829,-61.8515,-0.3510,12.3901
1,drinking,0.1431,0.7117,0.6858,-61.6074,-0.1984,12.3444
1,drinking,0.1416,0.7185,0.6880,-61.2793,-0.0076,12.2070
1,drinking,0.1426,0.7156,0.6785,-61.2106,0.4501,11.9858
1,drinking,0.1414,0.7180,0.6814,-60.9970,0.7629,11.8790
1,drinking,0.1416,0.7166,0.6936,-60.7529,0.9766,11.7111
1,drinking,0.1411,0.7156,0.6868,-60.4630,1.0605,11.8027
1,drinking,0.1416,0.7141,0.6855,-60.0433,1.5106,11.8408
1,drinking,0.1472,0.7141,0.6824,-59.7305,1.7548,11.9171
1,drinking,0.1404,0.7168,0.6743,-59.4711,2.1896,11.7722
1,drinking,0.1392,0.7175,0.6812,-59.1812,2.4490,11.6577
1,drinking,0.1377,0.7148,0.6836,-58.8989,2.7847,11.7874
1,drinking,0.1445,0.7151,0.6770,-58.5938,3.0746,11.6196
1,drinking,0.1458,0.7112,0.6780,-58.1512,3.3035,11.7111
1,drinking,0.1401,0.7104,0.6816,-57.6859,3.6163,11.6882
1,drinking,0.1443,0.7075,0.6792,-57.2433,4.1580,11.6348
1,drinking,0.1450,0.7090,0.6738,-57.0068,4.5929,11.4365
1,drinking,0.1438,0.7109,0.6731,-56.5948,5.1498,11.3983
1,drinking,0.1458,0.7083,0.6694,-56.0913,5.6000,11.3754
1,drinking,0.1482,0.7083,0.6726,-55.7251,6.1188,11.4059
1,drinking,0.1421,0.7063,0.6685,-55.1682,6.4240,11.4441
1,drinking,0.1455,0.7107,0.6738,-54.8630,6.6452,11.1923
1,drinking,0.1465,0.7095,0.6787,-54.5273,6.8970,11.1237
1,drinking,0.1445,0.7134,0.6816,-54.1687,7.0877,11.0168
1,drinking,0.1404,0.7195,0.6729,-53.9703,7.4310,10.8795
1,drinking,0.1370,0.7092,0.6724,-53.7949,7.7667,10.8566
1,drinking,0.1399,0.7131,0.6777,-53.5278,7.9803,10.8948
1,drinking,0.1401,0.7146,0.6743,-53.0930,8.1635,10.9177
1,drinking,0.1367,0.7222,0.6782,-52.7954,8.4381,10.7346
1,drinking,0.1309,0.7207,0.6819,-52.6352,8.7357,10.7269
1,drinking,0.1318,0.7234,0.6741,-52.4063,8.9798,10.9177
1,drinking,0.1277,0.7251,0.6804,-52.2003,9.1324,10.7803
1,drinking,0.1250,0.7329,0.6858,-52.2003,9.4681,10.9406
1,drinking,0.1321,0.7310,0.6758,-52.1469,9.6741,11.0397
1,drinking,0.1292,0.7363,0.6826,-51.7426,9.9106,10.9558
1,drinking,0.1316,0.7380,0.6841,-51.5671,9.9716,11.0474
1,drinking,0.1238,0.7371,0.6841,-51.4984,10.3149,11.3449
1,drinking,0.1191,0.7407,0.6819,-51.3611,10.7727,11.5051
1,drinking,0.1213,0.7402,0.6721,-51.2848,10.9711,11.5433
1,drinking,0.1194,0.7424,0.6819,-51.2314,11.1160,11.6043
1,drinking,0.1157,0.7383,0.6782,-51.1932,11.2381,11.6348
1,drinking,0.1138,0.7341,0.6780,-51.0101,11.5356,11.7569
1,drinking,0.1177,0.7375,0.6760,-50.6897,11.6653,11.8256
1,drinking,0.1189,0.7344,0.6824,-50.5905,11.8561,12.0773
1,drinking,0.1150,0.7329,0.6780,-50.6058,12.0544,12.2604
1,drinking,0.1091,0.7344,0.6841,-50.5600,12.2147,12.3978
1,drinking,0.1091,0.7332,0.6797,-50.5447,12.3672,12.3596
1,drinking,0.1116,0.7346,0.6787,-50.5905,12.4283,12.2223
1,drinking,0.1123,0.7346,0.6829,-50.5905,12.5504,12.4359
1,drinking,0.1143,0.7368,0.6873,-50.4913,12.9318,12.6572
1,drinking,0.1125,0.7395,0.6875,-50.5066,13.1454,12.7792
1,drinking,0.1074,0.7329,0.6919,-50.5829,13.1226,12.8098
1,drinking,0.1143,0.7312,0.6924,-50.6821,13.1683,13.0157
1,drinking,0.1096,0.7329,0.6914,-50.4379,13.2294,12.9776
1,drinking,0.1052,0.7344,0.7007,-50.4608,13.2370,13.0539
1,drinking,0.0996,0.7383,0.6934,-50.6516,13.4201,13.1607
1,drinking,0.1038,0.7375,0.6978,-50.6821,13.4277,13.2217
1,drinking,0.1057,0.7322,0.7017,-50.7660,13.3972,13.3438
1,drinking,0.1003,0.7388,0.7112,-50.8881,13.3133,13.5193
1,drinking,0.1069,0.7373,0.7070,-51.0101,13.2599,13.5422
1,drinking,0.1057,0.7361,0.7046,-51.1475,13.1760,13.5040
1,drinking,0.0994,0.7336,0.7036,-51.3229,13.1683,13.1607
1,drinking,0.0930,0.7329,0.7017,-51.3840,13.3972,13.2065
1,drinking,0.0940,0.7373,0.7007,-51.5213,13.2980,13.2675
1,drinking,0.1013,0.7336,0.7031,-51.9333,12.9089,13.2217
1,drinking,0.0999,0.7327,0.7063,-52.1545,12.7029,13.3133
1,drinking,0.0974,0.7292,0.7153,-52.4521,12.6877,13.3057
1,drinking,0.1038,0.7295,0.7122,-52.7802,12.7945,13.2904
1,drinking,0.1003,0.7300,0.7136,-53.1540,12.9547,13.2141
1,drinking,0.0981,0.7356,0.7166,-53.5507,12.9166,13.2904
1,drinking,0.0950,0.7336,0.7180,-54.0695,12.9318,13.3133
1,drinking,0.0955,0.7402,0.7141,-54.7638,12.7792,13.2675
1,drinking,0.0955,0.7461,0.7214,-55.2292,12.5504,13.2294
1,drinking,0.0920,0.7483,0.7292,-55.6946,12.4664,13.2980
1,drinking,0.0911,0.7471,0.7302,-56.3354,12.2604,13.5040
1,drinking,0.0881,0.7454,0.7261,-56.8924,11.9858,13.6490
1,drinking,0.0854,0.7461,0.7317,-57.4570,11.9324,13.6566
1,drinking,0.0808,0.7471,0.7427,-57.9681,11.8942,13.7024
1,drinking,0.0864,0.7395,0.7412,-58.5785,11.7188,13.9008
1,drinking,0.0837,0.7451,0.7456,-59.3033,11.4136,13.9084
1,drinking,0.0820,0.7500,0.7480,-60.0510,11.0245,14.0152
1,drinking,0.0852,0.7454,0.7581,-60.7452,10.7880,14.1678
1,drinking,0.0862,0.7429,0.7568,-61.3785,10.5743,14.0686
1,drinking,0.0796,0.7432,0.7542,-62.0651,10.0784,14.0533
1,drinking,0.0762,0.7434,0.7668,-62.5763,9.7427,14.1983
1,drinking,0.0791,0.7405,0.7759,-63.2172,9.4376,14.5111
1,drinking,0.0835,0.7417,0.7725,-63.8428,9.0866,14.6561
1,drinking,0.0803,0.7395,0.7761,-64.3768,8.6517,14.7324
1,drinking,0.0776,0.7344,0.7788,-65.1474,8.4381,14.8621
1,drinking,0.0771,0.7319,0.7842,-65.9256,7.9727,14.9002
1,drinking,0.0803,0.7300,0.7876,-66.7877,7.3700,14.9384
1,drinking,0.0820,0.7268,0.7976,-67.4515,6.8970,15.1062
1,drinking,0.0847,0.7327,0.7983,-67.9550,6.3858,15.1825
1,drinking,0.0752,0.7278,0.8020,-68.6111,5.8670,15.1825
1,drinking,0.0732,0.7224,0.8127,-69.2368,5.2643,15.1978
1,drinking,0.0791,0.7205,0.8127,-69.8624,4.6005,15.0833
1,drinking,0.0776,0.7183,0.8071,-70.4727,3.9978,15.0986
1,drinking,0.0791,0.7107,0.8120,-71.0831,3.4332,14.9918
1,drinking,0.0808,0.7065,0.8179,-71.7010,2.9526,15.1596
1,drinking,0.0791,0.7024,0.8232,-72.1970,2.2964,15.2054
1,drinking,0.0767,0.7048,0.8218,-72.6547,1.8616,15.1825
1,drinking,0.0833,0.7034,0.8257,-73.2117,1.5717,15.1138
1,drinking,0.0823,0.6987,0.8230,-73.7381,1.1292,15.0070
1,drinking,0.0854,0.6960,0.8293,-74.3790,0.5112,15.1062
1,drinking,0.0859,0.6899,0.8240,-74.9588,0.1602,15.1443
1,drinking,0.0818,0.6943,0.8215,-75.4089,0.0153,15.1749
1,drinking,0.0845,0.6919,0.8235,-75.7904,-0.1831,15.2054
1,drinking,0.0845,0.6851,0.8274,-76.2177,-0.4044,15.2817
1,drinking,0.0918,0.6758,0.8167,-76.5915,-0.8469,15.2283
1,drinking,0.0942,0.6709,0.8220,-76.8433,-1.1139,15.2969
1,drinking,0.0947,0.6707,0.8213,-77.1484,-1.3504,15.4877
1,drinking,0.0945,0.6655,0.8350,-77.4612,-1.7014,15.2664
1,drinking,0.1033,0.6624,0.8220,-77.4307,-1.9836,15.3198
1,drinking,0.1050,0.6606,0.8228,-77.5375,-2.2278,15.1520
1,drinking,0.0996,0.6543,0.8269,-77.6978,-2.5635,15.2283
1,drinking,0.1006,0.6455,0.8335,-77.6291,-2.9449,15.2588
1,drinking,0.1094,0.6426,0.8330,-77.6520,-3.1357,15.3427
1,drinking,0.1086,0.6399,0.8342,-77.7359,-3.2806,15.3275
1,drinking,0.1123,0.6399,0.8394,-77.5146,-3.4561,15.2664
1,drinking,0.1177,0.6343,0.8320,-77.3468,-3.7231,15.2893
1,drinking,0.1228,0.6274,0.8291,-77.0721,-3.8300,15.2359
1,drinking,0.1287,0.6199,0.8225,-76.9882,-3.8376,15.0909
1,drinking,0.1306,0.6196,0.8186,-76.8585,-3.9291,15.0070
1,drinking,0.1272,0.6140,0.8208,-76.5610,-3.9825,14.8544
1,drinking,0.1299,0.6116,0.8220,-76.1566,-4.0817,14.9994
1,drinking,0.1289,0.6157,0.8162,-75.8820,-3.9062,14.8163
1,drinking,0.1262,0.6116,0.8149,-75.5386,-3.6545,14.5111
1,drinking,0.1379,0.6074,0.8032,-75.2029,-3.5095,14.5035
1,drinking,0.1387,0.6030,0.7998,-74.9512,-3.2806,14.6103
1,drinking,0.1372,0.5945,0.8005,-74.6155,-2.8610,14.6027
1,drinking,0.1440,0.5908,0.7913,-74.0967,-2.5330,14.6027
1,drinking,0.1453,0.5894,0.7996,-73.7839,-2.2354,14.4348
1,drinking,0.1460,0.5938,0.8013,-73.3490,-1.9684,14.3661
1,drinking,0.1467,0.5876,0.7932,-72.7158,-1.6556,14.2670
1,drinking,0.1458,0.5876,0.7871,-72.1970,-1.3046,14.3433
1,drinking,0.1433,0.5942,0.7803,-71.6324,-0.9689,14.0915
1,drinking,0.1453,0.5891,0.7751,-71.1594,-0.6104,13.9313
1,drinking,0.1531,0.5884,0.7781,-70.6787,-0.2594,13.9389
1,drinking,0.1536,0.5815,0.7751,-70.1218,0.2670,14.1373
1,drinking,0.1553,0.5903,0.7712,-69.4046,0.7706,14.0991
1,drinking,0.1516,0.5918,0.7715,-68.7790,1.3046,14.0610
1,drinking,0.1567,0.5886,0.7629,-68.3060,1.7242,13.9694
1,drinking,0.1592,0.5898,0.7629,-67.9321,2.2507,13.8321
1,drinking,0.1570,0.5945,0.7625,-67.5125,2.8305,13.9542
1,drinking,0.1606,0.5896,0.7603,-66.9403,3.3417,14.1220
1,drinking,0.1589,0.5925,0.7595,-66.4215,3.9902,14.2212
1,drinking,0.1580,0.5906,0.7544,-65.6967,4.6158,14.1907
1,drinking,0.1592,0.5940,0.7603,-65.0406,5.1117,14.2212
1,drinking,0.1624,0.5945,0.7495,-64.4760,5.6839,14.1449
1,drinking,0.1624,0.6001,0.7468,-63.9420,6.4316,14.2136
1,drinking,0.1582,0.6011,0.7498,-63.5300,7.3776,14.3433
1,drinking,0.1580,0.5967,0.7544,-62.9807,8.1635,14.2670
1,drinking,0.1575,0.6003,0.7454,-62.4466,8.8043,14.4653
1,drinking,0.1575,0.5964,0.7424,-61.8744,9.5367,14.3814
1,drinking,0.1545,0.5979,0.7590,-61.2488,10.1776,14.4196
1,drinking,0.1558,0.5996,0.7546,-60.8902,10.8337,14.5874
1,drinking,0.1528,0.6018,0.7480,-60.7147,11.6119,14.7171
1,drinking,0.1511,0.5994,0.7515,-60.4019,12.3291,14.7552
1,drinking,0.1506,0.5999,0.7520,-59.8831,13.0310,14.7705
1,drinking,0.1545,0.6040,0.7578,-59.4482,13.5803,14.8468
1,drinking,0.1560,0.6021,0.7617,-59.1812,14.0610,14.8468
1,drinking,0.1467,0.6035,0.7556,-58.8150,14.4958,14.9384
1,drinking,0.1438,0.6035,0.7642,-58.5403,14.8849,14.9002
1,drinking,0.1453,0.6025,0.7712,-58.2123,15.2206,14.9765
1,drinking,0.1372,0.6094,0.7698,-58.1055,15.6250,14.8849
1,drinking,0.1365,0.6128,0.7820,-58.0978,16.1133,14.9384
1,drinking,0.1362,0.6113,0.7793,-57.8384,16.5100,15.0909
1,drinking,0.1328,0.6116,0.7961,-57.6553,16.6931,15.2359
1,drinking,0.1309,0.6143,0.7983,-57.6324,16.8381,15.3885
1,drinking,0.1299,0.6147,0.7959,-57.7011,16.9754,15.4114
1,drinking,0.1262,0.6162,0.8022,-57.7011,17.1585,15.3656
1,drinking,0.1216,0.6150,0.8035,-57.6782,17.3798,15.3732
1,drinking,0.1230,0.6196,0.8169,-57.6935,17.5629,15.4495
1,drinking,0.1250,0.6177,0.8235,-57.7545,17.4789,15.5792
1,drinking,0.1167,0.6179,0.8267,-57.8918,17.4408,15.4648
1,drinking,0.1094,0.6184,0.8320,-57.9910,17.6849,15.3656
1,drinking,0.1106,0.6199,0.8367,-58.2581,17.7612,15.7394
1,drinking,0.1101,0.6223,0.8386,-58.4335,17.6544,15.8691
1,drinking,0.1101,0.6274,0.8384,-58.6853,17.4942,15.7318
1,drinking,0.1062,0.6279,0.8503,-58.9447,17.4026,15.8234
1,drinking,0.1045,0.6279,0.8445,-59.2346,17.2272,15.8539
1,drinking,0.1008,0.6326,0.8552,-59.5398,16.9296,15.9073
1,drinking,0.0986,0.6292,0.8623,-59.9823,16.7694,15.9683
1,drinking,0.1021,0.6262,0.8667,-60.4553,16.4642,15.9760
1,drinking,0.0911,0.6265,0.8750,-60.8902,16.1743,16.2354
1,drinking,0.0908,0.6287,0.8735,-61.2640,15.9988,16.3422
1,drinking,0.0879,0.6299,0.8774,-61.6837,15.9607,16.4413
1,drinking,0.0906,0.6328,0.8879,-62.0651,15.5258,16.5482
1,drinking,0.0842,0.6335,0.8953,-62.3322,14.9536,16.6473
1,drinking,0.0796,0.6282,0.9075,-62.6602,14.5340,16.6779
1,drinking,0.0791,0.6279,0.8997,-63.1714,14.2059,16.9449
1,drinking,0.0796,0.6252,0.9043,-63.6139,13.8397,17.1432
1,drinking,0.0771,0.6218,0.9170,-64.0411,13.1607,17.2653
1,drinking,0.0757,0.6125,0.9192,-64.4836,12.5580,17.3645
1,drinking,0.0784,0.6172,0.9265,-64.9033,12.0621,17.3492
1,drinking,0.0752,0.6121,0.9282,-65.3229,11.6119,17.4484
1,drinking,0.0837,0.6121,0.9355,-65.7272,11.1008,17.5781
1,drinking,0.0850,0.6104,0.9277,-66.1316,10.5515,17.5781
1,drinking,0.0786,0.6038,0.9287,-66.5283,10.1242,17.6392
1,drinking,0.0732,0.6006,0.9326,-67.0242,9.6893,17.8223
1,drinking,0.0796,0.5945,0.9294,-67.3752,9.0942,17.8909
1,drinking,0.0840,0.5913,0.9338,-67.6422,8.4915,17.8070
1,drinking,0.0823,0.5896,0.9326,-67.8635,7.9422,17.5934
1,drinking,0.0835,0.5818,0.9448,-68.3212,7.4158,17.5018
1,drinking,0.0820,0.5808,0.9482,-68.7332,6.7749,17.5400
1,drinking,0.0825,0.5820,0.9502,-69.0079,6.1646,17.5400
1,drinking,0.0830,0.5789,0.9512,-69.2673,5.5084,17.6239
1,drinking,0.0859,0.5750,0.9570,-69.5877,4.8981,17.4866
1,drinking,0.0911,0.5703,0.9590,-70.0607,4.3716,17.4637
1,drinking,0.0913,0.5642,0.9531,-70.3812,3.8300,17.4179
1,drinking,0.0938,0.5664,0.9490,-70.5185,3.1891,17.3340
1,drinking,0.0913,0.5664,0.9558,-70.6863,2.6398,17.3264
1,drinking,0.0891,0.5625,0.9478,-70.9686,2.0981,17.3035
1,drinking,0.0952,0.5593,0.9531,-71.1060,1.6861,17.0746
1,drinking,0.0981,0.5603,0.9502,-71.2357,1.2970,16.9907
1,drinking,0.1023,0.5549,0.9529,-71.4188,1.0071,16.9220
1,drinking,0.0986,0.5537,0.9495,-71.6858,0.7477,16.8610
1,drinking,0.1047,0.5520,0.9404,-72.0520,0.2899,16.7923
1,drinking,0.1084,0.5500,0.9414,-72.2580,-0.0610,16.6321
1,drinking,0.1104,0.5515,0.9380,-72.4411,-0.2594,16.5405
1,drinking,0.1038,0.5488,0.9421,-72.5174,-0.5112,16.5329
1,drinking,0.0991,0.5493,0.9426,-72.6318,-0.7477,16.3803
1,drinking,0.1086,0.5530,0.9443,-72.7005,-1.0986,16.2048
1,drinking,0.1062,0.5515,0.9434,-72.9599,-1.5717,16.2964
1,drinking,0.1011,0.5542,0.9451,-73.3032,-1.9684,16.2506
1,drinking,0.1052,0.5535,0.9407,-73.2956,-2.2125,16.0980
1,drinking,0.1072,0.5522,0.9443,-73.4177,-2.4796,15.9912
1,drinking,0.1130,0.5496,0.9412,-73.4711,-3.0289,15.9836
1,drinking,0.1069,0.5518,0.9377,-73.6465,-3.1662,15.9531
1,drinking,0.1079,0.5518,0.9390,-73.9899,-3.2883,15.9454
1,drinking,0.1182,0.5498,0.9487,-74.0051,-3.4332,15.8234
1,drinking,0.1194,0.5457,0.9468,-74.1501,-3.6316,15.8310
1,drinking,0.1145,0.5513,0.9397,-74.3484,-3.8910,15.9531
1,drinking,0.1128,0.5491,0.9504,-74.6765,-4.1809,16.1209
1,drinking,0.1096,0.5520,0.9526,-75.0351,-4.4327,16.1438
1,drinking,0.1221,0.5522,0.9539,-75.3479,-4.6310,15.9988
1,drinking,0.1201,0.5532,0.9531,-75.6149,-4.8065,15.8691
1,drinking,0.1162,0.5522,0.9438,-75.9048,-4.9362,16.0141
1,drinking,0.1155,0.5535,0.9487,-76.1414,-5.0964,16.1438
1,drinking,0.1187,0.5488,0.9458,-76.5228,-5.2567,16.2506
1,drinking,0.1194,0.5488,0.9517,-76.8814,-5.4550,16.3193
1,drinking,0.1167,0.5525,0.9541,-77.2552,-5.6992,16.1819
1,drinking,0.1233,0.5510,0.9509,-77.5452,-5.9357,16.3040
1,drinking,0.1208,0.5483,0.9480,-77.6749,-5.9891,16.2354
1,drinking,0.1174,0.5535,0.9609,-78.0640,-6.0959,16.5253
1,drinking,0.1243,0.5486,0.9526,-78.4149,-6.0806,16.8152
1,drinking,0.1230,0.5481,0.9514,-78.6438,-6.0577,17.0441
1,drinking,0.1204,0.5530,0.9580,-78.8803,-5.9967,17.1738
1,drinking,0.1240,0.5481,0.9551,-78.9719,-6.0654,17.2424
1,drinking,0.1279,0.5449,0.9556,-79.0329,-6.2561,17.5781
1,drinking,0.1304,0.5405,0.9480,-78.9413,-6.3324,17.9977
1,drinking,0.1323,0.5337,0.9607,-78.9948,-6.3171,18.3105
1,drinking,0.1277,0.5344,0.9578,-78.9795,-6.1111,18.3334
1,drinking,0.1355,0.5381,0.9465,-78.7888,-6.3629,18.4250
1,drinking,0.1460,0.5308,0.9531,-78.5370,-6.3095,18.6539
1,drinking,0.1497,0.5237,0.9441,-78.3157,-6.1417,19.0964
1,drinking,0.1404,0.5200,0.9492,-78.1250,-6.1264,19.1193
1,drinking,0.1470,0.5166,0.9443,-77.8275,-5.9738,19.2184
1,drinking,0.1487,0.5125,0.9453,-77.4231,-5.7983,19.3863
1,drinking,0.1421,0.5107,0.9377,-77.0035,-5.6076,19.6381
1,drinking,0.1453,0.5115,0.9417,-76.6296,-5.4474,19.8288
1,drinking,0.1519,0.5081,0.9407,-76.2787,-5.4550,20.0195
1,drinking,0.1594,0.5015,0.9382,-75.8743,-5.3329,20.1797
1,drinking,0.1592,0.4993,0.9470,-75.4166,-5.0659,20.1569
1,drinking,0.1602,0.4958,0.9355,-74.9741,-4.7226,20.2026
1,drinking,0.1553,0.4937,0.9453,-74.6231,-4.2725,20.4926
1,drinking,0.1619,0.4910,0.9478,-74.1959,-4.0131,20.5612
1,drinking,0.1641,0.4883,0.9456,-73.6084,-3.7994,20.6985
1,drinking,0.1641,0.4858,0.9414,-72.9904,-3.4409,20.7367
1,drinking,0.1609,0.4905,0.9385,-72.6852,-2.9907,20.9122
1,drinking,0.1619,0.4807,0.9375,-72.3114,-2.5711,20.9656
1,drinking,0.1682,0.4761,0.9363,-71.8613,-2.2125,20.9351
1,drinking,0.1682,0.4707,0.9363,-71.3577,-1.8463,20.8740
1,drinking,0.1687,0.4709,0.9375,-70.8084,-1.3428,20.9732
1,drinking,0.1729,0.4644,0.9438,-70.2896,-0.8240,21.0724
1,drinking,0.1741,0.4612,0.9329,-69.8318,-0.4959,21.2708
1,drinking,0.1772,0.4590,0.9309,-69.2596,0.0229,21.3013
1,drinking,0.1770,0.4653,0.9343,-68.4280,0.5417,21.1334
1,drinking,0.1804,0.4624,0.9346,-67.8329,0.9232,21.3013
1,drinking,0.1748,0.4578,0.9270,-67.3370,1.3733,21.5454
1,drinking,0.1755,0.4539,0.9319,-66.7953,1.9150,21.5759
1,drinking,0.1790,0.4507,0.9333,-66.2766,2.4719,21.4844
1,drinking,0.1802,0.4500,0.9280,-65.7806,2.9984,21.4462
1,drinking,0.1770,0.4473,0.9382,-65.0711,3.4637,21.4005
1,drinking,0.1812,0.4436,0.9324,-64.3616,3.8681,21.3394
1,drinking,0.1816,0.4446,0.9236,-63.5376,4.5776,21.3852
1,drinking,0.1790,0.4436,0.9180,-62.8586,5.3787,21.4005
1,drinking,0.1833,0.4436,0.9248,-62.1872,6.0959,21.4310
1,drinking,0.1836,0.4460,0.9312,-61.5768,6.8512,21.1639
1,drinking,0.1833,0.4431,0.9253,-60.7605,7.4539,21.1258
1,drinking,0.1875,0.4377,0.9211,-60.0967,8.1100,21.3928
1,drinking,0.1841,0.4375,0.9187,-59.3262,8.7585,21.5302
1,drinking,0.1846,0.4404,0.9338,-58.6243,9.3842,21.4005
1,drinking,0.1863,0.4397,0.9312,-58.0215,10.0403,21.4157
1,drinking,0.1836,0.4412,0.9255,-57.4265,10.4675,21.4920
1,drinking,0.1829,0.4385,0.9319,-56.7551,11.1389,21.4767
1,drinking,0.1814,0.4390,0.9282,-56.0074,11.6196,21.2250
1,drinking,0.1841,0.4431,0.9407,-55.4581,12.0926,21.1182
1,drinking,0.1841,0.4448,0.9368,-54.9545,12.6038,21.0648
1,drinking,0.1802,0.4463,0.9473,-54.4281,12.9089,21.1029
1,drinking,0.1768,0.4436,0.9524,-54.0085,13.3133,21.3623
1,drinking,0.1760,0.4377,0.9597,-53.6270,13.6948,21.1868
1,drinking,0.1831,0.4365,0.9597,-53.2150,14.0762,20.9427
1,drinking,0.1802,0.4343,0.9607,-52.8412,14.3051,20.9427
1,drinking,0.1780,0.4326,0.9641,-52.4063,14.6713,21.0419
1,drinking,0.1787,0.4275,0.9534,-51.7197,15.0681,20.9885
1,drinking,0.1792,0.4275,0.9512,-50.5676,15.4495,21.0037
1,drinking,0.1716,0.4246,0.9692,-49.4003,15.7928,21.0953
1,drinking,0.1699,0.4221,0.9827,-48.6984,16.5863,20.6070
1,drinking,0.1860,0.4119,0.9526,-47.1191,16.5939,21.3547
1,drinking,0.1455,0.4429,1.0156,-46.3104,16.8152,21.6141
1,drinking,0.1658,0.4338,0.9958,-47.2870,16.4261,20.0882
1,drinking,0.1797,0.4097,0.9766,-48.1415,16.6016,18.4708
1,drinking,0.1938,0.4131,0.9639,-47.4319,16.7847,18.5394
1,drinking,0.1638,0.4480,0.9695,-45.4407,17.4866,20.0119
1,drinking,0.1587,0.4597,0.9709,-43.2434,18.4097,21.7667
1,drinking,0.1470,0.4592,0.9897,-41.4963,19.2184,22.5677
1,drinking,0.1511,0.4458,1.0195,-40.9088,19.3863,22.3541
1,drinking,0.1492,0.4402,1.0352,-41.2445,18.8293,21.9803
1,drinking,0.1462,0.4402,1.0361,-42.1753,18.0511,21.3623
1,drinking,0.1460,0.4456,1.0288,-43.3502,17.1432,20.7825
1,drinking,0.1450,0.4502,1.0256,-44.6243,16.5710,20.2484
1,drinking,0.1479,0.4626,1.0186,-45.7077,16.2659,20.0424
1,drinking,0.1506,0.4702,1.0039,-46.3409,16.1285,20.1263
1,drinking,0.1458,0.4749,0.9917,-47.0963,16.2125,20.2637
1,drinking,0.1523,0.4739,1.0037,-47.9126,16.3574,20.5307
1,drinking,0.1482,0.4744,1.0103,-48.6069,16.3422,20.8817
1,drinking,0.1453,0.4683,1.0203,-49.1562,16.3727,20.9808
1,drinking,0.1450,0.4641,1.0154,-49.5682,16.2430,21.0266
1,drinking,0.1379,0.4624,1.0215,-49.9420,15.9225,21.0953
1,drinking,0.1357,0.4580,1.0371,-50.2625,15.5182,21.0342
1,drinking,0.1372,0.4568,1.0454,-50.5142,15.2359,20.8206
1,drinking,0.1284,0.4514,1.0505,-50.5753,14.7018,20.2713
1,drinking,0.1360,0.4465,1.0515,-50.5524,14.0305,20.0729
1,drinking,0.1343,0.4583,1.0698,-50.8041,13.5651,20.0119
1,drinking,0.1357,0.4583,1.0752,-51.1093,13.2446,19.7678
1,drinking,0.1365,0.4624,1.0662,-51.1703,12.7487,19.7067
1,drinking,0.1326,0.4666,1.0623,-51.1322,12.2223,19.5694
1,drinking,0.1367,0.4651,1.0706,-51.2161,11.8866,19.7144
1,drinking,0.1338,0.4590,1.0767,-51.3611,11.5738,19.7220
1,drinking,0.1355,0.4600,1.0696,-51.4908,11.0245,19.8669
1,drinking,0.1362,0.4658,1.0742,-51.5442,10.3683,19.9585
1,drinking,0.1323,0.4678,1.0828,-51.8723,9.7046,20.1340
1,drinking,0.1218,0.4607,1.0894,-52.1164,9.3689,20.3094
1,drinking,0.1240,0.4634,1.0742,-52.2766,8.9722,20.4239
1,drinking,0.1267,0.4587,1.0764,-52.5131,8.4305,20.4697
1,drinking,0.1272,0.4553,1.0847,-52.7191,7.6981,20.5688
1,drinking,0.1272,0.4514,1.0789,-52.6962,7.3547,20.8206
1,drinking,0.1206,0.4561,1.0769,-52.5208,6.8207,21.0190
1,drinking,0.1208,0.4548,1.0808,-52.5894,6.3171,20.9122
1,drinking,0.1240,0.4536,1.0774,-52.5131,5.9357,20.9045
1,drinking,0.1333,0.4460,1.0776,-52.5055,5.6305,20.9808
1,drinking,0.1335,0.4429,1.0745,-52.3224,5.1727,21.0114
1,drinking,0.1340,0.4436,1.0620,-52.3148,4.7226,21.1182
1,drinking,0.1345,0.4417,1.0596,-52.2766,4.4479,21.1563
1,drinking,0.1418,0.4338,1.0493,-52.1164,4.2953,21.1258
1,drinking,0.1406,0.4336,1.0376,-51.8188,4.1351,21.1105
1,drinking,0.1497,0.4285,1.0427,-51.5442,4.0588,21.1563
1,drinking,0.1499,0.4302,1.0410,-51.2772,4.0359,21.1182
1,drinking,0.1548,0.4270,1.0276,-51.1017,4.1962,21.0571
1,drinking,0.1550,0.4277,1.0317,-50.9644,4.3030,21.1105
1,drinking,0.1550,0.4236,1.0232,-50.5753,3.9139,21.0495
1,drinking,0.1533,0.4170,1.0212,-50.1099,3.8605,20.9656
1,drinking,0.1545,0.4175,1.0125,-49.7971,4.1122,20.9961
1,drinking,0.1643,0.4172,1.0134,-49.4690,4.4098,21.0800
1,drinking,0.1631,0.4124,1.0100,-49.1409,4.6616,21.0800
1,drinking,0.1599,0.4136,0.9973,-48.7823,4.6921,20.9045
1,drinking,0.1665,0.4185,0.9949,-48.5077,4.7607,20.8435
1,drinking,0.1687,0.4114,0.9966,-48.3780,5.1651,20.8664
1,drinking,0.1758,0.4023,0.9924,-48.0499,5.5008,20.9961
1,drinking,0.1753,0.4053,0.9849,-47.6913,5.9586,20.9427
1,drinking,0.1741,0.4050,0.9766,-47.5159,6.3171,20.9045
1,drinking,0.1768,0.4084,0.9749,-47.3404,6.6147,20.9427
1,drinking,0.1724,0.4087,0.9739,-47.0963,7.0038,21.0953
1,drinking,0.1785,0.4070,0.9739,-46.8369,7.4692,21.1029
1,drinking,0.1777,0.4084,0.9756,-46.5469,7.8735,20.9808
1,drinking,0.1777,0.4094,0.9739,-46.3409,8.2703,20.9503
1,drinking,0.1797,0.4119,0.9646,-46.0358,8.7051,21.0266
1,drinking,0.1887,0.4094,0.9656,-45.7153,9.2316,20.9427
1,drinking,0.1880,0.4021,0.9678,-45.6924,9.6664,20.9198
1,drinking,0.1858,0.4019,0.9673,-45.5475,10.0250,21.0800
1,drinking,0.1819,0.4043,0.9553,-45.1279,10.4599,21.0724
1,drinking,0.1836,0.4050,0.9624,-44.7159,11.0092,20.9579
1,drinking,0.1853,0.4028,0.9663,-44.5938,11.4441,20.8817
1,drinking,0.1870,0.4067,0.9680,-44.3573,11.8179,20.8893
1,drinking,0.1912,0.4036,0.9624,-44.3115,12.3138,20.9045
1,drinking,0.1882,0.4048,0.9624,-44.1589,12.7945,20.8969
1,drinking,0.1833,0.4004,0.9673,-43.8690,13.0920,20.8893
1,drinking,0.1880,0.4048,0.9836,-43.8004,13.3514,21.0266
1,drinking,0.1877,0.4075,0.9722,-43.8004,13.7939,21.0419
1,drinking,0.1804,0.4053,0.9741,-43.6554,14.0610,21.0037
1,drinking,0.1807,0.3997,0.9766,-43.5944,14.2670,20.8054
1,drinking,0.1836,0.3965,0.9856,-43.6325,14.5950,20.7062
1,drinking,0.1831,0.3977,1.0000,-43.6707,14.6408,20.7062
1,drinking,0.1853,0.3960,1.0005,-43.6325,14.6408,20.5536
1,drinking,0.1812,0.3940,0.9939,-43.7012,14.7552,20.4468
1,drinking,0.1802,0.3945,0.9924,-43.9682,14.9231,20.3247
1,drinking,0.1721,0.3926,1.0012,-44.0979,14.9994,20.4468
1,drinking,0.1707,0.3884,1.0010,-44.0979,15.0070,20.5078
1,drinking,0.1765,0.3889,1.0078,-44.2200,15.1291,20.4849
1,drinking,0.1716,0.3914,1.0159,-44.3344,15.3198,20.4697
1,drinking,0.1687,0.3875,1.0105,-44.4336,15.3732,20.4086
1,drinking,0.1663,0.3887,1.0161,-44.5023,15.5258,20.3247
1,drinking,0.1689,0.3916,1.0203,-44.4870,15.6860,20.3018
1,drinking,0.1643,0.3804,1.0232,-44.4031,15.7471,20.2103
1,drinking,0.1614,0.3835,1.0337,-44.5175,15.7623,20.1721
1,drinking,0.1655,0.3848,1.0417,-44.6777,15.8691,20.1416
1,drinking,0.1636,0.3933,1.0386,-44.7006,15.6937,19.9738
1,drinking,0.1638,0.3916,1.0383,-44.9524,15.4572,19.9509
1,drinking,0.1548,0.3857,1.0503,-44.9142,15.4343,19.9432
1,drinking,0.1536,0.3809,1.0515,-45.0134,15.3275,19.8135
1,drinking,0.1538,0.3879,1.0598,-45.1584,15.1901,19.6075
1,drinking,0.1543,0.3872,1.0593,-45.2805,14.9307,19.5084
1,drinking,0.1545,0.3865,1.0630,-45.4025,14.5111,19.3558
1,drinking,0.1599,0.3872,1.0659,-45.4559,14.0457,19.3558
1,drinking,0.1555,0.3865,1.0798,-45.6390,13.8245,19.3863
1,drinking,0.1550,0.3904,1.0828,-45.7153,13.6948,19.3863
1,drinking,0.1575,0.3850,1.0745,-45.8679,13.4048,19.2490
1,drinking,0.1572,0.3860,1.0725,-45.8374,13.0310,19.3176
1,drinking,0.1553,0.3865,1.0715,-45.8374,12.9471,19.3176
1,drinking,0.1592,0.3792,1.0745,-45.9290,12.7335,19.2642
1,drinking,0.1565,0.3770,1.0801,-45.9824,12.6114,19.2642
1,drinking,0.1538,0.3762,1.0767,-45.9595,12.4512,19.1727
1,drinking,0.1497,0.3757,1.0754,-45.8603,12.1689,19.0811
1,drinking,0.1465,0.3740,1.0701,-45.8450,12.1841,19.2337
1,drinking,0.1533,0.3743,1.0745,-45.7153,11.9934,19.2184
1,drinking,0.1584,0.3704,1.0591,-45.6314,11.7722,19.1803
1,drinking,0.1670,0.3586,1.0615,-45.4559,11.5814,18.9133
1,drinking,0.1648,0.3633,1.0681,-45.2881,11.3983,18.9667
1,drinking,0.1655,0.3657,1.0691,-45.2652,11.3754,19.0506
1,drinking,0.1628,0.3635,1.0696,-45.1279,11.3068,18.9667
1,drinking,0.1541,0.3557,1.0615,-44.9371,11.1084,18.7759
1,drinking,0.1567,0.3621,1.0657,-44.6472,11.0626,18.7912
1,drinking,0.1616,0.3638,1.0667,-44.4107,11.0626,18.9133
1,drinking,0.1616,0.3613,1.0635,-44.3878,10.9940,18.9896
