dataset_id,gesture,ax,ay,az,gx,gy,gz
1,driving,0.0461,0.2759,1.0784,-0.2594,2.8381,1.3504
1,driving,0.0447,0.2722,1.0854,-0.2670,2.7695,1.3428
1,driving,0.0449,0.2783,1.0906,-0.3357,2.6550,1.2741
1,driving,0.0554,0.2781,1.0830,-0.4120,2.6779,1.3733
1,driving,0.0535,0.2820,1.0837,-0.3357,2.7237,1.5335
1,driving,0.0417,0.2812,1.0796,-0.5035,2.8610,1.5869
1,driving,0.0476,0.2690,1.0776,-0.7629,2.9678,1.6327
1,driving,0.0469,0.2744,1.0745,-0.7401,3.0136,1.7319
1,driving,0.0410,0.2737,1.0718,-0.7858,3.0518,1.8234
1,driving,0.0454,0.2732,1.0879,-0.8087,2.9755,1.8692
1,driving,0.0449,0.2729,1.0762,-0.8469,2.8381,1.9836
1,driving,0.0452,0.2708,1.0732,-0.8698,3.0518,1.8997
1,driving,0.0461,0.2729,1.0828,-0.9003,3.4409,1.8845
1,driving,0.0432,0.2632,1.0815,-0.9842,3.3569,1.8921
1,driving,0.0410,0.2644,1.0913,-0.7935,3.1433,2.0828
1,driving,0.0442,0.2661,1.0889,-0.6332,3.1281,2.0065
1,driving,0.0396,0.2671,1.0867,-0.4959,3.2730,1.9455
1,driving,0.0408,0.2722,1.0955,-0.3510,3.4409,2.0828
1,driving,0.0447,0.2800,1.0920,-0.1221,3.4409,2.1820
1,driving,0.0408,0.2769,1.0920,-0.0916,3.3035,2.1439
1,driving,0.0466,0.2793,1.0959,-0.0381,3.0823,2.2202
1,driving,0.0464,0.2776,1.0981,0.0763,3.1052,2.1973
1,driving,0.0417,0.2742,1.0945,0.2060,2.9984,2.3041
1,driving,0.0354,0.2761,1.0962,0.3891,2.7084,2.4185
1,driving,0.0361,0.2727,1.1047,0.3738,2.7008,2.5253
1,driving,0.0393,0.2639,1.1152,0.2899,2.5864,2.4796
1,driving,0.0376,0.2722,1.1045,0.2670,2.3117,2.4414
1,driving,0.0356,0.2700,1.1074,0.2136,2.2507,2.4338
1,driving,0.0417,0.2705,1.1074,0.0916,2.3117,2.4719
1,driving,0.0413,0.2732,1.1018,0.0687,2.2278,2.5253
1,driving,0.0417,0.2727,1.1021,0.0381,2.0981,2.6855
1,driving,0.0488,0.2744,1.0896,-0.2213,2.1667,2.7084
1,driving,0.0471,0.2754,1.1003,-0.5341,2.2354,2.6016
1,driving,0.0444,0.2695,1.1001,-0.7629,2.2659,2.4414
1,driving,0.0476,0.2727,1.0913,-0.8240,2.2430,2.2736
1,driving,0.0461,0.2727,1.0923,-0.9613,2.3117,2.2583
1,driving,0.0466,0.2703,1.0999,-1.2360,2.3270,2.2964
1,driving,0.0503,0.2715,1.0962,-1.3351,2.3804,2.3041
1,driving,0.0432,0.2646,1.0925,-1.1673,2.3270,2.3727
1,driving,0.0464,0.2651,1.0850,-1.2589,2.5101,2.2888
1,driving,0.0500,0.2664,1.0837,-1.5640,2.6779,2.2354
1,driving,0.0449,0.2681,1.0835,-1.7014,2.8763,2.3270
1,driving,0.0483,0.2646,1.0803,-1.6403,2.8610,2.3193
1,driving,0.0488,0.2632,1.0771,-1.5869,2.8992,2.1820
1,driving,0.0408,0.2620,1.0801,-1.6327,2.8992,1.9608
1,driving,0.0483,0.2661,1.0840,-1.6174,2.8992,1.9379
1,driving,0.0476,0.2612,1.0784,-1.5945,3.0289,1.9455
1,driving,0.0420,0.2671,1.0801,-1.6174,2.9221,1.9531
1,driving,0.0417,0.2676,1.0876,-1.4038,2.9449,2.0065
1,driving,0.0447,0.2705,1.0955,-1.3885,2.9907,1.8539
1,driving,0.0466,0.2705,1.0938,-1.2970,3.0594,1.8997
1,driving,0.0415,0.2690,1.0942,-1.1978,3.0136,1.9989
1,driving,0.0439,0.2700,1.0942,-1.3962,2.9068,1.9836
1,driving,0.0439,0.2732,1.0923,-1.4343,2.9068,2.1515
1,driving,0.0405,0.2722,1.0979,-1.3504,2.9221,2.2202
1,driving,0.0400,0.2761,1.0969,-1.3275,3.0441,2.1896
1,driving,0.0469,0.2754,1.0891,-1.2894,3.0899,2.2659
1,driving,0.0459,0.2725,1.0884,-1.1826,3.1891,2.4109
1,driving,0.0469,0.2678,1.0923,-1.1444,3.2959,2.4948
1,driving,0.0449,0.2703,1.0845,-1.2054,3.4637,2.5482
1,driving,0.0430,0.2700,1.0835,-1.2512,3.6926,2.6398
1,driving,0.0454,0.2688,1.0806,-1.1139,3.9062,2.7313
1,driving,0.0486,0.2661,1.0825,-0.9155,4.1351,2.8152
1,driving,0.0474,0.2666,1.0879,-0.8698,4.2801,2.7390
1,driving,0.0403,0.2678,1.0862,-0.9460,4.2191,2.7542
1,driving,0.0400,0.2642,1.0835,-1.0757,4.1046,2.7084
1,driving,0.0498,0.2676,1.0874,-1.0300,4.2496,2.8305
1,driving,0.0491,0.2732,1.0811,-0.6866,4.5700,2.8000
1,driving,0.0491,0.2666,1.0850,-0.5264,4.7989,2.7084
1,driving,0.0469,0.2620,1.0796,-0.4730,4.6921,2.8000
1,driving,0.0457,0.2654,1.0779,-0.5264,4.7455,2.9144
1,driving,0.0469,0.2615,1.0840,-0.3586,4.7531,2.9221
1,driving,0.0515,0.2612,1.0803,-0.2060,4.9896,2.8534
1,driving,0.0483,0.2607,1.0806,-0.2518,5.0888,2.7924
1,driving,0.0422,0.2593,1.0815,-0.3357,4.9133,2.8687
1,driving,0.0427,0.2654,1.0837,-0.3510,5.0049,3.0670
1,driving,0.0491,0.2664,1.0815,-0.2060,4.9896,3.1967
1,driving,0.0496,0.2688,1.0896,-0.0839,4.8141,2.9831
1,driving,0.0413,0.2668,1.0908,0.1221,4.9744,2.9526
1,driving,0.0442,0.2639,1.0906,0.1526,5.0812,3.1052
1,driving,0.0479,0.2595,1.0789,0.1678,5.0812,3.4027
1,driving,0.0532,0.2642,1.0774,0.1907,5.2032,3.2806
1,driving,0.0479,0.2671,1.0764,0.1144,5.2109,3.1967
1,driving,0.0483,0.2627,1.0803,0.1373,5.3253,3.2806
1,driving,0.0483,0.2578,1.0969,0.2747,5.6000,3.2196
1,driving,0.0442,0.2588,1.1006,0.3967,5.5618,3.2349
1,driving,0.0493,0.2573,1.0942,0.5112,5.5008,3.3035
1,driving,0.0500,0.2590,1.0884,0.5188,5.7678,3.4409
1,driving,0.0493,0.2610,1.0840,0.5341,5.9280,3.3798
1,driving,0.0520,0.2622,1.0723,0.7706,6.0349,3.3264
1,driving,0.0496,0.2668,1.0713,0.8621,6.2790,3.4637
1,driving,0.0544,0.2688,1.0730,1.1139,6.4163,3.5858
1,driving,0.0601,0.2686,1.0764,1.3504,6.6147,3.9062
1,driving,0.0601,0.2610,1.0625,1.6479,6.9656,4.0665
1,driving,0.0579,0.2559,1.0662,2.0447,7.4463,4.1504
1,driving,0.0562,0.2583,1.0635,2.3346,7.8506,4.3182
1,driving,0.0642,0.2559,1.0635,2.7161,8.0566,4.1885
1,driving,0.0671,0.2512,1.0583,3.1052,8.3694,4.2343
1,driving,0.0630,0.2505,1.0603,3.5172,8.5983,4.2191
1,driving,0.0598,0.2517,1.0640,3.9825,9.0714,4.1656
1,driving,0.0610,0.2441,1.0725,4.2572,9.2239,4.1504
1,driving,0.0654,0.2437,1.0779,4.3716,9.2621,4.1122
1,driving,0.0625,0.2454,1.0801,4.4861,9.4376,3.9291
1,driving,0.0601,0.2463,1.0835,4.6844,9.4910,3.8681
1,driving,0.0635,0.2429,1.0891,4.8599,9.5520,3.7537
1,driving,0.0630,0.2463,1.0950,5.0125,9.7198,3.7689
1,driving,0.0579,0.2520,1.0923,5.2032,9.7504,3.6545
1,driving,0.0532,0.2542,1.0942,5.1193,9.7351,3.5172
1,driving,0.0569,0.2556,1.0908,4.9744,9.6893,3.5477
1,driving,0.0549,0.2559,1.0933,4.9057,9.8572,3.4027
1,driving,0.0603,0.2571,1.0850,4.8218,9.9335,3.3264
1,driving,0.0667,0.2595,1.0891,4.7531,9.8877,3.4943
1,driving,0.0637,0.2637,1.0916,4.7760,9.9411,3.7231
1,driving,0.0610,0.2654,1.0925,4.5776,9.9182,3.6850
1,driving,0.0601,0.2639,1.0872,4.5853,10.1013,3.6697
1,driving,0.0579,0.2581,1.0964,4.5013,10.3226,3.5553
1,driving,0.0562,0.2566,1.0977,4.2725,10.3378,3.5553
1,driving,0.0586,0.2563,1.0950,4.1733,10.2844,3.6774
1,driving,0.0559,0.2549,1.0977,4.2496,10.2463,3.6545
1,driving,0.0508,0.2573,1.0928,4.2725,10.1929,3.4637
1,driving,0.0542,0.2617,1.0955,4.3259,10.2310,3.3798
1,driving,0.0649,0.2603,1.1003,4.3182,10.3760,3.2196
1,driving,0.0554,0.2556,1.0994,4.2038,10.3683,3.0823
1,driving,0.0547,0.2520,1.1016,4.1580,10.1700,3.0899
1,driving,0.0554,0.2524,1.1013,3.9978,10.0632,3.1281
1,driving,0.0552,0.2505,1.1086,4.0283,10.1776,3.0670
1,driving,0.0496,0.2510,1.0999,3.9062,10.2158,2.8229
1,driving,0.0540,0.2476,1.0986,3.8071,10.2463,2.6093
1,driving,0.0542,0.2502,1.0996,3.7918,10.3149,2.5406
1,driving,0.0505,0.2573,1.1108,3.5706,10.2158,2.4414
1,driving,0.0527,0.2605,1.1042,3.4027,10.2081,2.1591
1,driving,0.0557,0.2554,1.1064,3.3569,10.3302,2.2278
1,driving,0.0566,0.2546,1.1072,3.4561,10.3912,2.1820
1,driving,0.0525,0.2588,1.1069,3.3569,10.3683,2.0523
1,driving,0.0486,0.2700,1.1006,3.2043,10.4446,2.0599
1,driving,0.0422,0.2651,1.1094,3.1662,10.5667,2.1820
1,driving,0.0469,0.2651,1.1089,3.1586,10.6125,2.1744
1,driving,0.0439,0.2664,1.1035,3.1052,10.6583,2.0676
1,driving,0.0435,0.2629,1.1150,2.9831,10.6125,2.0294
1,driving,0.0425,0.2637,1.1187,2.9907,10.5667,2.1210
1,driving,0.0405,0.2678,1.1125,3.0136,10.6888,2.1362
1,driving,0.0422,0.2708,1.1116,2.9144,10.6659,2.1973
1,driving,0.0432,0.2710,1.1118,2.9373,10.6201,2.1286
1,driving,0.0479,0.2700,1.1125,3.0365,10.7422,2.1133
1,driving,0.0425,0.2747,1.1152,3.1509,10.6583,2.0828
1,driving,0.0464,0.2781,1.1147,3.2043,10.5286,2.1133
1,driving,0.0444,0.2742,1.1228,3.2883,10.3531,2.1744
1,driving,0.0425,0.2715,1.1218,3.3646,10.2158,2.2507
1,driving,0.0417,0.2734,1.1130,3.3875,10.3607,2.2659
1,driving,0.0422,0.2742,1.1121,3.5095,10.2921,2.2659
1,driving,0.0361,0.2786,1.1079,3.4103,10.2158,2.2736
1,driving,0.0388,0.2803,1.1094,3.4409,10.0632,2.2583
1,driving,0.0405,0.2781,1.1162,3.6774,9.8877,2.1744
1,driving,0.0398,0.2786,1.1116,3.9825,9.9335,2.3499
1,driving,0.0425,0.2776,1.1145,4.1733,9.9640,2.3727
1,driving,0.0469,0.2805,1.1223,4.2725,9.9792,2.4338
1,driving,0.0413,0.2783,1.1238,4.2648,9.8190,2.3193
1,driving,0.0391,0.2761,1.1240,4.1885,9.7809,2.3346
1,driving,0.0393,0.2783,1.1106,4.1428,9.8572,2.2888
1,driving,0.0422,0.2771,1.1116,4.2953,9.9182,2.3041
1,driving,0.0437,0.2788,1.1165,4.6005,9.8801,2.3880
1,driving,0.0483,0.2803,1.1228,4.8828,9.7275,2.4796
1,driving,0.0466,0.2830,1.1240,4.9591,9.4681,2.5635
1,driving,0.0403,0.2800,1.1287,4.9515,9.4833,2.5787
1,driving,0.0369,0.2844,1.1262,5.0888,9.1553,2.5177
1,driving,0.0420,0.2844,1.1248,5.2032,9.1858,2.6550
1,driving,0.0415,0.2839,1.1255,5.4474,9.1705,2.7542
1,driving,0.0378,0.2827,1.1252,5.6839,9.0027,2.7008
1,driving,0.0396,0.2864,1.1262,5.6839,8.7814,2.8076
1,driving,0.0366,0.2859,1.1223,5.8823,8.4915,2.9678
1,driving,0.0415,0.2837,1.1233,6.1569,8.5297,3.0594
1,driving,0.0417,0.2849,1.1255,6.3400,8.5983,3.1204
1,driving,0.0393,0.2820,1.1282,6.3705,8.4839,3.1204
1,driving,0.0347,0.2786,1.1323,6.3324,8.3084,3.2806
1,driving,0.0398,0.2817,1.1333,6.4468,8.2092,3.2654
1,driving,0.0430,0.2864,1.1355,6.5384,7.9422,3.0975
1,driving,0.0430,0.2871,1.1355,6.4926,7.8354,3.0060
1,driving,0.0400,0.2920,1.1333,6.4926,7.9117,3.1433
1,driving,0.0425,0.2886,1.1255,6.5002,7.9727,3.3722
1,driving,0.0427,0.2866,1.1252,6.5231,7.9193,3.3569
1,driving,0.0396,0.2908,1.1267,6.5002,7.8430,3.2959
1,driving,0.0425,0.2876,1.1353,6.4392,7.9727,3.1891
1,driving,0.0388,0.2898,1.1357,6.3629,7.9727,3.3569
1,driving,0.0420,0.2925,1.1328,6.2714,7.8354,3.4637
1,driving,0.0413,0.2947,1.1301,6.2027,7.7438,3.3188
1,driving,0.0464,0.2944,1.1370,6.1264,7.8125,3.0899
1,driving,0.0420,0.2896,1.1360,5.9814,7.9498,3.1357
1,driving,0.0398,0.2866,1.1353,5.9509,7.9651,3.3188
1,driving,0.0420,0.2898,1.1394,5.7755,7.9422,3.5019
1,driving,0.0442,0.2834,1.1433,5.8899,7.7286,3.5706
1,driving,0.0442,0.2893,1.1436,5.7831,7.7286,3.3722
1,driving,0.0403,0.2856,1.1360,5.5771,7.7972,3.4180
1,driving,0.0391,0.2849,1.1494,5.3253,7.7133,3.4180
1,driving,0.0376,0.2856,1.1445,5.2795,7.8125,3.1586
1,driving,0.0388,0.2910,1.1375,5.3635,7.7820,3.3035
1,driving,0.0427,0.2903,1.1375,5.1880,7.5455,3.4943
1,driving,0.0479,0.2847,1.1411,4.9820,7.3547,3.4180
1,driving,0.0437,0.2832,1.1438,4.8904,7.2021,3.2120
1,driving,0.0444,0.2844,1.1550,4.8294,7.2556,3.2349
1,driving,0.0386,0.2820,1.1501,4.8141,7.3853,3.3951
1,driving,0.0454,0.2844,1.1482,4.6310,7.2479,3.3417
1,driving,0.0444,0.2815,1.1536,4.6997,6.9809,3.2501
1,driving,0.0469,0.2852,1.1548,4.6310,6.8970,3.1891
1,driving,0.0444,0.2881,1.1509,4.4022,6.7062,3.0365
1,driving,0.0486,0.2827,1.1506,4.3793,6.6452,2.8915
1,driving,0.0464,0.2739,1.1548,4.2725,6.4850,2.9602
1,driving,0.0479,0.2749,1.1575,4.2343,6.3095,2.9144
1,driving,0.0510,0.2761,1.1567,4.0359,6.2790,2.7466
1,driving,0.0452,0.2800,1.1592,3.8757,6.3477,2.6550
1,driving,0.0486,0.2825,1.1531,3.7384,6.1951,2.5787
1,driving,0.0420,0.2773,1.1521,3.7155,6.2790,2.4490
1,driving,0.0493,0.2773,1.1475,3.7003,6.1340,2.4338
1,driving,0.0535,0.2715,1.1482,3.5400,6.0272,2.3575
1,driving,0.0532,0.2771,1.1538,3.3722,5.9738,2.2583
1,driving,0.0466,0.2798,1.1526,3.3722,6.0959,2.0905
1,driving,0.0439,0.2795,1.1514,3.3493,6.1264,1.8692
1,driving,0.0554,0.2725,1.1550,3.4180,5.9280,1.7090
1,driving,0.0574,0.2705,1.1555,3.4943,5.7373,1.7776
1,driving,0.0488,0.2686,1.1611,3.4561,5.6000,1.7242
1,driving,0.0522,0.2649,1.1558,3.4943,5.4398,1.5717
1,driving,0.0574,0.2671,1.1526,3.4637,5.4474,1.4877
1,driving,0.0579,0.2607,1.1499,3.4561,5.3177,1.3962
1,driving,0.0588,0.2637,1.1484,3.5629,5.1880,1.2436
1,driving,0.0500,0.2678,1.1360,3.7842,5.1346,1.0681
1,driving,0.0496,0.2698,1.1357,3.7766,5.3177,1.0147
1,driving,0.0569,0.2668,1.1372,3.8834,5.2414,0.8469
1,driving,0.0522,0.2598,1.1436,4.0665,5.1346,0.8850
1,driving,0.0466,0.2627,1.1470,4.2114,5.3558,0.8011
1,driving,0.0513,0.2698,1.1489,4.3640,5.3940,0.4883
1,driving,0.0569,0.2720,1.1426,4.5547,5.1804,0.3738
1,driving,0.0583,0.2664,1.1401,4.8752,5.2872,0.4196
1,driving,0.0508,0.2747,1.1323,4.9591,5.4703,0.4196
1,driving,0.0583,0.2756,1.1411,5.1422,5.6992,0.4578
1,driving,0.0615,0.2737,1.1355,5.3177,5.7907,0.3815
1,driving,0.0625,0.2693,1.1323,5.5466,5.7449,0.3586
1,driving,0.0471,0.2715,1.1401,5.9357,5.9814,0.3891
1,driving,0.0520,0.2725,1.1431,6.2866,5.9738,0.2289
1,driving,0.0574,0.2715,1.1379,6.5079,5.9204,0.0534
1,driving,0.0503,0.2742,1.1384,6.6757,5.8212,0.0687
1,driving,0.0486,0.2737,1.1428,6.9275,5.8746,0.0381
1,driving,0.0562,0.2761,1.1467,7.3090,5.8746,-0.0305
1,driving,0.0559,0.2798,1.1360,7.5912,5.8670,-0.2670
1,driving,0.0598,0.2822,1.1333,7.6447,5.9891,-0.4349
1,driving,0.0552,0.2761,1.1340,7.8888,5.9128,-0.3433
1,driving,0.0535,0.2795,1.1335,8.1406,5.9814,-0.2060
1,driving,0.0540,0.2827,1.1313,8.4305,6.2180,-0.1755
1,driving,0.0544,0.2781,1.1335,8.6823,6.4850,-0.2899
1,driving,0.0522,0.2815,1.1245,9.0408,6.7596,-0.2975
1,driving,0.0610,0.2837,1.1169,9.3842,6.8817,-0.2594
1,driving,0.0613,0.2786,1.1294,9.6054,6.9199,-0.0839
1,driving,0.0564,0.2798,1.1265,10.0479,7.1259,-0.1297
1,driving,0.0557,0.2832,1.1255,10.4446,7.5073,-0.0763
1,driving,0.0554,0.2827,1.1213,10.7117,7.7972,0.1526
1,driving,0.0583,0.2837,1.1216,11.0168,8.1635,0.2136
1,driving,0.0598,0.2817,1.1152,11.3754,8.5297,0.3052
1,driving,0.0637,0.2832,1.1121,11.8713,8.8654,0.3357
1,driving,0.0566,0.2849,1.1057,12.3367,9.3079,0.1831
1,driving,0.0605,0.2856,1.1069,12.7182,9.5596,0.3204
1,driving,0.0640,0.2883,1.1150,13.0768,9.8572,0.3662
1,driving,0.0620,0.2878,1.1228,13.5727,10.2386,0.4578
1,driving,0.0593,0.2878,1.1155,14.0305,10.5591,0.5875
1,driving,0.0564,0.2896,1.1157,14.5340,10.8261,0.8240
1,driving,0.0527,0.2917,1.1108,15.0909,11.1694,0.8698
1,driving,0.0540,0.2903,1.1165,15.5411,11.3068,1.0910
1,driving,0.0559,0.2878,1.1140,15.8920,11.5204,1.1292
1,driving,0.0571,0.2954,1.1121,16.2201,11.8484,1.1292
1,driving,0.0508,0.2998,1.1111,16.6245,12.2299,1.1597
1,driving,0.0483,0.2969,1.1118,17.1738,12.4054,1.2360
1,driving,0.0527,0.3015,1.1169,17.7078,12.5427,1.3123
1,driving,0.0496,0.3010,1.1174,18.2190,12.8403,1.4877
1,driving,0.0481,0.3003,1.1221,18.4708,13.2370,1.5640
1,driving,0.0530,0.3025,1.1201,18.7531,13.5651,1.7700
1,driving,0.0447,0.3040,1.1238,18.9896,13.7863,1.8539
1,driving,0.0479,0.3064,1.1233,19.4626,14.0152,1.9531
1,driving,0.0469,0.3093,1.1262,19.8288,14.2517,2.1362
1,driving,0.0488,0.3079,1.1267,20.0119,14.6713,2.3499
1,driving,0.0510,0.3057,1.1301,20.3247,15.0528,2.4948
1,driving,0.0442,0.3027,1.1279,20.6833,15.1672,2.5101
1,driving,0.0435,0.3013,1.1292,20.9274,15.3732,2.6321
1,driving,0.0488,0.3027,1.1250,21.1182,15.5106,2.7618
1,driving,0.0510,0.3066,1.1304,21.4157,15.8463,2.8229
1,driving,0.0398,0.3069,1.1321,21.5988,16.0446,3.0289
1,driving,0.0388,0.3110,1.1382,21.7133,15.9531,3.0365
1,driving,0.0347,0.3096,1.1318,21.7209,16.3574,2.5482
1,driving,0.0520,0.2896,1.1152,22.0871,16.5482,2.6627
1,driving,0.0232,0.3145,1.1487,22.7509,16.7007,3.3798
1,driving,0.0325,0.3167,1.1301,23.1400,16.6016,3.9520
1,driving,0.0229,0.3022,1.1318,23.1934,16.2125,4.0894
1,driving,0.0234,0.2920,1.1372,23.1323,15.9378,3.6316
1,driving,0.0271,0.2783,1.1399,23.0103,15.6326,3.0746
1,driving,0.0330,0.2734,1.1436,22.7814,15.4648,2.4109
1,driving,0.0376,0.2832,1.1448,22.6288,15.3656,1.9226
1,driving,0.0427,0.2844,1.1328,22.4991,15.4037,1.7166
1,driving,0.0464,0.2905,1.1294,22.4304,15.5640,1.5488
1,driving,0.0493,0.2966,1.1294,22.5601,15.9073,1.3580
1,driving,0.0513,0.3059,1.1306,22.5220,16.2735,1.4725
1,driving,0.0530,0.3020,1.1345,22.3007,16.5787,1.7242
1,driving,0.0530,0.3062,1.1333,22.1252,16.8381,1.7853
1,driving,0.0535,0.3081,1.1252,21.8124,16.8610,1.7776
1,driving,0.0483,0.3091,1.1277,21.4844,16.8076,1.6022
1,driving,0.0466,0.3018,1.1350,21.0419,16.9678,1.4191
1,driving,0.0520,0.2952,1.1362,20.6680,17.0517,1.3809
1,driving,0.0454,0.2971,1.1292,20.2026,17.1204,1.1826
1,driving,0.0410,0.2954,1.1323,19.6152,17.3264,0.9384
1,driving,0.0388,0.3022,1.1411,19.1345,17.5552,0.6790
1,driving,0.0398,0.3049,1.1387,18.6920,17.8070,0.6409
1,driving,0.0325,0.2991,1.1274,18.4326,17.9443,0.4501
1,driving,0.0283,0.2954,1.1221,18.3868,17.8452,0.1602
1,driving,0.0217,0.2922,1.1301,18.4174,17.7460,-0.2365
1,driving,0.0125,0.2886,1.1313,17.9825,17.7460,-0.5569
1,driving,0.0264,0.2930,1.1272,17.6163,17.8757,-0.8087
1,driving,0.0288,0.2979,1.1218,17.4179,17.9367,-0.9232
1,driving,0.0330,0.3013,1.1091,17.2577,17.9138,-0.9842
1,driving,0.0393,0.2979,1.1082,17.3721,18.0283,-1.0834
1,driving,0.0396,0.3044,1.1099,17.5400,18.1274,-1.0376
1,driving,0.0415,0.3054,1.1079,17.6849,18.0588,-1.0681
1,driving,0.0447,0.3081,1.1116,17.9825,18.0740,-0.9460
1,driving,0.0447,0.3027,1.1079,18.1580,17.7612,-0.7248
1,driving,0.0383,0.3032,1.1069,18.1656,17.4789,-0.7248
1,driving,0.0403,0.3066,1.1179,17.9749,17.4789,-1.0376
1,driving,0.0557,0.3049,1.1077,18.3487,17.3569,-0.7248
1,driving,0.0293,0.3208,1.1458,18.8675,17.1661,-0.2365
1,driving,0.0383,0.3081,1.1372,19.0125,16.8533,-0.1526
1,driving,0.0364,0.3108,1.1506,18.9056,16.3574,-0.3433
1,driving,0.0427,0.3015,1.1526,18.8675,15.8234,-0.7324
1,driving,0.0508,0.2952,1.1445,19.0506,15.2664,-1.1139
1,driving,0.0496,0.2964,1.1360,19.3405,15.0757,-1.3199
1,driving,0.0461,0.2979,1.1450,19.8669,14.9231,-1.3885
1,driving,0.0405,0.2991,1.1453,20.2026,14.7781,-1.4114
1,driving,0.0359,0.2986,1.1389,20.3018,14.5111,-1.1902
1,driving,0.0400,0.2966,1.1326,20.5078,14.2670,-1.2589
1,driving,0.0354,0.3030,1.1255,20.6833,13.9999,-1.1978
1,driving,0.0288,0.2961,1.1411,20.8359,13.8397,-1.0834
1,driving,0.0388,0.2957,1.1401,20.9885,13.7405,-1.3885
1,driving,0.0400,0.2969,1.1409,20.9503,13.4735,-1.3809
1,driving,0.0369,0.2966,1.1348,20.7901,13.2217,-1.2207
1,driving,0.0432,0.3018,1.1257,20.7443,13.0005,-1.3275
1,driving,0.0432,0.3037,1.1262,20.8359,12.9929,-1.3657
1,driving,0.0425,0.2998,1.1257,20.9961,13.0310,-1.5488
1,driving,0.0447,0.2976,1.1257,21.1716,13.0463,-1.7090
1,driving,0.0483,0.3013,1.1338,21.3089,12.8403,-1.8311
1,driving,0.0449,0.2922,1.1206,21.6751,12.4359,-2.0676
1,driving,0.0386,0.2864,1.1152,22.0108,12.2681,-2.3880
1,driving,0.0444,0.2869,1.1230,22.0947,12.3367,-2.6245
1,driving,0.0430,0.2871,1.1218,22.0566,12.2528,-2.9068
1,driving,0.0391,0.2917,1.1230,22.0947,12.2299,-2.8534
1,driving,0.0415,0.2991,1.1143,22.0261,12.3825,-2.8381
1,driving,0.0498,0.3062,1.1091,21.9955,12.5656,-3.0212
1,driving,0.0583,0.3059,1.1079,21.9040,12.4588,-3.1662
1,driving,0.0662,0.3057,1.1086,21.7209,12.6343,-3.4409
1,driving,0.0645,0.3042,1.1052,21.5378,12.9547,-3.7842
1,driving,0.0667,0.3052,1.0994,21.6446,13.2370,-4.0131
1,driving,0.0640,0.3057,1.0994,21.7896,13.4583,-4.1351
1,driving,0.0706,0.3037,1.0916,22.0337,13.8168,-4.2877
1,driving,0.0720,0.3076,1.0825,22.2473,14.1525,-4.4022
1,driving,0.0667,0.3071,1.0835,22.1710,14.5798,-4.3106
1,driving,0.0652,0.3123,1.0928,22.1405,14.9002,-4.4098
1,driving,0.0625,0.3108,1.0859,22.3694,15.2588,-4.4556
1,driving,0.0593,0.3091,1.0894,22.5220,15.4419,-4.5547
1,driving,0.0637,0.3110,1.0942,22.2549,15.6708,-4.5319
1,driving,0.0645,0.3088,1.0876,22.1252,15.7242,-4.5395
1,driving,0.0635,0.3071,1.0959,22.0642,15.9683,-4.6539
1,driving,0.0623,0.3110,1.0996,22.1405,16.1362,-4.8447
1,driving,0.0591,0.3098,1.0933,22.0261,16.2277,-4.8828
1,driving,0.0623,0.3066,1.0854,22.2015,16.1972,-4.9667
1,driving,0.0530,0.3083,1.0957,22.3007,16.3193,-5.3787
1,driving,0.0513,0.3154,1.0938,22.2092,16.6092,-5.5923
1,driving,0.0586,0.3137,1.0923,22.2397,16.6092,-5.8517
1,driving,0.0635,0.3130,1.0947,22.1710,16.6550,-5.8975
1,driving,0.0574,0.3130,1.0911,22.1481,16.7542,-5.8136
1,driving,0.0674,0.3125,1.0920,22.1176,17.0441,-5.9052
1,driving,0.0686,0.3083,1.0750,22.3083,17.4026,-5.9509
1,driving,0.0686,0.3137,1.0835,22.4915,17.8680,-5.8365
1,driving,0.0686,0.3118,1.0820,22.4838,18.0359,-5.7755
1,driving,0.0691,0.3157,1.0740,22.4457,18.2419,-5.9738
1,driving,0.0576,0.3135,1.0762,22.3846,18.3716,-6.1722
1,driving,0.0640,0.3069,1.0845,22.4380,18.6996,-6.3553
1,driving,0.0693,0.3096,1.0735,22.5754,19.0048,-6.6757
1,driving,0.0723,0.3064,1.0801,22.9797,19.3405,-6.9275
1,driving,0.0605,0.3074,1.0798,23.4146,19.7754,-7.0648
1,driving,0.0647,0.3105,1.0774,23.7122,20.1950,-7.1030
1,driving,0.0586,0.3149,1.0757,23.8113,20.6757,-7.1259
1,driving,0.0549,0.3154,1.0718,23.9944,21.0495,-7.2327
1,driving,0.0557,0.3171,1.0701,24.1547,21.5378,-7.1869
1,driving,0.0537,0.3198,1.0703,24.2691,22.0337,-7.0953
1,driving,0.0571,0.3240,1.0740,24.2691,22.4762,-6.9962
1,driving,0.0581,0.3274,1.0798,24.3530,22.6517,-7.0114
1,driving,0.0579,0.3289,1.0801,24.3759,22.8500,-7.0267
1,driving,0.0635,0.3291,1.0854,24.5132,22.9111,-6.9275
1,driving,0.0623,0.3303,1.0869,24.6964,23.0484,-6.7139
1,driving,0.0662,0.3335,1.0901,24.9557,23.1476,-6.5842
1,driving,0.0649,0.3291,1.0942,25.3525,23.1476,-6.5308
1,driving,0.0676,0.3320,1.0923,25.7111,23.2086,-6.3705
1,driving,0.0642,0.3286,1.0950,25.7339,23.2544,-6.2180
1,driving,0.0554,0.3274,1.0928,25.7568,23.3994,-6.3553
1,driving,0.0527,0.3359,1.0930,25.7492,23.4756,-6.6071
1,driving,0.0583,0.3350,1.0840,25.7034,23.8419,-6.5994
1,driving,0.0579,0.3369,1.0854,26.0010,24.1699,-6.4850
1,driving,0.0627,0.3384,1.0779,26.4053,24.3073,-6.4163
1,driving,0.0625,0.3401,1.0767,26.8097,24.3683,-6.4163
1,driving,0.0586,0.3391,1.0767,27.3819,24.2920,-6.1951
1,driving,0.0657,0.3357,1.0759,27.9160,24.2462,-6.0043
1,driving,0.0664,0.3328,1.0752,28.5568,24.4522,-5.9128
1,driving,0.0581,0.3274,1.0784,28.9688,24.4598,-5.8975
1,driving,0.0566,0.3215,1.0837,29.2282,24.5667,-5.8365
1,driving,0.0535,0.3210,1.0789,29.5792,24.7345,-5.9509
1,driving,0.0532,0.3264,1.0757,29.8309,24.8795,-6.0043
1,driving,0.0579,0.3235,1.0867,30.0217,24.8795,-6.0883
1,driving,0.0627,0.3303,1.0874,30.3574,24.8260,-6.1569
1,driving,0.0566,0.3311,1.0908,30.5862,24.9939,-6.3400
1,driving,0.0520,0.3335,1.0977,30.6091,24.7726,-6.2027
1,driving,0.0625,0.3345,1.0952,30.6396,24.7421,-6.0959
1,driving,0.0603,0.3335,1.0901,30.9296,24.8413,-6.2790
1,driving,0.0569,0.3298,1.0903,31.2271,24.8260,-6.3782
1,driving,0.0576,0.3276,1.1021,31.2195,24.8871,-6.4316
1,driving,0.0569,0.3318,1.1011,31.1661,24.9481,-6.5460
1,driving,0.0571,0.3311,1.1001,31.5552,24.9481,-6.8207
1,driving,0.0588,0.3311,1.0979,31.8375,24.8108,-6.9656
1,driving,0.0552,0.3306,1.0869,31.8298,24.7498,-7.1945
1,driving,0.0525,0.3315,1.0872,31.8375,24.7269,-7.3318
1,driving,0.0508,0.3369,1.0930,31.8222,24.6887,-7.5226
1,driving,0.0461,0.3357,1.0911,32.0129,24.8108,-7.5378
1,driving,0.0496,0.3359,1.0916,32.1960,24.8108,-7.5684
1,driving,0.0479,0.3398,1.0884,32.3486,24.8184,-7.9193
1,driving,0.0474,0.3391,1.0801,32.5165,24.7879,-8.0948
1,driving,0.0500,0.3428,1.0845,32.5317,24.6964,-8.2321
1,driving,0.0469,0.3457,1.0974,32.2723,24.6429,-8.3694
1,driving,0.0437,0.3445,1.1016,32.1808,24.5667,-8.4000
1,driving,0.0442,0.3447,1.0940,32.2037,24.6506,-8.6365
1,driving,0.0376,0.3508,1.0862,32.1198,24.5819,-8.7814
1,driving,0.0312,0.3491,1.0874,31.9977,24.4675,-8.9340
1,driving,0.0330,0.3452,1.0894,31.8222,24.3301,-9.2392
1,driving,0.0322,0.3484,1.0884,31.6315,24.3301,-9.3002
1,driving,0.0295,0.3513,1.0793,31.6467,24.3607,-9.5825
1,driving,0.0337,0.3513,1.0842,31.5628,24.1547,-9.7961
1,driving,0.0320,0.3508,1.0894,31.4407,24.0707,-10.1089
1,driving,0.0293,0.3521,1.0891,31.2347,24.3454,-10.2386
1,driving,0.0293,0.3499,1.0847,31.0364,24.5819,-10.4141
1,driving,0.0371,0.3503,1.0857,30.9067,24.7345,-10.5972
1,driving,0.0332,0.3528,1.0854,30.5786,24.6506,-10.8643
1,driving,0.0337,0.3523,1.0847,30.3574,24.6582,-11.1618
1,driving,0.0352,0.3494,1.0820,30.1208,24.7650,-11.2381
1,driving,0.0317,0.3511,1.0864,29.7394,24.9557,-11.3220
1,driving,0.0322,0.3584,1.0894,29.5410,25.0854,-11.5280
1,driving,0.0288,0.3650,1.0916,29.2435,25.2151,-12.0163
1,driving,0.0229,0.3582,1.0945,29.0756,25.1541,-12.3367
1,driving,0.0254,0.3589,1.0854,28.8162,25.1312,-12.5656
1,driving,0.0222,0.3643,1.0872,28.7094,25.1846,-12.6419
1,driving,0.0166,0.3552,1.0952,28.3585,25.5814,-12.8937
1,driving,0.0269,0.3599,1.0962,28.0914,25.7797,-13.3667
1,driving,0.0237,0.3633,1.0933,28.1906,25.7263,-13.6795
1,driving,0.0251,0.3647,1.0950,28.0380,25.8942,-13.7558
1,driving,0.0151,0.3579,1.0928,27.6337,26.1612,-14.0152
1,driving,0.0085,0.3589,1.0972,26.9547,26.2680,-14.3204
1,driving,0.0061,0.3674,1.1038,26.2833,26.4816,-14.5340
1,driving,0.0122,0.3662,1.1138,25.4364,26.9241,-14.7476
1,driving,0.0117,0.3726,1.1025,24.7650,27.3285,-15.1825
1,driving,0.0156,0.3840,1.1074,24.3988,27.6489,-15.2206
1,driving,0.0173,0.3850,1.1038,24.1394,27.9465,-15.3046
1,driving,0.0232,0.3899,1.1011,24.1623,28.3661,-15.4343
1,driving,0.0200,0.3870,1.1033,24.1928,28.4805,-15.4343
1,driving,0.0220,0.3872,1.1023,24.3530,28.4653,-15.5182
1,driving,0.0237,0.3884,1.0928,24.3149,28.4729,-15.5563
1,driving,0.0168,0.3865,1.1013,24.3912,28.5645,-15.5182
1,driving,0.0093,0.3857,1.0994,24.6124,28.2822,-15.4800
1,driving,0.0146,0.3862,1.1035,24.8718,28.0075,-15.4572
1,driving,0.0093,0.3879,1.1050,24.8871,27.6566,-15.5106
1,driving,0.0085,0.3914,1.1047,25.1617,27.5192,-15.4800
1,driving,0.0029,0.3926,1.1111,25.4211,27.3209,-15.4114
1,driving,0.0056,0.3899,1.1201,25.4440,26.9165,-15.3427
1,driving,0.0081,0.3921,1.1265,25.4059,26.3519,-15.2054
1,driving,0.0156,0.3943,1.1265,25.4364,25.8102,-15.2054
1,driving,0.0117,0.3921,1.1270,25.6271,25.2838,-15.0909
1,driving,0.0012,0.3921,1.1333,25.9323,24.9557,-15.2588
1,driving,0.0007,0.3943,1.1284,26.0696,24.6353,-15.3122
1,driving,0.0059,0.3906,1.1360,26.0315,24.1318,-15.1215
1,driving,0.0000,0.3940,1.1306,26.0010,23.7274,-15.2206
1,driving,-0.0002,0.3923,1.1248,26.0620,23.2620,-15.3122
1,driving,0.0024,0.3923,1.1311,26.1078,22.9034,-15.4877
1,driving,0.0051,0.3921,1.1294,26.3062,22.4533,-15.6021
1,driving,0.0078,0.3914,1.1238,26.5808,22.2015,-15.8844
1,driving,0.0022,0.3945,1.1211,26.6495,22.1634,-15.8997
1,driving,0.0083,0.3987,1.1187,26.5427,22.1100,-15.9988
1,driving,0.0098,0.4023,1.1165,26.4435,22.1176,-16.0522
1,driving,0.0073,0.4033,1.1135,26.3290,22.1634,-16.0980
1,driving,0.0059,0.4084,1.1104,26.3138,22.1710,-16.1591
1,driving,0.0051,0.4104,1.0984,26.2756,22.2244,-16.2201
1,driving,0.0059,0.4099,1.0984,26.4969,22.2321,-16.2506
1,driving,0.0051,0.4111,1.0869,26.8097,22.2931,-16.2125
1,driving,0.0037,0.4058,1.0916,27.2827,22.1176,-16.3193
1,driving,0.0059,0.4023,1.0977,27.7557,21.9955,-16.2964
1,driving,-0.0022,0.4031,1.1033,27.9312,21.9116,-16.4032
1,driving,-0.0103,0.4023,1.0959,27.7405,21.8430,-16.5710
1,driving,-0.0076,0.4092,1.0964,27.7252,21.8658,-16.7542
1,driving,-0.0078,0.4187,1.1013,27.6794,22.0108,-16.8915
1,driving,-0.0103,0.4165,1.0901,27.6718,22.1863,-17.0746
1,driving,-0.0059,0.4243,1.0872,27.6947,22.1710,-16.9525
1,driving,-0.0015,0.4243,1.0940,27.8931,22.1558,-16.6397
1,driving,-0.0046,0.4255,1.0884,28.3508,22.3541,-16.5024
1,driving,-0.0071,0.4329,1.0757,28.6942,22.3389,-16.1285
1,driving,-0.0066,0.4253,1.0723,29.0985,22.2473,-16.1667
1,driving,-0.0100,0.4246,1.0754,29.4724,22.1710,-16.1133
1,driving,-0.0046,0.4216,1.0837,29.9606,22.1710,-15.9607
1,driving,-0.0024,0.4182,1.0730,30.3116,22.2321,-15.9149
1,driving,-0.0088,0.4199,1.0664,30.7236,22.3770,-16.0751
1,driving,-0.0093,0.4236,1.0696,30.9143,22.6364,-15.9531
1,driving,-0.0122,0.4270,1.0757,31.1127,22.7737,-15.8615
1,driving,-0.0120,0.4260,1.0830,31.2653,22.9111,-16.0141
1,driving,-0.0103,0.4253,1.0757,31.4407,23.2239,-16.1209
1,driving,-0.0127,0.4297,1.0847,31.6391,23.4222,-16.1285
1,driving,-0.0083,0.4346,1.0874,31.7459,23.5443,-16.0522
1,driving,-0.0146,0.4353,1.0828,31.6467,23.6664,-15.8997
1,driving,-0.0151,0.4297,1.0813,31.6162,23.9563,-15.7089
1,driving,-0.0134,0.4236,1.0835,31.6696,24.1776,-15.6784
1,driving,-0.0237,0.4241,1.0874,31.6544,24.3530,-15.5029
1,driving,-0.0249,0.4265,1.0850,31.6925,24.5743,-15.3046
1,driving,-0.0281,0.4260,1.0872,31.9061,24.7498,-15.0681
1,driving,-0.0291,0.4209,1.0842,32.0282,25.1923,-15.0070
1,driving,-0.0305,0.4221,1.0786,32.1732,25.5814,-14.9384
1,driving,-0.0320,0.4172,1.0759,32.2571,25.8255,-14.8087
1,driving,-0.0366,0.4155,1.0798,32.2418,25.9933,-14.7781
1,driving,-0.0391,0.4170,1.0857,32.2189,26.2833,-14.5493
1,driving,-0.0312,0.4204,1.0950,32.3334,26.4206,-14.5187
1,driving,-0.0374,0.4209,1.0989,32.6385,26.4740,-14.5569
1,driving,-0.0376,0.4202,1.0884,32.8293,26.7715,-14.4272
1,driving,-0.0369,0.4141,1.0964,33.0276,27.0081,-14.3509
1,driving,-0.0342,0.4114,1.1008,33.1268,27.0844,-14.3051
1,driving,-0.0327,0.4058,1.1047,33.1345,27.0844,-14.1373
1,driving,-0.0430,0.4009,1.1140,33.0276,27.1225,-14.2517
1,driving,-0.0425,0.4031,1.1135,32.8064,27.2827,-14.5111
1,driving,-0.0496,0.4092,1.1230,32.6309,27.3972,-14.6866
1,driving,-0.0476,0.4180,1.1191,32.3792,27.5955,-14.8392
1,driving,-0.0400,0.4172,1.1240,32.2876,27.7557,-14.7705
1,driving,-0.0356,0.4219,1.1262,32.4936,28.0228,-14.7400
1,driving,-0.0356,0.4204,1.1099,32.7301,28.0533,-14.7400
1,driving,-0.0330,0.4211,1.0945,33.0353,28.0609,-14.6027
1,driving,-0.0366,0.4165,1.0940,33.3633,27.7786,-14.4196
1,driving,-0.0393,0.4155,1.1025,33.6914,27.6642,-14.1525
1,driving,-0.0359,0.4165,1.1047,33.9661,27.7100,-14.1144
1,driving,-0.0359,0.4148,1.1111,34.4391,27.8397,-14.2822
1,driving,-0.0398,0.4133,1.1206,34.5840,27.6260,-14.3738
1,driving,-0.0400,0.4138,1.1206,34.6756,27.5040,-14.2670
1,driving,-0.0449,0.4163,1.1274,34.8511,27.4887,-14.0762
1,driving,-0.0469,0.4146,1.1360,34.9884,27.3819,-14.0457
1,driving,-0.0415,0.4175,1.1326,35.0800,27.0004,-14.0152
1,driving,-0.0439,0.4180,1.1289,35.3088,26.6724,-13.9694
1,driving,-0.0510,0.4187,1.1279,35.4385,26.4130,-13.7482
1,driving,-0.0557,0.4211,1.1394,35.6064,26.2527,-13.8245
1,driving,-0.0562,0.4192,1.1426,35.7361,25.9552,-13.8092
1,driving,-0.0566,0.4189,1.1375,35.7742,25.5966,-13.7558
1,driving,-0.0515,0.4165,1.1394,36.0565,25.3906,-13.8092
1,driving,-0.0530,0.4175,1.1370,36.2854,25.0854,-13.8397
1,driving,-0.0564,0.4216,1.1292,36.4151,25.0168,-13.9084
1,driving,-0.0554,0.4160,1.1296,36.6287,24.7421,-13.9236
1,driving,-0.0518,0.4158,1.1313,36.7813,24.5209,-13.9694
1,driving,-0.0491,0.4180,1.1296,37.0560,24.3301,-13.9465
1,driving,-0.0510,0.4153,1.1326,37.1399,24.0250,-13.9618
1,driving,-0.0515,0.4204,1.1272,37.2696,23.6816,-14.1525
1,driving,-0.0569,0.4163,1.1311,37.4985,23.3383,-14.2746
1,driving,-0.0574,0.4143,1.1294,37.6129,23.0789,-14.2899
1,driving,-0.0544,0.4236,1.1294,37.8952,22.7737,-14.4272
1,driving,-0.0576,0.4167,1.1321,38.1165,22.2855,-14.4119
1,driving,-0.0613,0.4155,1.1287,38.1851,21.9803,-14.6866
1,driving,-0.0581,0.4158,1.1274,38.2385,21.8048,-14.8010
1,driving,-0.0608,0.4153,1.1233,38.4140,21.5530,-14.7705
1,driving,-0.0618,0.4194,1.1240,38.4750,21.0953,-14.8087
1,driving,-0.0605,0.4185,1.1165,38.6429,20.8359,-14.9155
1,driving,-0.0637,0.4204,1.1172,38.9709,20.6146,-14.9460
1,driving,-0.0588,0.4177,1.1165,38.8794,20.2637,-15.1749
1,driving,-0.0559,0.4226,1.1121,39.0472,19.8669,-15.0528
1,driving,-0.0588,0.4185,1.1150,39.1998,19.5084,-14.9994
1,driving,-0.0591,0.4160,1.1147,39.2151,19.1345,-15.2359
1,driving,-0.0557,0.4229,1.1147,39.1769,18.8751,-15.3580
1,driving,-0.0623,0.4250,1.1147,39.2990,18.4555,-15.3427
1,driving,-0.0630,0.4214,1.1118,39.4745,18.1198,-15.1520
1,driving,-0.0610,0.4282,1.1096,39.4669,17.7155,-15.2054
1,driving,-0.0640,0.4319,1.1133,39.4592,17.6849,-15.4800
1,driving,-0.0613,0.4241,1.1150,39.4211,17.5552,-15.6326
1,driving,-0.0574,0.4226,1.1184,39.3524,17.1890,-15.5869
1,driving,-0.0554,0.4260,1.1152,39.3524,16.8915,-15.5182
1,driving,-0.0598,0.4270,1.1084,39.2227,16.6855,-15.5411
1,driving,-0.0618,0.4302,1.1033,39.1998,16.5253,-15.7089
1,driving,-0.0601,0.4309,1.0977,39.0625,16.4871,-15.8691
1,driving,-0.0598,0.4248,1.1006,38.9709,16.4566,-15.9149
1,driving,-0.0586,0.4209,1.1008,38.9404,16.1514,-15.8005
1,driving,-0.0613,0.4268,1.0981,38.9633,15.8920,-15.7623
1,driving,-0.0674,0.4204,1.0891,38.9328,15.6174,-15.8157
1,driving,-0.0620,0.4248,1.0920,38.8565,15.5487,-15.9760
1,driving,-0.0583,0.4175,1.0896,38.8260,15.6250,-16.0217
1,driving,-0.0601,0.4182,1.0830,38.7955,15.7394,-15.9988
1,driving,-0.0671,0.4187,1.0854,38.9099,15.6097,-16.0294
1,driving,-0.0579,0.4207,1.0945,38.8412,15.6326,-15.9988
1,driving,-0.0491,0.4209,1.0898,38.8565,15.5792,-16.1057
1,driving,-0.0547,0.4238,1.0854,38.9862,15.4724,-16.1896
1,driving,-0.0627,0.4268,1.0842,39.0091,15.4724,-16.2735
1,driving,-0.0637,0.4287,1.0842,39.2151,15.4572,-16.2125
1,driving,-0.0583,0.4236,1.0830,39.1922,15.6250,-16.3193
1,driving,-0.0627,0.4202,1.0891,39.3448,15.5869,-16.2888
1,driving,-0.0652,0.4221,1.0901,39.3906,15.5792,-16.3574
1,driving,-0.0654,0.4236,1.0835,39.3982,15.5792,-16.2582
1,driving,-0.0620,0.4241,1.0850,39.5966,15.5640,-16.2201
1,driving,-0.0610,0.4270,1.0830,39.6194,15.7013,-16.4032
1,driving,-0.0630,0.4229,1.0811,39.7949,15.6326,-16.6397
1,driving,-0.0674,0.4246,1.0718,39.9551,15.4495,-16.6702
1,driving,-0.0681,0.4221,1.0696,40.0696,15.2588,-16.6168
1,driving,-0.0752,0.4211,1.0784,40.1154,15.2740,-16.7160
1,driving,-0.0725,0.4294,1.0674,39.9399,15.2588,-16.8610
1,driving,-0.0701,0.4397,1.0684,39.8254,15.3351,-16.7618
1,driving,-0.0671,0.4458,1.0669,39.8407,15.4572,-16.7313
1,driving,-0.0696,0.4429,1.0662,39.9475,15.5640,-16.7236
1,driving,-0.0659,0.4417,1.0596,39.9857,15.5029,-16.7007
1,driving,-0.0540,0.4404,1.0557,40.1230,15.4648,-16.6473
1,driving,-0.0544,0.4434,1.0608,40.3442,15.4648,-16.4261
1,driving,-0.0596,0.4434,1.0603,40.7639,15.2969,-16.2659
1,driving,-0.0554,0.4495,1.0500,41.1530,15.0604,-16.2354
1,driving,-0.0591,0.4465,1.0503,41.5344,14.9002,-16.2277
1,driving,-0.0618,0.4436,1.0552,41.7786,14.7934,-16.1819
1,driving,-0.0652,0.4509,1.0591,41.7175,14.6332,-16.0522
1,driving,-0.0669,0.4502,1.0664,41.7786,14.2975,-15.9683
1,driving,-0.0649,0.4446,1.0618,42.0609,13.8702,-15.8463
1,driving,-0.0710,0.4526,1.0569,42.2516,13.6261,-15.6021
1,driving,-0.0715,0.4570,1.0593,42.3050,13.3667,-15.5487
1,driving,-0.0652,0.4575,1.0725,42.3889,13.0157,-15.3732
1,driving,-0.0669,0.4622,1.0691,42.5797,12.6266,-15.3275
1,driving,-0.0701,0.4634,1.0620,42.7017,12.2910,-15.1672
1,driving,-0.0659,0.4639,1.0515,42.5873,12.0926,-14.9918
1,driving,-0.0679,0.4663,1.0649,42.5720,11.7722,-14.9002
1,driving,-0.0732,0.4648,1.0618,42.6712,11.4670,-14.8697
1,driving,-0.0706,0.4661,1.0618,42.6788,11.0931,-14.8010
1,driving,-0.0757,0.4678,1.0552,42.7780,10.8185,-14.5950
1,driving,-0.0728,0.4656,1.0559,43.0374,10.7803,-14.5035
1,driving,-0.0706,0.4656,1.0576,43.0679,10.5972,-14.3814
1,driving,-0.0715,0.4658,1.0596,42.7246,10.4752,-14.2670
1,driving,-0.0688,0.4685,1.0527,42.7933,10.2997,-14.2288
1,driving,-0.0667,0.4644,1.0491,42.8848,10.1089,-14.3356
1,driving,-0.0645,0.4604,1.0474,42.9993,10.2386,-14.3051
1,driving,-0.0647,0.4634,1.0459,42.9688,9.9487,-14.2288
1,driving,-0.0645,0.4644,1.0381,42.9230,9.7961,-14.0915
1,driving,-0.0693,0.4592,1.0371,42.9611,9.7198,-14.0228
1,driving,-0.0647,0.4658,1.0374,42.9382,9.5291,-13.9389
1,driving,-0.0588,0.4639,1.0444,42.8848,9.4452,-13.7482
1,driving,-0.0632,0.4587,1.0469,42.7322,9.2392,-13.9084
1,driving,-0.0664,0.4607,1.0410,42.6331,9.0103,-13.8855
1,driving,-0.0630,0.4634,1.0378,42.5491,8.7738,-13.7558
1,driving,-0.0630,0.4607,1.0388,42.6331,8.5526,-13.6566
1,driving,-0.0637,0.4651,1.0388,42.5034,8.2092,-13.7405
1,driving,-0.0579,0.4658,1.0439,42.5415,7.9727,-13.9084
1,driving,-0.0586,0.4639,1.0435,42.4576,7.8888,-14.0839
1,driving,-0.0608,0.4636,1.0461,42.3050,7.8888,-14.1068
1,driving,-0.0583,0.4639,1.0378,42.3737,7.7744,-14.0839
1,driving,-0.0574,0.4600,1.0420,42.2592,7.6141,-14.0076
1,driving,-0.0537,0.4556,1.0317,42.1524,7.5531,-14.0839
1,driving,-0.0483,0.4531,1.0195,42.0914,7.6752,-14.1830
1,driving,-0.0542,0.4553,1.0217,42.1448,7.6370,-14.1983
1,driving,-0.0566,0.4485,1.0259,42.1448,7.6370,-14.2670
1,driving,-0.0547,0.4475,1.0244,42.1829,7.8201,-14.3585
1,driving,-0.0542,0.4480,1.0278,42.0456,7.7133,-14.5340
1,driving,-0.0552,0.4497,1.0212,42.0303,7.6981,-14.6942
1,driving,-0.0562,0.4465,1.0234,42.0914,7.8354,-14.8239
1,driving,-0.0542,0.4431,1.0139,42.0685,8.0338,-14.8621
1,driving,-0.0493,0.4434,1.0176,42.0303,8.1024,-15.0909
1,driving,-0.0474,0.4473,1.0225,42.1371,8.1482,-15.1825
1,driving,-0.0398,0.4382,1.0161,42.2821,8.2169,-15.1596
1,driving,-0.0376,0.4355,1.0134,42.2363,8.3694,-15.2435
1,driving,-0.0383,0.4387,1.0110,42.2134,8.5602,-15.5563
1,driving,-0.0413,0.4397,0.9983,42.1295,8.7280,-15.7471
1,driving,-0.0420,0.4399,1.0012,42.1753,8.6517,-15.8157
1,driving,-0.0464,0.4365,0.9968,42.2134,8.8959,-15.8844
1,driving,-0.0444,0.4402,0.9993,42.3813,9.2392,-15.8310
1,driving,-0.0408,0.4375,1.0002,42.6102,9.2926,-16.0522
1,driving,-0.0420,0.4336,0.9988,42.7399,9.2621,-16.4261
1,driving,-0.0452,0.4331,0.9951,42.9230,9.2773,-16.6473
1,driving,-0.0442,0.4360,0.9934,42.9688,9.3918,-16.7999
1,driving,-0.0391,0.4363,1.0005,43.1747,9.5215,-16.7465
1,driving,-0.0413,0.4358,0.9980,43.2892,9.4757,-16.7465
1,driving,-0.0405,0.4351,0.9983,43.5104,9.5901,-16.9449
1,driving,-0.0454,0.4355,0.9873,43.5638,9.7809,-17.2882
1,driving,-0.0430,0.4375,0.9963,43.7851,9.9945,-17.5323
1,driving,-0.0457,0.4382,0.9985,44.0826,10.1776,-17.8528
1,driving,-0.0486,0.4326,0.9954,44.1818,10.2921,-18.0664
1,driving,-0.0454,0.4382,0.9980,44.2352,10.4675,-18.2419
1,driving,-0.0447,0.4329,0.9915,44.3878,10.5667,-18.2953
1,driving,-0.0425,0.4360,1.0010,44.5251,10.6735,-18.5928
1,driving,-0.0447,0.4368,0.9946,44.6396,10.8795,-18.8980
1,driving,-0.0442,0.4399,0.9900,44.7006,11.1389,-19.0887
1,driving,-0.0474,0.4402,0.9873,44.7083,11.4212,-19.2871
1,driving,-0.0498,0.4482,0.9822,44.7540,11.5509,-19.5541
1,driving,-0.0493,0.4475,0.9819,44.9448,11.6730,-19.6991
1,driving,-0.0452,0.4504,0.9905,45.0897,11.9476,-19.7296
1,driving,-0.0427,0.4565,0.9934,45.3186,12.1689,-19.8975
1,driving,-0.0461,0.4553,0.9895,45.3568,12.3215,-20.0806
1,driving,-0.0471,0.4575,0.9915,45.5551,12.5885,-20.2866
1,driving,-0.0457,0.4636,0.9902,45.6238,12.6419,-20.3552
1,driving,-0.0466,0.4644,0.9895,45.6848,12.7029,-20.2942
1,driving,-0.0461,0.4639,0.9939,45.9290,12.8555,-20.3781
1,driving,-0.0527,0.4648,0.9951,45.9518,12.8555,-20.3400
1,driving,-0.0498,0.4685,0.9949,45.9518,12.9089,-20.6070
1,driving,-0.0530,0.4653,1.0002,45.9518,12.9013,-20.8054
1,driving,-0.0566,0.4612,1.0083,46.1044,13.0234,-20.7672
1,driving,-0.0581,0.4666,1.0088,46.0968,13.1073,-20.7367
1,driving,-0.0625,0.4697,1.0002,46.0892,13.0157,-20.8359
1,driving,-0.0657,0.4768,1.0168,46.1121,12.9318,-20.7977
1,driving,-0.0596,0.4768,1.0078,46.1807,13.1607,-20.6985
1,driving,-0.0630,0.4778,1.0181,46.3562,13.1226,-20.9351
1,driving,-0.0652,0.4790,1.0115,46.4249,12.9776,-20.9427
1,driving,-0.0605,0.4812,1.0076,46.4706,12.9471,-20.8969
1,driving,-0.0642,0.4834,1.0193,46.4172,13.0234,-20.9198
1,driving,-0.0708,0.4844,1.0181,46.2723,13.0615,-20.8588
1,driving,-0.0667,0.4875,1.0212,46.2570,12.9700,-20.7901
1,driving,-0.0601,0.4866,1.0222,46.3028,12.7029,-20.8130
1,driving,-0.0667,0.4871,1.0256,46.5240,12.4588,-20.7596
1,driving,-0.0654,0.4902,1.0273,46.7682,12.4512,-20.8817
1,driving,-0.0632,0.4780,1.0217,46.5851,12.2757,-20.9808
1,driving,-0.0620,0.4778,1.0234,46.5164,12.0773,-20.9885
1,driving,-0.0703,0.4868,1.0261,46.6080,11.9019,-21.1029
1,driving,-0.0693,0.4812,1.0256,46.8979,11.7111,-21.0266
1,driving,-0.0691,0.4824,1.0327,47.0047,11.3297,-21.0495
1,driving,-0.0688,0.4861,1.0278,46.8674,11.0855,-21.0648
1,driving,-0.0645,0.4856,1.0190,46.9131,11.0092,-21.2784
1,driving,-0.0676,0.4849,1.0200,46.8903,10.6888,-21.1639
1,driving,-0.0708,0.4844,1.0278,46.8063,10.4523,-21.1182
1,driving,-0.0598,0.4814,1.0198,46.6843,10.3531,-21.0800
1,driving,-0.0630,0.4819,1.0181,46.7758,10.0327,-21.1487
1,driving,-0.0581,0.4805,1.0127,46.8063,9.7961,-21.2250
1,driving,-0.0613,0.4819,1.0132,46.6995,9.6817,-21.1487
1,driving,-0.0610,0.4812,1.0066,46.7911,9.6436,-21.2021
1,driving,-0.0615,0.4807,1.0056,46.7758,9.5520,-21.2555
1,driving,-0.0603,0.4854,0.9993,46.9437,9.3765,-21.1563
1,driving,-0.0640,0.4810,1.0010,47.2107,9.2087,-21.2402
1,driving,-0.0637,0.4766,0.9924,47.2488,9.2697,-21.3089
1,driving,-0.0598,0.4761,0.9927,47.2794,9.3384,-21.3852
1,driving,-0.0618,0.4751,0.9961,47.2641,9.1705,-21.4005
1,driving,-0.0569,0.4785,0.9897,47.2794,8.9417,-21.5302
1,driving,-0.0581,0.4785,0.9822,47.4625,8.8959,-21.6064
1,driving,-0.0518,0.4778,0.9863,47.5769,8.8120,-21.7667
1,driving,-0.0540,0.4756,0.9795,47.5311,8.7585,-21.8277
1,driving,-0.0574,0.4761,0.9727,47.4396,8.7204,-21.9574
1,driving,-0.0549,0.4736,0.9802,47.5159,8.6746,-22.1939
1,driving,-0.0571,0.4751,0.9739,47.5464,8.7433,-22.4991
1,driving,-0.0576,0.4802,0.9670,47.3557,8.8806,-22.5677
1,driving,-0.0552,0.4812,0.9656,47.3633,8.8806,-22.5143
1,driving,-0.0571,0.4758,0.9692,47.2946,8.9951,-22.5754
1,driving,-0.0544,0.4695,0.9619,47.2641,9.1553,-22.9416
1,driving,-0.0537,0.4756,0.9617,47.1802,9.4070,-23.2162
1,driving,-0.0574,0.4736,0.9548,47.0963,9.6359,-23.1628
1,driving,-0.0525,0.4692,0.9551,47.1191,9.8495,-23.0560
1,driving,-0.0491,0.4695,0.9502,47.1649,9.9716,-23.2162
1,driving,-0.0510,0.4712,0.9531,47.3709,10.0708,-23.3231
1,driving,-0.0442,0.4751,0.9478,47.6456,10.2997,-23.4680
1,driving,-0.0459,0.4761,0.9407,47.8058,10.5896,-23.6816
1,driving,-0.0464,0.4751,0.9304,47.9584,10.6812,-23.8113
1,driving,-0.0439,0.4712,0.9258,48.2635,10.8261,-23.7579
1,driving,-0.0486,0.4744,0.9265,48.4467,11.0016,-23.8495
1,driving,-0.0464,0.4746,0.9336,48.6450,11.2381,-24.0936
1,driving,-0.0461,0.4758,0.9312,48.8358,11.5738,-24.1318
1,driving,-0.0461,0.4763,0.9324,48.8510,11.8713,-24.2004
1,driving,-0.0479,0.4739,0.9307,48.8739,12.0239,-24.2844
1,driving,-0.0583,0.4802,0.9263,49.0417,12.3749,-24.3835
1,driving,-0.0535,0.4805,0.9363,49.1943,12.5275,-24.5972
1,driving,-0.0518,0.4829,0.9243,49.2401,12.7258,-24.6429
1,driving,-0.0544,0.4834,0.9268,49.3317,13.0920,-24.7650
1,driving,-0.0518,0.4866,0.9248,49.3088,13.2370,-24.9329
1,driving,-0.0513,0.4922,0.9263,49.3698,13.1454,-25.2304
1,driving,-0.0549,0.4849,0.9287,49.2859,13.2599,-25.2380
1,driving,-0.0532,0.4905,0.9280,49.2630,13.6719,-25.1617
1,driving,-0.0591,0.4919,0.9192,49.2172,13.8855,-25.1007
1,driving,-0.0618,0.4907,0.9204,49.2477,14.0228,-25.3296
1,driving,-0.0620,0.4919,0.9275,49.1562,14.1830,-25.4974
1,driving,-0.0640,0.5024,0.9177,49.0112,14.4424,-25.5890
1,driving,-0.0627,0.5024,0.9204,48.8129,14.8544,-25.7187
1,driving,-0.0698,0.4990,0.9189,48.8205,15.1978,-25.7568
1,driving,-0.0701,0.4973,0.9109,48.7595,15.3809,-25.7950
1,driving,-0.0671,0.4988,0.9197,48.6603,15.6097,-25.7721
1,driving,-0.0728,0.5029,0.9187,48.6450,15.7928,-25.8484
1,driving,-0.0767,0.5061,0.9263,48.4924,15.8844,-26.0391
1,driving,-0.0796,0.5032,0.9275,48.3093,16.2430,-26.3672
1,driving,-0.0798,0.5112,0.9189,48.2254,16.6245,-26.5121
1,driving,-0.0845,0.5151,0.9246,48.0728,16.8076,-26.5274
1,driving,-0.0740,0.5132,0.9209,47.9889,16.9601,-26.4130
1,driving,-0.0784,0.5154,0.9172,47.9202,17.1585,-26.3824
1,driving,-0.0815,0.5188,0.9199,47.6761,17.5400,-26.3824
1,driving,-0.0833,0.5237,0.9285,47.6074,17.6163,-26.3214
1,driving,-0.0881,0.5264,0.9280,47.6303,17.7841,-26.2909
1,driving,-0.0845,0.5281,0.9241,47.5540,17.9291,-26.4282
1,driving,-0.0859,0.5266,0.9253,47.3099,18.0664,-26.3290
1,driving,-0.0906,0.5330,0.9336,47.3862,18.2495,-26.2604
1,driving,-0.0967,0.5273,0.9336,47.5388,18.3411,-26.2222
1,driving,-0.0972,0.5305,0.9202,47.6532,18.6615,-26.2680
1,driving,-0.0959,0.5281,0.9314,47.5769,18.7149,-26.1917
1,driving,-0.0959,0.5327,0.9270,47.6608,18.4631,-26.1459
1,driving,-0.1030,0.5295,0.9285,47.7219,18.5928,-25.9094
1,driving,-0.1094,0.5330,0.9377,47.6379,18.6539,-25.8560
1,driving,-0.1074,0.5327,0.9358,47.6456,18.5547,-25.8331
1,driving,-0.1069,0.5320,0.9314,47.7219,18.5089,-25.7187
1,driving,-0.1086,0.5396,0.9255,47.8973,18.5776,-25.8789
1,driving,-0.1106,0.5398,0.9304,47.9584,18.7149,-25.8102
1,driving,-0.1106,0.5422,0.9331,47.9050,18.6768,-25.7034
1,driving,-0.1089,0.5352,0.9326,47.8516,18.5242,-25.6271
1,driving,-0.1086,0.5391,0.9280,47.8592,18.5165,-25.5737
1,driving,-0.1079,0.5410,0.9246,48.0270,18.4555,-25.6042
1,driving,-0.1152,0.5354,0.9373,48.1720,18.3945,-25.5585
1,driving,-0.1238,0.5344,0.9329,48.2330,18.3563,-25.4135
1,driving,-0.1184,0.5378,0.9412,48.2254,18.1961,-25.4059
1,driving,-0.1174,0.5408,0.9426,48.0652,18.0435,-25.3220
1,driving,-0.1223,0.5425,0.9443,48.0957,17.9672,-25.4288
1,driving,-0.1289,0.5430,0.9421,48.2559,17.8604,-25.2609
1,driving,-0.1279,0.5437,0.9458,48.2025,17.7231,-25.1770
1,driving,-0.1211,0.5488,0.9370,48.2254,17.5552,-25.0015
1,driving,-0.1238,0.5466,0.9465,48.5229,17.4179,-24.9863
1,driving,-0.1301,0.5413,0.9556,48.5764,17.2501,-24.9557
1,driving,-0.1306,0.5415,0.9404,48.6298,17.0135,-24.8337
1,driving,-0.1321,0.5413,0.9426,48.7671,16.8152,-24.8871
1,driving,-0.1277,0.5369,0.9407,48.8968,16.5939,-24.9329
1,driving,-0.1257,0.5437,0.9524,49.0494,16.3803,-25.0626
1,driving,-0.1267,0.5454,0.9475,49.2477,16.0675,-25.0320
1,driving,-0.1289,0.5422,0.9448,49.2172,15.6479,-25.0626
1,driving,-0.1235,0.5437,0.9409,49.2172,15.2969,-25.0397
1,driving,-0.1274,0.5447,0.9460,49.3164,15.0833,-24.7803
1,driving,-0.1262,0.5449,0.9446,49.3546,14.9002,-24.7116
1,driving,-0.1248,0.5427,0.9426,49.3698,14.6408,-24.7269
1,driving,-0.1191,0.5444,0.9473,49.5758,14.2822,-24.8260
1,driving,-0.1294,0.5449,0.9385,49.8657,14.1296,-24.8642
1,driving,-0.1248,0.5405,0.9370,49.8886,14.0076,-25.0244
1,driving,-0.1211,0.5376,0.9314,49.9344,13.8474,-25.3525
1,driving,-0.1223,0.5356,0.9360,50.0793,13.5956,-25.3296
1,driving,-0.1243,0.5334,0.9302,50.1328,13.5498,-25.4898
1,driving,-0.1267,0.5354,0.9294,50.0183,13.3667,-25.5508
1,driving,-0.1292,0.5347,0.9292,50.0488,13.1302,-25.5051
1,driving,-0.1230,0.5413,0.9236,50.2014,13.0920,-25.4517
1,driving,-0.1204,0.5439,0.9233,50.3845,13.0081,-25.6119
1,driving,-0.1260,0.5417,0.9150,50.4150,12.9776,-25.8026
1,driving,-0.1272,0.5444,0.9219,50.3922,12.8555,-25.9018
1,driving,-0.1265,0.5452,0.9275,50.4761,12.6419,-25.9781
1,driving,-0.1301,0.5464,0.9155,50.4532,12.5580,-26.1993
1,driving,-0.1309,0.5496,0.9146,50.3845,12.4207,-26.2527
1,driving,-0.1243,0.5481,0.9141,50.4150,12.4741,-26.4435
1,driving,-0.1277,0.5466,0.9087,50.4150,12.6266,-26.6113
1,driving,-0.1245,0.5483,0.9089,50.5524,12.5427,-26.6113
1,driving,-0.1243,0.5486,0.9124,50.5753,12.3672,-26.5045
1,driving,-0.1230,0.5498,0.9104,50.5524,12.3138,-26.5884
1,driving,-0.1272,0.5552,0.9133,50.5447,12.4207,-26.8860
1,driving,-0.1265,0.5562,0.9207,50.4913,12.3672,-27.0920
1,driving,-0.1270,0.5537,0.9075,50.4990,12.1918,-27.1301
1,driving,-0.1218,0.5532,0.9058,50.5981,12.0544,-27.0386
1,driving,-0.1243,0.5559,0.9070,50.5447,11.7340,-27.1301
1,driving,-0.1265,0.5535,0.9102,50.5142,11.6882,-27.4277
1,driving,-0.1245,0.5549,0.9062,50.4608,11.7493,-27.4429
1,driving,-0.1238,0.5527,0.9028,50.4456,11.7950,-27.4658
1,driving,-0.1274,0.5571,0.9009,50.6363,11.5051,-27.4353
1,driving,-0.1316,0.5579,0.9111,50.5371,11.2457,-27.3132
1,driving,-0.1277,0.5583,0.9163,50.4303,10.8948,-27.2141
1,driving,-0.1304,0.5549,0.9136,50.2167,10.8337,-27.5650
1,driving,-0.1274,0.5547,0.9114,50.1175,10.7346,-27.8778
1,driving,-0.1274,0.5562,0.9187,49.9954,10.4752,-27.9388
1,driving,-0.1357,0.5535,0.9136,50.0107,10.2615,-28.0914
1,driving,-0.1292,0.5488,0.9131,49.9268,10.0479,-28.2440
1,driving,-0.1304,0.5508,0.9082,49.7971,9.9411,-28.2440
1,driving,-0.1348,0.5532,0.8982,49.5834,9.6207,-28.2669
1,driving,-0.1301,0.5488,0.8989,49.3774,9.4757,-28.4271
1,driving,-0.1357,0.5537,0.8972,49.1867,9.4528,-28.6713
1,driving,-0.1365,0.5542,0.8965,48.9578,9.3460,-28.9459
1,driving,-0.1396,0.5552,0.9014,48.9655,9.2163,-29.0375
1,driving,-0.1367,0.5513,0.8972,48.9807,9.1934,-28.8315
1,driving,-0.1355,0.5564,0.9036,48.9502,9.0790,-28.8467
1,driving,-0.1331,0.5574,0.9016,48.8434,8.8501,-29.0985
1,driving,-0.1382,0.5579,0.8984,48.8052,8.5907,-29.1595
1,driving,-0.1445,0.5635,0.8975,48.5382,8.4152,-29.3350
1,driving,-0.1443,0.5664,0.8879,48.3780,8.1863,-29.6173
1,driving,-0.1409,0.5635,0.8882,48.2330,7.8964,-29.6555
1,driving,-0.1448,0.5669,0.8938,48.2101,7.7438,-29.6555
1,driving,-0.1448,0.5706,0.8950,48.2254,7.5760,-29.5792
1,driving,-0.1382,0.5686,0.8909,48.2178,7.4539,-29.5792
1,driving,-0.1438,0.5691,0.8867,48.1339,7.1945,-29.5639
1,driving,-0.1458,0.5752,0.8816,47.9813,7.0267,-29.5715
1,driving,-0.1472,0.5720,0.8831,47.8439,6.7062,-29.5486
1,driving,-0.1421,0.5745,0.8796,47.7371,6.6681,-29.5792
1,driving,-0.1377,0.5789,0.8831,47.6685,6.5002,-29.5639
1,driving,-0.1458,0.5764,0.8882,47.6761,6.1798,-29.5029
1,driving,-0.1453,0.5730,0.8752,47.5693,5.9204,-29.6173
1,driving,-0.1399,0.5747,0.8718,47.3862,5.9052,-29.7928
1,driving,-0.1365,0.5774,0.8733,47.3938,5.6763,-29.7623
1,driving,-0.1445,0.5742,0.8652,47.4396,5.4398,-29.6860
1,driving,-0.1465,0.5745,0.8711,47.1878,5.2414,-29.6249
1,driving,-0.1418,0.5784,0.8787,47.0657,5.0507,-29.7623
1,driving,-0.1436,0.5728,0.8667,46.9513,5.0201,-30.0674
1,driving,-0.1506,0.5735,0.8599,46.8063,5.0507,-30.0446
1,driving,-0.1509,0.5808,0.8606,46.6614,5.0354,-29.9911
1,driving,-0.1521,0.5803,0.8516,46.5088,5.1193,-30.1285
1,driving,-0.1494,0.5767,0.8503,46.4859,5.1193,-30.2353
1,driving,-0.1489,0.5808,0.8494,46.3791,5.1804,-30.3268
1,driving,-0.1497,0.5852,0.8545,46.2799,5.3253,-30.2811
1,driving,-0.1472,0.5830,0.8513,45.9442,5.4398,-30.3116
1,driving,-0.1531,0.5830,0.8398,45.7153,5.3406,-30.4260
1,driving,-0.1570,0.5840,0.8379,45.6696,5.1346,-30.3650
1,driving,-0.1499,0.5930,0.8413,45.5856,5.1498,-30.3192
1,driving,-0.1523,0.5991,0.8423,45.4941,5.3558,-30.2963
1,driving,-0.1506,0.5967,0.8369,45.4254,5.6992,-30.1056
1,driving,-0.1516,0.5957,0.8313,45.2576,5.8060,-30.0751
1,driving,-0.1565,0.5947,0.8293,45.1813,5.7068,-29.9988
1,driving,-0.1567,0.5999,0.8318,45.1126,5.5695,-29.9530
1,driving,-0.1499,0.5974,0.8381,45.1736,5.8746,-29.9530
1,driving,-0.1492,0.5969,0.8389,44.9905,6.3019,-29.9988
1,driving,-0.1484,0.5972,0.8350,44.8456,6.4011,-30.0217
1,driving,-0.1526,0.5986,0.8325,44.9371,6.3705,-29.7546
1,driving,-0.1536,0.6016,0.8301,45.1355,6.3629,-29.6249
1,driving,-0.1514,0.6025,0.8318,45.2347,6.4468,-29.5639
1,driving,-0.1567,0.6018,0.8301,45.1279,6.6528,-29.5486
1,driving,-0.1519,0.5996,0.8315,44.9066,6.6986,-29.5410
1,driving,-0.1572,0.6006,0.8252,44.7540,6.6757,-29.4876
1,driving,-0.1572,0.6016,0.8162,44.6854,6.7444,-29.5486
1,driving,-0.1516,0.5967,0.8164,44.7617,6.8207,-29.5105
1,driving,-0.1499,0.5996,0.8198,44.8914,7.0419,-29.5563
1,driving,-0.1526,0.5979,0.8149,44.7922,7.3471,-29.5868
1,driving,-0.1477,0.6008,0.8135,44.7083,7.4921,-29.5334
1,driving,-0.1516,0.6003,0.8142,44.6930,7.8201,-29.4876
1,driving,-0.1460,0.6052,0.7993,44.7235,8.0719,-29.3961
1,driving,-0.1523,0.6121,0.7976,44.5633,8.1558,-29.2587
1,driving,-0.1599,0.6052,0.8101,44.4946,8.3466,-29.2358
1,driving,-0.1560,0.6055,0.8040,44.4565,8.7051,-29.1748
1,driving,-0.1572,0.6035,0.7961,44.4489,8.8959,-29.1061
1,driving,-0.1533,0.6035,0.8037,44.3268,9.0637,-29.3274
1,driving,-0.1597,0.6028,0.8010,44.2963,9.2850,-29.4647
1,driving,-0.1545,0.6052,0.8013,44.3573,9.5215,-29.5486
1,driving,-0.1506,0.6033,0.7991,44.2963,9.8114,-29.5563
1,driving,-0.1501,0.6077,0.7886,43.9072,10.2386,-29.5486
1,driving,-0.1497,0.6013,0.7944,43.7927,10.3073,-29.4800
1,driving,-0.1548,0.6042,0.7935,43.7851,10.3607,-29.4571
1,driving,-0.1553,0.6062,0.7903,43.6783,10.6201,-29.5029
1,driving,-0.1521,0.6101,0.7869,43.6172,10.6735,-29.4189
1,driving,-0.1511,0.6145,0.7876,43.6020,10.9100,-29.4113
1,driving,-0.1555,0.6111,0.7896,43.4113,11.1084,-29.4952
1,driving,-0.1575,0.6084,0.7834,43.2892,11.4365,-29.7318
1,driving,-0.1602,0.6060,0.7786,43.2892,11.5433,-29.8386
1,driving,-0.1641,0.6035,0.7827,43.1061,11.6425,-29.9377
1,driving,-0.1641,0.6006,0.7883,42.8238,12.0239,-29.8004
1,driving,-0.1587,0.6060,0.7810,42.5720,12.2910,-29.7928
1,driving,-0.1584,0.6050,0.7747,42.3660,12.6801,-29.8615
1,driving,-0.1621,0.6069,0.7683,42.4118,13.0844,-29.8843
1,driving,-0.1558,0.6099,0.7744,42.4728,13.4888,-29.7928
1,driving,-0.1577,0.6060,0.7739,42.3355,13.9160,-29.8996
1,driving,-0.1577,0.6084,0.7800,42.3126,14.2059,-29.8767
1,driving,-0.1624,0.6099,0.7729,42.3126,14.4730,-30.0064
1,driving,-0.1641,0.6086,0.7776,42.3965,14.7476,-30.0369
1,driving,-0.1628,0.6016,0.7803,42.7094,14.9765,-30.1514
1,driving,-0.1655,0.5991,0.7874,42.7780,15.1138,-30.2200
1,driving,-0.1731,0.6030,0.7944,42.8009,15.3809,-30.3268
1,driving,-0.1768,0.6042,0.7991,42.7856,15.5563,-30.4642
1,driving,-0.1743,0.6111,0.7935,42.9611,15.6860,-30.5939
1,driving,-0.1768,0.6094,0.7881,43.1213,15.8539,-30.4794
1,driving,-0.1721,0.6067,0.7952,43.2281,16.0065,-30.4337
1,driving,-0.1833,0.6106,0.7983,43.3121,15.9988,-30.3802
1,driving,-0.1760,0.6116,0.7998,43.4952,16.1209,-30.2734
1,driving,-0.1785,0.6125,0.8013,43.6020,16.2964,-30.2048
1,driving,-0.1733,0.6174,0.8052,43.7546,16.2125,-30.2429
1,driving,-0.1777,0.6182,0.8074,43.7927,16.1133,-30.2658
1,driving,-0.1819,0.6172,0.8044,43.8843,16.0217,-30.0751
1,driving,-0.1833,0.6228,0.8086,43.9606,15.9683,-30.0369
1,driving,-0.1868,0.6216,0.8105,44.0521,16.0599,-30.2429
1,driving,-0.1865,0.6196,0.8159,44.1284,16.0370,-30.2277
1,driving,-0.1899,0.6157,0.8176,44.2276,15.8691,-30.2277
1,driving,-0.1875,0.6174,0.8120,44.3115,15.5945,-30.2124
1,driving,-0.1870,0.6138,0.8120,44.3649,15.4800,-30.1132
1,driving,-0.1924,0.6155,0.8115,44.3573,15.4037,-30.2582
1,driving,-0.1926,0.6199,0.7981,44.3115,15.2512,-30.4031
1,driving,-0.1960,0.6187,0.8037,44.3344,15.0528,-30.5634
1,driving,-0.1948,0.6108,0.8096,44.2429,14.9918,-30.6854
1,driving,-0.2012,0.6138,0.8052,44.2276,14.9002,-30.7770
1,driving,-0.1926,0.6177,0.8083,44.2657,14.8926,-30.6320
1,driving,-0.1917,0.6174,0.8191,44.2047,14.6942,-30.4947
1,driving,-0.1924,0.6226,0.8123,44.1437,14.5721,-30.5786
1,driving,-0.2017,0.6184,0.8057,44.0750,14.5111,-30.7770
1,driving,-0.2068,0.6228,0.8140,43.9377,14.2746,-30.9601
1,driving,-0.2014,0.6277,0.8130,43.8004,14.0686,-30.9143
1,driving,-0.2087,0.6238,0.8118,43.6325,13.9847,-30.9677
1,driving,-0.2134,0.6221,0.8188,43.6554,13.9389,-30.9753
1,driving,-0.2107,0.6216,0.8203,43.5944,13.8168,-31.1737
1,driving,-0.2070,0.6277,0.8201,43.4113,13.5880,-31.2729
1,driving,-0.2153,0.6270,0.8203,43.2281,13.3438,-31.2653
1,driving,-0.2139,0.6299,0.8145,43.2510,13.1073,-31.2347
1,driving,-0.2163,0.6301,0.8201,43.1519,13.0081,-31.2653
1,driving,-0.2126,0.6321,0.8225,42.9459,12.7640,-31.3339
1,driving,-0.2180,0.6362,0.8174,42.8009,12.7487,-31.3797
1,driving,-0.2175,0.6340,0.8120,42.7628,12.6419,-31.3492
1,driving,-0.2178,0.6411,0.8142,42.5034,12.3444,-31.3797
1,driving,-0.2136,0.6387,0.8191,42.2211,12.1078,-31.3492
1,driving,-0.2183,0.6362,0.8186,42.0380,11.9629,-31.3187
1,driving,-0.2163,0.6372,0.8081,42.0914,11.9705,-31.4407
1,driving,-0.2141,0.6389,0.8118,41.8243,11.7722,-31.7535
1,driving,-0.2141,0.6428,0.8130,41.3971,11.5585,-31.7688
1,driving,-0.2178,0.6357,0.8196,41.2369,11.2076,-31.6620
1,driving,-0.2239,0.6377,0.8132,41.0461,10.9711,-31.7154
1,driving,-0.2178,0.6382,0.8091,40.9622,10.7651,-31.6544
1,driving,-0.2166,0.6436,0.8037,40.8020,10.5362,-31.6467
1,driving,-0.2180,0.6462,0.8088,40.7257,10.4294,-31.8451
1,driving,-0.2161,0.6409,0.8118,40.4510,10.1013,-31.8756
1,driving,-0.2180,0.6367,0.8064,40.2374,9.8572,-31.8756
1,driving,-0.2224,0.6384,0.7983,40.1459,9.8114,-32.0587
1,driving,-0.2188,0.6438,0.8074,40.2069,9.7885,-32.2647
1,driving,-0.2190,0.6450,0.8088,40.1382,9.7122,-32.2723
1,driving,-0.2207,0.6428,0.8005,39.9170,9.6130,-32.1960
1,driving,-0.2236,0.6357,0.7981,39.6957,9.3689,-32.1121
1,driving,-0.2209,0.6372,0.7993,39.7186,9.3002,-32.1732
1,driving,-0.2249,0.6428,0.7981,39.7186,9.2010,-32.2647
1,driving,-0.2249,0.6453,0.7917,39.7491,9.2697,-32.2571
1,driving,-0.2209,0.6389,0.7974,39.4821,9.3002,-32.2266
1,driving,-0.2258,0.6394,0.7979,39.2380,9.3536,-32.1732
1,driving,-0.2249,0.6411,0.7876,39.1388,9.1553,-32.4020
1,driving,-0.2231,0.6416,0.7896,39.1541,9.0256,-32.6157
1,driving,-0.2253,0.6440,0.7891,38.9023,8.9569,-32.7606
1,driving,-0.2283,0.6487,0.7842,38.6963,8.8577,-32.7454
1,driving,-0.2297,0.6477,0.7727,38.5742,8.8425,-32.6309
1,driving,-0.2263,0.6470,0.7773,38.5818,8.8577,-32.6996
1,driving,-0.2322,0.6431,0.7786,38.4140,8.8196,-32.7301
1,driving,-0.2363,0.6528,0.7727,38.1699,8.6670,-32.8751
1,driving,-0.2329,0.6528,0.7712,38.2538,8.5678,-32.9971
1,driving,-0.2393,0.6477,0.7708,38.2614,8.6060,-32.9590
1,driving,-0.2427,0.6484,0.7690,37.9486,8.6365,-33.1192
1,driving,-0.2410,0.6472,0.7698,37.7731,8.5373,-33.1268
1,driving,-0.2317,0.6411,0.7725,37.8189,8.4610,-33.0963
1,driving,-0.2322,0.6450,0.7625,37.8189,8.4991,-33.1268
1,driving,-0.2344,0.6514,0.7578,37.8876,8.5144,-33.3176
1,driving,-0.2375,0.6445,0.7639,37.7808,8.8882,-33.2794
1,driving,-0.2366,0.6470,0.7646,37.8571,9.0485,-33.0353
1,driving,-0.2324,0.6448,0.7549,37.8494,9.1324,-33.0887
1,driving,-0.2346,0.6428,0.7563,37.6434,9.3918,-33.2413
1,driving,-0.2424,0.6423,0.7473,37.5824,9.5291,-33.1955
1,driving,-0.2344,0.6357,0.7451,37.6663,9.6817,-33.0353
1,driving,-0.2393,0.6404,0.7561,37.7426,9.7427,-33.0200
1,driving,-0.2334,0.6377,0.7559,37.6892,9.8724,-33.1955
1,driving,-0.2419,0.6411,0.7507,37.6511,10.1166,-33.2565
1,driving,-0.2427,0.6375,0.7598,37.5061,10.4141,-33.4167
1,driving,-0.2463,0.6345,0.7522,37.4832,10.5820,-33.6151
1,driving,-0.2388,0.6328,0.7439,37.5977,10.7803,-33.7906
1,driving,-0.2388,0.6313,0.7407,37.6892,10.9558,-34.0652
1,driving,-0.2385,0.6394,0.7397,37.6434,11.2762,-34.2865
1,driving,-0.2363,0.6379,0.7356,37.6587,11.6272,-34.1263
1,driving,-0.2292,0.6465,0.7383,37.5137,11.7722,-34.0118
1,driving,-0.2373,0.6399,0.7346,37.5977,12.0239,-33.9432
1,driving,-0.2407,0.6382,0.7346,37.5595,12.3444,-33.9890
1,driving,-0.2341,0.6384,0.7324,37.3840,12.6266,-33.9432
1,driving,-0.2363,0.6416,0.7390,37.4756,13.1683,-33.5999
1,driving,-0.2356,0.6458,0.7449,37.6205,13.7100,-33.4473
1,driving,-0.2388,0.6438,0.7527,37.7808,13.7711,-33.5388
1,driving,-0.2375,0.6443,0.7490,38.0020,13.8092,-33.5464
1,driving,-0.2407,0.6460,0.7480,38.0936,13.7558,-33.4091
1,driving,-0.2356,0.6523,0.7551,38.0936,13.6642,-33.3176
1,driving,-0.2363,0.6509,0.7600,37.9868,13.7634,-33.1802
1,driving,-0.2405,0.6472,0.7485,38.0859,13.7405,-33.2565
1,driving,-0.2473,0.6479,0.7434,38.1622,13.7329,-33.3786
1,driving,-0.2432,0.6482,0.7512,38.1546,13.5880,-33.3405
1,driving,-0.2490,0.6487,0.7456,38.1927,13.4888,-33.1573
1,driving,-0.2454,0.6475,0.7483,38.2004,13.6032,-33.0582
1,driving,-0.2505,0.6484,0.7483,38.3835,13.8626,-33.0963
1,driving,-0.2432,0.6448,0.7473,38.4903,14.0076,-33.0353
1,driving,-0.2473,0.6470,0.7451,38.3377,14.0457,-32.8751
1,driving,-0.2495,0.6504,0.7446,38.2843,14.1449,-32.7988
1,driving,-0.2515,0.6509,0.7510,38.2462,14.3433,-32.7835
1,driving,-0.2534,0.6455,0.7485,38.3453,14.3051,-32.7072
1,driving,-0.2495,0.6477,0.7480,38.2767,14.3890,-32.7454
1,driving,-0.2493,0.6533,0.7500,38.1470,14.5721,-32.6462
1,driving,-0.2517,0.6519,0.7583,38.1088,14.8621,-32.5470
1,driving,-0.2542,0.6504,0.7573,38.1241,14.9078,-32.5546
1,driving,-0.2490,0.6536,0.7515,38.1622,14.8621,-32.4554
1,driving,-0.2463,0.6560,0.7610,38.0402,14.9841,-32.2647
1,driving,-0.2507,0.6609,0.7629,37.8952,15.2512,-32.1808
1,driving,-0.2546,0.6587,0.7654,37.9410,15.2130,-32.0435
1,driving,-0.2561,0.6560,0.7639,37.9944,15.1825,-31.8680
1,driving,-0.2483,0.6611,0.7620,38.0020,15.0909,-31.7841
1,driving,-0.2485,0.6548,0.7625,38.1088,15.0681,-31.7383
1,driving,-0.2461,0.6533,0.7664,38.3072,14.9841,-31.8222
1,driving,-0.2524,0.6545,0.7722,38.2919,14.9307,-31.7688
1,driving,-0.2590,0.6555,0.7681,38.3530,14.7781,-31.6696
1,driving,-0.2612,0.6572,0.7739,38.5666,14.3967,-31.5704
1,driving,-0.2578,0.6523,0.7698,38.5971,14.1449,-31.5247
1,driving,-0.2571,0.6487,0.7710,38.6124,13.8016,-31.5323
1,driving,-0.2554,0.6543,0.7756,38.6429,13.6032,-31.5170
1,driving,-0.2554,0.6494,0.7739,38.7039,13.2446,-31.6162
1,driving,-0.2507,0.6523,0.7678,38.7344,12.8708,-31.6162
1,driving,-0.2539,0.6519,0.7656,38.9557,12.9013,-31.5247
1,driving,-0.2522,0.6575,0.7598,38.9862,12.7335,-31.3187
1,driving,-0.2510,0.6548,0.7485,39.0167,12.5961,-31.1584
1,driving,-0.2520,0.6570,0.7605,39.1464,12.5046,-30.9982
1,driving,-0.2524,0.6545,0.7598,39.1464,12.4512,-30.8990
1,driving,-0.2583,0.6533,0.7561,39.3219,12.4817,-30.8609
1,driving,-0.2524,0.6548,0.7461,39.5126,12.3901,-30.8533
1,driving,-0.2510,0.6560,0.7405,39.6347,12.3215,-30.9067
1,driving,-0.2483,0.6516,0.7534,39.7415,12.1994,-30.8685
1,driving,-0.2437,0.6414,0.7512,39.6652,12.2070,-30.9448
1,driving,-0.2476,0.6426,0.7446,39.7263,12.1918,-30.9906
1,driving,-0.2456,0.6458,0.7402,39.7110,12.1155,-30.9753
1,driving,-0.2424,0.6399,0.7390,39.7720,11.9629,-31.3034
1,driving,-0.2402,0.6404,0.7351,39.9017,11.9705,-31.3339
1,driving,-0.2517,0.6406,0.7375,40.0620,12.0163,-31.5247
1,driving,-0.2483,0.6414,0.7429,40.1001,12.0163,-31.5704
1,driving,-0.2495,0.6362,0.7356,40.1993,12.0316,-31.5781
1,driving,-0.2463,0.6396,0.7224,40.2069,12.0621,-31.6849
1,driving,-0.2461,0.6421,0.7256,40.1382,12.1155,-31.7154
1,driving,-0.2415,0.6372,0.7241,40.2298,12.2147,-31.6849
1,driving,-0.2446,0.6450,0.7180,40.6265,12.2223,-31.7764
1,driving,-0.2419,0.6487,0.7271,40.7486,12.2070,-31.8146
1,driving,-0.2429,0.6489,0.7256,40.7410,12.3138,-31.7993
1,driving,-0.2400,0.6526,0.7188,40.8401,12.6190,-31.6696
1,driving,-0.2334,0.6553,0.7095,41.0995,12.8174,-31.6162
1,driving,-0.2332,0.6562,0.7078,41.3284,12.9089,-31.5399
1,driving,-0.2332,0.6553,0.7209,41.2445,13.0234,-31.4484
1,driving,-0.2434,0.6519,0.7136,41.2827,13.1989,-31.4941
1,driving,-0.2395,0.6538,0.7002,41.1911,13.3286,-31.5399
1,driving,-0.2471,0.6499,0.6973,41.0385,13.4277,-31.3721
1,driving,-0.2361,0.6506,0.6895,41.0690,13.5422,-31.2195
1,driving,-0.2400,0.6536,0.6902,40.9698,14.0762,-31.3644
1,driving,-0.2361,0.6450,0.6799,40.9164,14.2975,-31.1966
1,driving,-0.2534,0.6458,0.6931,40.6952,14.5874,-31.0974
1,driving,-0.2400,0.6426,0.6826,40.2298,15.0299,-31.4255
1,driving,-0.2378,0.6392,0.6667,39.8941,15.5029,-31.6620
1,driving,-0.2429,0.6436,0.6650,39.8636,15.8997,-31.4789
1,driving,-0.2439,0.6511,0.6743,40.1382,16.4642,-31.2195
1,driving,-0.2468,0.6519,0.6650,40.0238,17.0212,-31.1127
1,driving,-0.2400,0.6479,0.6665,39.6194,17.5476,-31.0287
1,driving,-0.2393,0.6462,0.6704,39.3066,17.9749,-31.3492
1,driving,-0.2393,0.6438,0.6748,39.1235,18.3334,-31.8985
1,driving,-0.2341,0.6348,0.6790,38.7802,18.5165,-32.4707
1,driving,-0.2305,0.6331,0.6785,38.4674,18.7683,-32.6462
1,driving,-0.2341,0.6375,0.6643,38.1699,19.2032,-32.9056
1,driving,-0.2354,0.6411,0.6631,37.9944,19.9661,-33.0734
1,driving,-0.2410,0.6421,0.6646,37.9257,20.8054,-33.1497
1,driving,-0.2371,0.6487,0.6567,37.8952,21.6827,-32.8903
1,driving,-0.2397,0.6484,0.6667,37.7808,22.3083,-32.5928
1,driving,-0.2454,0.6506,0.6643,37.6205,22.9263,-32.2876
1,driving,-0.2542,0.6492,0.6765,37.5443,23.4985,-32.1808
1,driving,-0.2520,0.6477,0.6814,37.6511,24.0707,-32.3105
1,driving,-0.2595,0.6533,0.6897,37.5595,24.5056,-32.3792
1,driving,-0.2573,0.6553,0.6929,37.5671,24.5514,-32.5089
1,driving,-0.2603,0.6519,0.6931,37.5595,24.2691,-32.5317
1,driving,-0.2588,0.6521,0.6973,37.5824,24.2081,-32.5546
1,driving,-0.2549,0.6580,0.6970,37.4527,24.1623,-32.5470
1,driving,-0.2561,0.6531,0.7075,37.4451,24.1089,-32.5165
1,driving,-0.2549,0.6519,0.7100,37.5443,24.1547,-32.7148
1,driving,-0.2585,0.6562,0.7083,37.5824,24.2615,-32.8674
1,driving,-0.2576,0.6533,0.7017,37.5061,24.0707,-32.9285
1,driving,-0.2646,0.6509,0.6992,37.5061,23.8190,-32.7988
1,driving,-0.2649,0.6487,0.7026,37.4908,23.7579,-32.7682
1,driving,-0.2629,0.6511,0.7004,37.4527,23.8342,-32.8293
1,driving,-0.2676,0.6506,0.7014,37.3535,23.8800,-32.8598
1,driving,-0.2637,0.6492,0.6953,37.3383,23.7961,-32.7759
1,driving,-0.2705,0.6528,0.6924,37.3077,23.7579,-32.7301
1,driving,-0.2754,0.6482,0.6938,37.0560,23.8495,-32.7606
1,driving,-0.2766,0.6494,0.6980,36.9873,23.6664,-32.8598
1,driving,-0.2783,0.6504,0.7019,37.0789,23.5214,-32.8674
1,driving,-0.2749,0.6516,0.7117,36.9797,23.4909,-32.8522
1,driving,-0.2700,0.6504,0.7097,36.8347,23.2773,-32.9437
1,driving,-0.2751,0.6487,0.7053,36.7584,23.0637,-32.9895
1,driving,-0.2803,0.6521,0.7122,36.6821,23.0026,-33.1116
1,driving,-0.2798,0.6506,0.7068,36.3770,22.8119,-33.0582
1,driving,-0.2808,0.6462,0.7095,36.2778,22.5830,-33.0582
1,driving,-0.2776,0.6418,0.7095,36.1938,22.5220,-33.2870
1,driving,-0.2798,0.6497,0.7048,35.9268,22.4380,-33.3023
1,driving,-0.2832,0.6560,0.7058,35.7056,22.2473,-33.2184
1,driving,-0.2808,0.6494,0.7134,35.5072,21.9803,-33.2413
1,driving,-0.2859,0.6506,0.7156,35.3851,21.7667,-33.3099
1,driving,-0.2849,0.6414,0.7087,35.2554,21.8506,-33.5541
1,driving,-0.2822,0.6453,0.7090,34.9960,21.6446,-33.5922
1,driving,-0.2866,0.6448,0.7024,34.9045,21.4157,-33.5541
1,driving,-0.2874,0.6409,0.6921,34.9579,21.4539,-33.8364
1,driving,-0.2898,0.6409,0.6934,34.8053,21.4615,-34.1415
1,driving,-0.2881,0.6428,0.6892,34.7443,21.4920,-34.1263
1,driving,-0.2913,0.6472,0.6868,34.7595,21.4615,-34.0805
1,driving,-0.2886,0.6516,0.6917,34.7672,21.5759,-34.1339
1,driving,-0.2859,0.6553,0.6948,34.6832,21.6522,-34.1949
1,driving,-0.2883,0.6587,0.6943,34.6146,21.6675,-34.3704
1,driving,-0.2930,0.6641,0.6953,34.5230,21.5912,-34.4467
1,driving,-0.2878,0.6582,0.6934,34.7214,21.4462,-34.3704
1,driving,-0.2935,0.6499,0.6917,34.6146,21.2936,-34.2026
1,driving,-0.2966,0.6521,0.6941,34.5535,21.1716,-34.1568
1,driving,-0.2969,0.6575,0.6960,34.5688,21.0800,-34.2026
1,driving,-0.2966,0.6506,0.6917,34.7214,21.0419,-34.2712
1,driving,-0.2954,0.6484,0.6877,34.8206,20.8435,-34.2484
1,driving,-0.2917,0.6477,0.6978,34.9274,20.5078,-34.3246
1,driving,-0.2991,0.6506,0.6956,35.0189,20.2866,-34.2407
1,driving,-0.2986,0.6465,0.6895,35.1868,20.2408,-34.1568
1,driving,-0.2959,0.6414,0.6833,35.2402,20.0500,-34.2026
1,driving,-0.2964,0.6406,0.6763,35.1639,20.0195,-34.4849
1,driving,-0.2966,0.6409,0.6775,35.1944,19.8822,-34.6222
1,driving,-0.3008,0.6418,0.6836,35.1791,19.7678,-34.6298
1,driving,-0.2954,0.6406,0.6792,35.2020,19.7372,-34.7290
1,driving,-0.2954,0.6362,0.6636,35.3470,19.6991,-34.7748
1,driving,-0.2971,0.6370,0.6624,35.2707,19.6609,-34.8816
1,driving,-0.2935,0.6458,0.6660,35.3088,19.7296,-34.8587
1,driving,-0.2932,0.6423,0.6582,35.4156,19.7372,-34.8587
1,driving,-0.2913,0.6375,0.6587,35.4614,19.8059,-34.7137
1,driving,-0.2903,0.6357,0.6506,35.6293,19.8975,-34.7900
1,driving,-0.2971,0.6389,0.6641,35.5911,19.8441,-34.9655
1,driving,-0.2959,0.6292,0.6594,35.5911,20.0424,-35.0723
1,driving,-0.2952,0.6304,0.6580,35.6598,20.0958,-35.1028
1,driving,-0.2964,0.6299,0.6482,35.7056,20.1263,-35.0571
1,driving,-0.2964,0.6389,0.6426,35.8810,20.2026,-35.2478
1,driving,-0.2959,0.6367,0.6401,35.8810,20.4620,-35.2478
1,driving,-0.2944,0.6309,0.6436,35.7666,20.6223,-35.2936
1,driving,-0.2966,0.6353,0.6426,35.7437,20.8435,-35.2936
1,driving,-0.3015,0.6343,0.6389,35.7742,21.1105,-35.2478
1,driving,-0.2959,0.6343,0.6272,35.8963,21.4005,-35.4767
1,driving,-0.2993,0.6331,0.6328,35.9421,21.5912,-35.4767
1,driving,-0.2993,0.6326,0.6350,36.0107,22.0261,-35.3775
1,driving,-0.3032,0.6355,0.6240,36.0413,22.3694,-35.3928
1,driving,-0.3027,0.6411,0.6206,35.8963,22.5143,-35.5148
1,driving,-0.3013,0.6360,0.6252,36.0565,22.7051,-35.4919
1,driving,-0.3059,0.6348,0.6216,36.2701,22.9340,-35.4233
1,driving,-0.3088,0.6382,0.6299,36.3541,23.1552,-35.4919
1,driving,-0.3049,0.6384,0.6218,36.3541,23.4985,-35.7208
1,driving,-0.3069,0.6416,0.6235,36.5601,23.7656,-35.7056
1,driving,-0.3066,0.6426,0.6165,36.7050,24.1241,-35.7285
1,driving,-0.3132,0.6487,0.6089,36.5753,24.4064,-35.6522
1,driving,-0.3120,0.6477,0.6223,36.5372,24.6887,-35.6369
1,driving,-0.3066,0.6448,0.6260,36.4914,24.8871,-35.6064
1,driving,-0.3074,0.6462,0.6279,36.7050,25.0397,-35.4233
1,driving,-0.3074,0.6450,0.6147,36.6669,25.3220,-35.4919
1,driving,-0.3108,0.6489,0.6128,36.5295,25.8484,-35.6064
1,driving,-0.3108,0.6414,0.6050,36.3693,26.3367,-35.5835
1,driving,-0.3152,0.6450,0.6038,36.4685,26.7334,-35.5225
1,driving,-0.3127,0.6440,0.6033,36.6821,26.9623,-35.3317
1,driving,-0.3125,0.6475,0.6001,36.7432,27.1683,-35.2936
1,driving,-0.3125,0.6472,0.6016,36.6974,27.7328,-35.2173
1,driving,-0.3093,0.6431,0.5969,36.8500,28.1296,-35.0876
1,driving,-0.3103,0.6458,0.5964,36.8652,28.4576,-35.1028
1,driving,-0.3108,0.6455,0.5999,36.9415,28.9307,-35.1257
1,driving,-0.3174,0.6458,0.5994,37.0865,29.3274,-35.3012
1,driving,-0.3149,0.6455,0.6040,37.2925,29.6631,-35.4080
1,driving,-0.3137,0.6401,0.5945,37.3764,29.8767,-35.4309
1,driving,-0.3152,0.6433,0.5933,37.3993,30.0064,-35.3546
1,driving,-0.3149,0.6418,0.5889,37.6358,30.2582,-35.4919
1,driving,-0.3213,0.6448,0.5955,37.6816,30.4108,-35.4233
1,driving,-0.3184,0.6462,0.5876,37.7426,30.7922,-35.3699
1,driving,-0.3198,0.6455,0.5830,37.7197,31.0287,-35.3928
1,driving,-0.3201,0.6492,0.5920,37.6358,31.4102,-35.5225
1,driving,-0.3250,0.6558,0.5972,37.6740,31.8832,-35.4309
1,driving,-0.3247,0.6536,0.5969,37.8189,32.1503,-35.3851
1,driving,-0.3245,0.6587,0.5879,37.9944,32.5394,-35.2783
1,driving,-0.3298,0.6594,0.5884,37.9410,33.2947,-35.1715
1,driving,-0.3335,0.6609,0.5962,37.9562,33.7296,-35.1791
1,driving,-0.3315,0.6670,0.5906,37.9562,33.9355,-35.2859
1,driving,-0.3386,0.6628,0.5845,37.7426,34.2178,-35.2325
1,driving,-0.3403,0.6655,0.5913,37.8036,34.4238,-35.2478
1,driving,-0.3450,0.6716,0.6045,37.9333,34.6909,-35.1105
1,driving,-0.3484,0.6677,0.6028,37.7426,34.7900,-35.0189
1,driving,-0.3542,0.6680,0.6091,37.4756,34.8816,-34.9197
1,driving,-0.3599,0.6702,0.6064,37.5748,35.1791,-34.9350
1,driving,-0.3582,0.6760,0.6067,37.4146,35.4004,-34.9350
1,driving,-0.3582,0.6790,0.6072,37.3459,35.5225,-34.7748
1,driving,-0.3601,0.6770,0.6086,37.4451,35.4385,-34.4467
1,driving,-0.3625,0.6785,0.6084,37.4069,35.4614,-34.3246
1,driving,-0.3650,0.6799,0.6045,37.2391,35.5377,-34.2255
1,driving,-0.3696,0.6829,0.6101,37.2009,35.7208,-33.9737
1,driving,-0.3757,0.6797,0.6194,37.2543,35.6293,-33.9050
1,driving,-0.3826,0.6790,0.6123,37.2009,35.5148,-33.9661
1,driving,-0.3809,0.6799,0.6179,36.9644,35.1257,-33.9890
1,driving,-0.3823,0.6809,0.6199,36.7813,34.9197,-33.8516
1,driving,-0.3789,0.6836,0.6189,36.6516,34.8434,-33.7372
1,driving,-0.3816,0.6890,0.6262,36.5295,34.8129,-33.5922
1,driving,-0.3892,0.6895,0.6235,36.4151,34.6680,-33.5541
1,driving,-0.3901,0.6860,0.6255,36.3312,34.3781,-33.4549
1,driving,-0.3945,0.6802,0.6177,36.2320,34.1034,-33.3176
1,driving,-0.3901,0.6797,0.6143,36.2625,33.8516,-33.1879
1,driving,-0.3911,0.6748,0.6235,36.2396,33.7296,-33.1650
1,driving,-0.3950,0.6755,0.6309,36.2396,33.5541,-33.2031
1,driving,-0.3970,0.6741,0.6318,36.4075,33.1192,-33.1192
1,driving,-0.4001,0.6699,0.6311,36.2778,32.9971,-33.0963
1,driving,-0.4001,0.6758,0.6321,36.1099,32.7530,-32.9056
1,driving,-0.3962,0.6755,0.6292,36.0184,32.3334,-32.8903
1,driving,-0.3960,0.6738,0.6365,36.0489,32.0435,-32.9437
1,driving,-0.3992,0.6741,0.6409,35.9344,31.9672,-32.9132
1,driving,-0.4019,0.6763,0.6345,35.9192,31.8146,-32.7454
1,driving,-0.3953,0.6738,0.6343,35.8887,31.4560,-32.7835
1,driving,-0.3962,0.6711,0.6335,35.9650,31.2424,-32.9819
1,driving,-0.4026,0.6736,0.6338,35.8505,31.0059,-33.0429
1,driving,-0.4023,0.6760,0.6309,35.5835,30.6625,-32.9895
1,driving,-0.3987,0.6765,0.6304,35.6293,30.4871,-33.1497
1,driving,-0.4026,0.6768,0.6287,35.7056,30.2582,-33.0429
1,driving,-0.4041,0.6746,0.6260,35.6445,29.9835,-32.8064
1,driving,-0.4126,0.6736,0.6230,35.6750,29.7165,-32.7454
1,driving,-0.4121,0.6758,0.6243,35.5759,29.4189,-32.7225
1,driving,-0.4148,0.6772,0.6072,35.4996,29.1748,-32.6920
1,driving,-0.4138,0.6777,0.6094,35.5606,28.9764,-32.5623
1,driving,-0.4119,0.6748,0.6121,35.6445,28.8773,-32.5317
1,driving,-0.4084,0.6758,0.6057,35.7056,28.9154,-32.4326
1,driving,-0.4126,0.6770,0.6084,35.9039,28.9764,-32.4249
1,driving,-0.4121,0.6738,0.6030,36.1557,28.9307,-32.4173
1,driving,-0.4072,0.6748,0.6099,36.1481,28.7247,-32.1732
1,driving,-0.3994,0.6726,0.6008,36.1633,28.6942,-32.0740
1,driving,-0.4065,0.6758,0.5901,36.3235,28.7476,-32.1960
1,driving,-0.4041,0.6782,0.5938,36.2396,28.7094,-32.4020
1,driving,-0.4070,0.6819,0.6047,36.1710,28.8010,-32.2876
1,driving,-0.4014,0.6743,0.5972,36.1862,28.7170,-32.1503
1,driving,-0.4031,0.6770,0.5977,36.1099,28.6331,-32.2189
1,driving,-0.3992,0.6780,0.5889,36.0565,28.5797,-32.1426
1,driving,-0.3928,0.6790,0.5869,36.0565,28.6789,-32.2189
1,driving,-0.4016,0.6768,0.5864,36.0260,28.8162,-32.0816
1,driving,-0.4019,0.6733,0.5779,35.9573,28.8849,-32.0206
1,driving,-0.4006,0.6733,0.5833,35.7437,28.9841,-32.0816
1,driving,-0.4053,0.6714,0.5771,35.6979,28.9078,-32.0587
1,driving,-0.4114,0.6716,0.5764,35.9497,28.6789,-32.0206
1,driving,-0.4053,0.6643,0.5833,36.0184,28.7399,-32.1579
1,driving,-0.4072,0.6628,0.5710,35.8734,28.7857,-32.3563
1,driving,-0.4094,0.6663,0.5635,35.8047,28.9307,-32.4402
1,driving,-0.4004,0.6636,0.5645,35.7361,28.9078,-32.4173
1,driving,-0.4016,0.6619,0.5615,35.8047,28.6255,-32.3334
1,driving,-0.4031,0.6626,0.5618,35.6979,28.7476,-32.3563
1,driving,-0.4011,0.6611,0.5596,35.5530,28.8162,-32.2800
1,driving,-0.4080,0.6643,0.5593,35.5606,28.7323,-32.2800
1,driving,-0.4038,0.6611,0.5610,35.5606,28.8239,-32.5012
1,driving,-0.4053,0.6670,0.5659,35.4691,28.9078,-32.5394
1,driving,-0.4053,0.6646,0.5664,35.2936,28.9459,-32.5165
1,driving,-0.4036,0.6599,0.5574,35.1715,28.8467,-32.5394
1,driving,-0.4028,0.6584,0.5559,35.1105,28.9688,-32.8445
1,driving,-0.4050,0.6599,0.5530,35.0113,29.0146,-33.1650
1,driving,-0.4043,0.6643,0.5579,34.9197,29.1672,-33.1726
1,driving,-0.4019,0.6619,0.5466,34.8969,29.3503,-33.0658
1,driving,-0.4087,0.6636,0.5476,34.8511,29.3045,-33.0963
1,driving,-0.4102,0.6648,0.5537,34.7900,29.5715,-33.2336
1,driving,-0.4053,0.6665,0.5605,34.5764,29.8767,-33.4320
1,driving,-0.4089,0.6699,0.5500,34.4849,30.1971,-33.5464
1,driving,-0.4146,0.6702,0.5500,34.4162,30.1437,-33.4778
1,driving,-0.4119,0.6731,0.5439,34.3170,30.3345,-33.2184
1,driving,-0.4092,0.6755,0.5393,34.1644,30.6091,-33.3099
1,driving,-0.4102,0.6733,0.5388,34.2789,30.9219,-33.2413
1,driving,-0.4128,0.6814,0.5349,34.2407,31.2500,-33.0811
1,driving,-0.4199,0.6797,0.5293,34.0652,31.3950,-33.0276
1,driving,-0.4236,0.6775,0.5334,33.8364,31.5018,-33.0582
1,driving,-0.4216,0.6731,0.5408,33.7296,31.6772,-33.0200
1,driving,-0.4238,0.6748,0.5281,33.6761,31.8909,-32.9819
1,driving,-0.4207,0.6709,0.5271,33.6380,31.9290,-33.1116
1,driving,-0.4236,0.6741,0.5251,33.4549,31.9977,-33.2718
1,driving,-0.4270,0.6763,0.5339,33.2947,32.1045,-33.3862
1,driving,-0.4314,0.6804,0.5383,33.0429,32.3181,-33.3328
1,driving,-0.4299,0.6829,0.5403,32.8064,32.4554,-33.3176
1,driving,-0.4285,0.6836,0.5330,32.7988,32.5241,-33.3710
1,driving,-0.4338,0.6877,0.5356,32.6462,32.5623,-33.2642
1,driving,-0.4375,0.6838,0.5391,32.1732,32.6157,-33.2489
1,driving,-0.4333,0.6897,0.5269,31.8146,32.7759,-33.2794
1,driving,-0.4387,0.6968,0.5364,31.7001,32.7606,-33.1268
1,driving,-0.4346,0.6926,0.5471,31.4560,32.9208,-32.9590
1,driving,-0.4407,0.6921,0.5427,31.3034,32.8217,-33.0124
1,driving,-0.4399,0.6929,0.5381,30.9448,32.7530,-33.0505
1,driving,-0.4431,0.6943,0.5381,30.6778,32.6462,-32.9361
1,driving,-0.4456,0.6948,0.5435,30.4718,32.4478,-32.7225
1,driving,-0.4446,0.6980,0.5374,30.1056,32.1579,-32.5851
1,driving,-0.4480,0.6970,0.5396,29.8920,32.0663,-32.5775
1,driving,-0.4531,0.6953,0.5398,29.7318,31.8604,-32.6843
1,driving,-0.4541,0.7014,0.5352,29.3808,31.7078,-32.3944
1,driving,-0.4509,0.7009,0.5376,29.1443,31.4560,-32.2113
1,driving,-0.4529,0.6995,0.5383,28.9688,31.2347,-32.1350
1,driving,-0.4575,0.6958,0.5459,28.9078,30.9143,-32.0206
1,driving,-0.4651,0.6953,0.5391,28.9001,30.6015,-31.8451
1,driving,-0.4612,0.6885,0.5352,28.6789,30.3345,-31.7612
1,driving,-0.4658,0.6929,0.5369,28.5492,30.0369,-31.7993
1,driving,-0.4653,0.6951,0.5403,28.4271,29.5410,-31.6925
1,driving,-0.4607,0.6887,0.5415,28.4042,29.2892,-31.5170
1,driving,-0.4607,0.6875,0.5452,28.2593,29.0756,-31.5704
1,driving,-0.4629,0.6860,0.5449,27.9694,28.8544,-31.6315
1,driving,-0.4531,0.6816,0.5430,27.7863,28.5568,-31.6544
1,driving,-0.4553,0.6838,0.5491,27.7328,27.9388,-31.5170
1,driving,-0.4590,0.6843,0.5464,27.5879,27.6489,-31.4331
1,driving,-0.4602,0.6809,0.5439,27.6108,27.5574,-31.2347
1,driving,-0.4573,0.6792,0.5461,27.5269,27.2064,-31.2195
1,driving,-0.4580,0.6780,0.5457,27.3132,26.7715,-31.2958
1,driving,-0.4604,0.6814,0.5452,27.2369,26.4206,-31.3263
1,driving,-0.4578,0.6846,0.5488,27.1606,25.9781,-31.1203
1,driving,-0.4597,0.6873,0.5488,27.0462,25.6042,-31.1432
1,driving,-0.4622,0.6895,0.5427,26.8326,25.4669,-31.2958
1,driving,-0.4602,0.6853,0.5374,26.6800,25.2686,-31.2347
1,driving,-0.4602,0.6848,0.5386,26.5121,24.9634,-31.3034
1,driving,-0.4634,0.6882,0.5439,26.3901,24.7803,-31.1966
1,driving,-0.4614,0.6934,0.5420,26.1612,24.5132,-31.2424
1,driving,-0.4602,0.6968,0.5344,26.0925,24.0936,-30.9372
1,driving,-0.4648,0.6907,0.5308,26.1459,23.9639,-30.7083
1,driving,-0.4578,0.6921,0.5303,26.1841,23.7732,-30.7236
1,driving,-0.4563,0.6924,0.5303,26.0468,23.4756,-30.7770
1,driving,-0.4570,0.6914,0.5447,25.9018,23.0560,-30.7312
1,driving,-0.4570,0.6892,0.5420,25.8865,22.6440,-30.7617
1,driving,-0.4561,0.6853,0.5393,25.7645,22.2626,-30.6091
1,driving,-0.4629,0.6816,0.5369,25.6195,22.0032,-30.4947
1,driving,-0.4622,0.6851,0.5364,25.4440,21.6293,-30.6931
1,driving,-0.4622,0.6843,0.5376,25.2380,21.3470,-30.6015
1,driving,-0.4641,0.6890,0.5476,24.9786,20.9961,-30.3497
1,driving,-0.4656,0.6875,0.5415,24.8108,20.5536,-30.2505
1,driving,-0.4624,0.6902,0.5386,24.6735,20.3018,-30.3268
1,driving,-0.4631,0.6824,0.5383,24.3759,20.2408,-30.2658
1,driving,-0.4634,0.6760,0.5378,24.0250,20.3400,-30.2658
1,driving,-0.4607,0.6768,0.5339,23.8571,20.2637,-30.2963
1,driving,-0.4692,0.6787,0.5310,23.5901,19.9509,-30.2658
1,driving,-0.4685,0.6809,0.5298,23.4299,19.7372,-30.2124
1,driving,-0.4670,0.6733,0.5327,23.2239,19.7525,-30.2277
1,driving,-0.4683,0.6675,0.5281,22.8043,19.7601,-30.2887
1,driving,-0.4629,0.6707,0.5291,22.5296,19.8059,-30.2353
1,driving,-0.4590,0.6741,0.5342,22.3312,19.6762,-30.2887
1,driving,-0.4683,0.6682,0.5344,22.0947,19.5999,-30.2124
1,driving,-0.4714,0.6719,0.5312,21.9421,19.7220,-30.1285
1,driving,-0.4705,0.6755,0.5234,21.6446,19.9585,-30.0446
1,driving,-0.4668,0.6721,0.5283,21.3547,20.1645,-29.9149
1,driving,-0.4661,0.6738,0.5208,21.0953,20.2560,-29.9530
1,driving,-0.4714,0.6763,0.5229,21.0037,20.3323,-30.0598
1,driving,-0.4719,0.6782,0.5273,20.7748,20.3857,-29.8767
1,driving,-0.4700,0.6821,0.5332,20.5917,20.5917,-29.5029
1,driving,-0.4722,0.6768,0.5222,20.4773,20.7672,-29.4189
1,driving,-0.4768,0.6755,0.5156,20.4239,20.7748,-29.5029
1,driving,-0.4763,0.6736,0.5173,20.3552,20.7672,-29.5868
1,driving,-0.4780,0.6726,0.5210,20.3629,20.7901,-29.6173
1,driving,-0.4773,0.6750,0.5181,20.2179,20.8054,-29.5181
1,driving,-0.4800,0.6721,0.5308,19.9738,20.8282,-29.3121
1,driving,-0.4839,0.6694,0.5210,19.7983,20.8588,-29.0909
1,driving,-0.4827,0.6753,0.5222,19.9051,20.8664,-28.8239
1,driving,-0.4768,0.6753,0.5193,20.0958,20.9885,-28.7018
1,driving,-0.4780,0.6702,0.5181,19.9814,21.0571,-28.7170
1,driving,-0.4824,0.6711,0.5225,20.0195,21.2250,-28.5492
1,driving,-0.4832,0.6697,0.5198,19.9509,21.3623,-28.6255
1,driving,-0.4802,0.6702,0.5188,20.0348,21.4691,-28.6484
1,driving,-0.4861,0.6716,0.5090,20.0119,21.6599,-28.6102
1,driving,-0.4834,0.6704,0.5020,19.8593,21.8277,-28.6179
1,driving,-0.4783,0.6663,0.5115,19.9127,21.8353,-28.5034
1,driving,-0.4761,0.6663,0.5144,20.0424,21.9650,-28.3585
1,driving,-0.4751,0.6646,0.5127,20.0806,21.9574,-28.2745
1,driving,-0.4797,0.6667,0.5166,20.0577,21.9116,-28.3127
1,driving,-0.4856,0.6670,0.5247,19.9127,22.0261,-28.2669
1,driving,-0.4785,0.6641,0.5254,19.8441,22.1176,-28.2364
1,driving,-0.4785,0.6599,0.5242,20.1035,22.3083,-28.2135
1,driving,-0.4856,0.6592,0.5078,20.3400,22.4075,-27.9999
1,driving,-0.4797,0.6619,0.5110,20.3705,22.3389,-27.9770
1,driving,-0.4836,0.6633,0.5225,20.4391,22.3618,-28.0457
1,driving,-0.4890,0.6570,0.5178,20.5078,22.4609,-27.9846
1,driving,-0.4873,0.6577,0.5127,20.6299,22.3770,-27.7557
1,driving,-0.4802,0.6606,0.5200,20.6070,22.3465,-27.8702
1,driving,-0.4827,0.6577,0.5247,20.5536,22.4915,-28.1143
1,driving,-0.4873,0.6575,0.5254,20.7520,22.4838,-28.1906
1,driving,-0.4922,0.6562,0.5154,20.8664,22.2397,-28.0762
1,driving,-0.4905,0.6584,0.5195,20.7367,22.2244,-28.0838
1,driving,-0.4834,0.6565,0.5239,20.6070,22.3465,-28.1067
1,driving,-0.4841,0.6589,0.5198,20.5307,22.3694,-28.2364
1,driving,-0.4858,0.6619,0.5142,20.5917,22.5372,-28.2440
1,driving,-0.4800,0.6597,0.5088,20.8206,22.6898,-28.0380
1,driving,-0.4863,0.6560,0.5132,20.8359,22.7737,-28.0457
1,driving,-0.4832,0.6638,0.5095,20.8054,22.8500,-28.0762
1,driving,-0.4885,0.6655,0.5200,20.8511,22.8195,-28.0457
1,driving,-0.4844,0.6682,0.5042,20.9579,22.8806,-27.9694
1,driving,-0.4885,0.6660,0.5098,20.8588,22.8119,-27.9617
1,driving,-0.4800,0.6653,0.5217,20.8740,22.7737,-27.9083
1,driving,-0.4827,0.6685,0.5200,20.8206,22.7051,-28.0228
1,driving,-0.4841,0.6636,0.5132,20.7901,22.7890,-27.8244
1,driving,-0.4834,0.6733,0.5210,20.9351,22.7051,-27.6260
1,driving,-0.4832,0.6726,0.5273,20.9274,22.4686,-27.5345
1,driving,-0.4851,0.6685,0.5352,21.0114,22.3083,-27.6718
1,driving,-0.4844,0.6682,0.5259,21.0266,22.0795,-27.7863
1,driving,-0.4861,0.6670,0.5273,20.8359,22.0184,-27.4124
1,driving,-0.4890,0.6689,0.5249,20.8282,21.9116,-27.2522
1,driving,-0.4858,0.6704,0.5264,20.8588,21.9421,-27.3438
1,driving,-0.4800,0.6702,0.5312,20.8359,22.0337,-27.3514
1,driving,-0.4834,0.6702,0.5322,20.8664,21.9498,-27.2217
1,driving,-0.4878,0.6675,0.5312,21.0953,21.6217,-27.2598
1,driving,-0.4866,0.6714,0.5249,20.9808,21.5302,-27.2751
1,driving,-0.4883,0.6670,0.5266,20.8054,21.6370,-27.3209
1,driving,-0.4866,0.6641,0.5305,20.6299,21.4920,-27.3743
1,driving,-0.4790,0.6670,0.5203,20.5154,21.4310,-27.3743
1,driving,-0.4858,0.6692,0.5181,20.6451,21.3165,-27.2980
1,driving,-0.4863,0.6682,0.5205,20.7214,21.0419,-27.2751
1,driving,-0.4836,0.6646,0.5198,20.5002,20.9579,-27.1454
1,driving,-0.4841,0.6672,0.5269,20.3857,20.9427,-27.3514
1,driving,-0.4873,0.6660,0.5310,20.2103,20.8206,-27.4048
1,driving,-0.4885,0.6641,0.5256,20.1492,20.4849,-27.2369
1,driving,-0.4854,0.6643,0.5264,20.0577,20.0958,-27.1835
1,driving,-0.4888,0.6663,0.5273,19.9051,20.0348,-27.2217
1,driving,-0.4902,0.6594,0.5269,19.9661,19.8822,-27.2903
1,driving,-0.4814,0.6560,0.5220,19.8212,19.6304,-27.3361
1,driving,-0.4897,0.6584,0.5210,19.7144,19.4550,-27.3743
1,driving,-0.4807,0.6631,0.5273,19.6152,19.3481,-27.3743
1,driving,-0.4729,0.6582,0.5251,19.6075,19.0048,-27.4811
1,driving,-0.4749,0.6604,0.5242,19.5618,18.8141,-27.4277
1,driving,-0.4736,0.6577,0.5256,19.4778,18.7454,-27.5879
1,driving,-0.4761,0.6611,0.5227,19.3939,18.3945,-27.7100
1,driving,-0.4709,0.6592,0.5281,19.3710,18.0893,-27.7710
1,driving,-0.4697,0.6597,0.5181,19.4473,17.9520,-27.7863
1,driving,-0.4709,0.6580,0.5225,19.4244,17.9443,-27.9541
1,driving,-0.4768,0.6562,0.5193,19.4321,17.8604,-27.9694
1,driving,-0.4741,0.6575,0.5164,19.3634,17.7612,-27.9083
1,driving,-0.4680,0.6531,0.5071,19.2108,17.7155,-28.1525
1,driving,-0.4663,0.6555,0.5103,19.1956,17.6697,-28.3356
1,driving,-0.4707,0.6558,0.5181,19.2337,17.4332,-28.3127
1,driving,-0.4714,0.6567,0.5076,19.1879,17.4026,-28.3051
1,driving,-0.4685,0.6519,0.5027,19.1116,17.3492,-28.2898
1,driving,-0.4792,0.6560,0.4978,19.0964,17.3721,-28.5339
1,driving,-0.4739,0.6572,0.4929,19.1193,17.3416,-28.6484
1,driving,-0.4749,0.6541,0.4902,18.9362,17.3264,-28.7247
1,driving,-0.4714,0.6458,0.4915,18.8828,17.2424,-28.8391
1,driving,-0.4707,0.6497,0.4807,18.7836,17.3035,-28.8773
1,driving,-0.4722,0.6531,0.4773,18.7607,17.4561,-29.0146
1,driving,-0.4709,0.6521,0.4739,18.8751,17.5400,-29.0909
1,driving,-0.4744,0.6531,0.4734,18.9743,17.5400,-29.3503
1,driving,-0.4758,0.6558,0.4714,18.8293,17.5552,-29.3732
1,driving,-0.4768,0.6501,0.4644,18.7073,17.5781,-29.3655
1,driving,-0.4749,0.6484,0.4666,18.8217,17.5705,-29.4952
1,driving,-0.4670,0.6499,0.4590,18.8522,17.6849,-29.7699
1,driving,-0.4685,0.6565,0.4502,18.7759,17.8223,-30.0293
1,driving,-0.4714,0.6606,0.4524,18.7302,17.8299,-30.1437
1,driving,-0.4707,0.6619,0.4580,18.5013,18.1122,-30.0674
1,driving,-0.4724,0.6641,0.4619,18.2953,18.3411,-30.1361
1,driving,-0.4688,0.6619,0.4534,18.0893,18.3792,-30.0293
1,driving,-0.4705,0.6655,0.4551,18.0664,18.4326,-30.0064
1,driving,-0.4717,0.6707,0.4604,17.8604,18.6768,-29.9377
1,driving,-0.4741,0.6689,0.4607,17.6010,18.9819,-29.8386
1,driving,-0.4741,0.6702,0.4573,17.4637,18.9972,-29.7394
1,driving,-0.4763,0.6670,0.4480,17.1585,19.0125,-29.8691
1,driving,-0.4785,0.6663,0.4456,17.0593,19.1422,-29.8920
1,driving,-0.4751,0.6597,0.4521,17.2882,19.1193,-29.8615
1,driving,-0.4805,0.6550,0.4570,17.3950,19.0201,-29.7318
1,driving,-0.4802,0.6570,0.4648,17.2577,19.0201,-29.6860
1,driving,-0.4807,0.6602,0.4602,17.2348,19.1269,-29.5944
1,driving,-0.4792,0.6572,0.4456,17.2882,19.3787,-29.6097
1,driving,-0.4771,0.6604,0.4480,17.2729,19.5770,-29.6555
1,driving,-0.4817,0.6602,0.4429,17.3950,19.7678,-29.8080
1,driving,-0.4873,0.6589,0.4468,17.5018,20.1340,-29.7012
1,driving,-0.4885,0.6543,0.4458,17.5934,20.4697,-29.4952
1,driving,-0.4878,0.6560,0.4404,17.7460,20.8893,-29.2969
1,driving,-0.4819,0.6633,0.4399,17.6773,21.3394,-29.1214
1,driving,-0.4812,0.6602,0.4329,17.9062,21.6446,-29.1061
1,driving,-0.4756,0.6521,0.4255,18.2266,22.1786,-29.1519
1,driving,-0.4758,0.6562,0.4250,18.3563,22.4838,-28.8315
1,driving,-0.4692,0.6594,0.4346,18.6462,22.8958,-28.5645
1,driving,-0.4680,0.6516,0.4331,19.0887,23.4146,-28.5263
1,driving,-0.4656,0.6489,0.4255,19.3939,23.8800,-28.4500
1,driving,-0.4683,0.6494,0.4250,19.7296,24.1318,-28.2745
1,driving,-0.4705,0.6443,0.4241,19.8669,24.3988,-28.1219
1,driving,-0.4722,0.6497,0.4224,20.1111,24.6887,-28.2211
1,driving,-0.4731,0.6497,0.4160,20.6909,24.8337,-28.2669
1,driving,-0.4697,0.6484,0.4250,21.2173,25.2380,-28.3661
1,driving,-0.4702,0.6497,0.4270,21.5073,25.6729,-28.1677
1,driving,-0.4763,0.6414,0.4180,21.7514,26.1154,-27.9922
1,driving,-0.4736,0.6438,0.4131,21.9421,26.5656,-28.0609
1,driving,-0.4697,0.6448,0.4109,22.1481,26.8097,-27.8473
1,driving,-0.4744,0.6470,0.4150,22.4991,27.0157,-27.7405
1,driving,-0.4753,0.6443,0.4167,22.7203,27.3590,-27.5345
1,driving,-0.4700,0.6479,0.3994,23.0179,27.8549,-27.5116
1,driving,-0.4673,0.6455,0.4050,23.2697,28.5034,-27.4734
1,driving,-0.4641,0.6436,0.4094,23.5291,29.0451,-27.3666
1,driving,-0.4683,0.6462,0.4084,23.6969,29.4113,-27.2827
1,driving,-0.4690,0.6465,0.4038,23.9105,29.8309,-27.1378
1,driving,-0.4692,0.6514,0.3989,24.0479,30.3879,-27.1683
1,driving,-0.4736,0.6499,0.3984,24.0250,31.0211,-27.2293
1,driving,-0.4758,0.6533,0.4072,24.1318,31.4713,-27.2903
1,driving,-0.4741,0.6472,0.4048,24.3530,32.0740,-27.1149
1,driving,-0.4739,0.6504,0.4028,24.2996,32.6080,-26.9241
1,driving,-0.4724,0.6443,0.3938,24.3607,33.1802,-27.0004
1,driving,-0.4717,0.6479,0.3999,24.3912,33.6761,-27.0157
1,driving,-0.4724,0.6426,0.4006,24.3378,34.1568,-26.9165
1,driving,-0.4729,0.6423,0.4065,24.2920,34.4925,-26.6724
1,driving,-0.4753,0.6443,0.4019,24.3301,34.9655,-26.6342
1,driving,-0.4731,0.6389,0.4043,24.3683,35.5759,-26.7334
1,driving,-0.4790,0.6294,0.4023,24.4370,35.9573,-26.8402
1,driving,-0.4814,0.6204,0.4097,24.4904,36.2625,-26.9241
1,driving,-0.4912,0.6274,0.3999,24.6048,36.7203,-27.1683
1,driving,-0.4836,0.6265,0.4082,24.5514,36.9949,-27.3666
1,driving,-0.4780,0.6252,0.4150,24.5514,37.2925,-27.5879
1,driving,-0.4858,0.6194,0.4189,24.6506,37.6358,-27.5803
1,driving,-0.4905,0.6182,0.4180,24.7498,38.0707,-27.5497
1,driving,-0.4934,0.6162,0.4126,24.8413,38.5437,-27.5726
1,driving,-0.4937,0.6123,0.4155,24.8795,39.0091,-27.8549
1,driving,-0.4951,0.6084,0.4182,24.9405,39.3982,-28.1601
1,driving,-0.4937,0.6072,0.4177,25.0397,39.5584,-28.3585
1,driving,-0.4924,0.6106,0.4224,24.8642,39.7415,-28.5187
1,driving,-0.4951,0.6123,0.4285,24.6506,40.2527,-28.4805
1,driving,-0.4973,0.6113,0.4302,24.5209,40.8325,-28.6713
1,driving,-0.5012,0.6057,0.4336,24.5895,41.1911,-28.9230
1,driving,-0.4976,0.6047,0.4404,24.7955,41.5115,-29.1977
1,driving,-0.4954,0.6128,0.4521,24.9329,41.8854,-29.4800
1,driving,-0.4990,0.6118,0.4470,25.0320,42.1143,-29.5258
1,driving,-0.5090,0.6086,0.4478,25.0473,42.0456,-29.6631
1,driving,-0.5093,0.6062,0.4463,25.1846,42.1600,-29.8386
1,driving,-0.5115,0.6016,0.4524,25.3296,42.1829,-30.1361
1,driving,-0.5149,0.5984,0.4663,25.3601,42.1295,-30.3802
1,driving,-0.5176,0.6023,0.4551,25.4517,42.1371,-30.6320
1,driving,-0.5168,0.6011,0.4595,25.4669,42.2058,-30.9906
1,driving,-0.5217,0.6069,0.4587,25.5890,42.2745,-31.1279
1,driving,-0.5327,0.6121,0.4661,25.7874,42.0380,-31.3339
1,driving,-0.5300,0.6079,0.4731,25.9476,41.7633,-31.4865
1,driving,-0.5330,0.6084,0.4731,25.8942,41.6260,-31.6162
1,driving,-0.5403,0.6125,0.4744,25.8942,41.2750,-31.7078
1,driving,-0.5403,0.6123,0.4731,26.0086,41.3055,-31.7154
1,driving,-0.5452,0.6179,0.4746,25.9628,41.2445,-31.9748
1,driving,-0.5476,0.6135,0.4709,25.9247,41.0767,-32.1960
1,driving,-0.5522,0.6113,0.4658,25.9323,40.8630,-32.3715
1,driving,-0.5503,0.6094,0.4883,25.9933,40.5579,-32.4860
1,driving,-0.5518,0.6155,0.4919,26.0391,40.3061,-32.6996
1,driving,-0.5571,0.6169,0.4834,26.1002,40.1993,-32.8827
1,driving,-0.5613,0.6165,0.4873,26.0086,39.8712,-33.0887
1,driving,-0.5598,0.6174,0.4907,25.8789,39.4211,-33.3557
1,driving,-0.5557,0.6167,0.4829,25.8865,39.1922,-33.6380
1,driving,-0.5610,0.6233,0.4849,25.6958,38.8718,-33.9127
1,driving,-0.5669,0.6150,0.4924,25.4974,38.4598,-34.1492
1,driving,-0.5706,0.6167,0.4856,25.4593,38.1165,-34.3704
1,driving,-0.5667,0.6206,0.4888,25.4135,37.7121,-34.5154
1,driving,-0.5642,0.6213,0.4797,25.0778,37.3993,-34.6756
1,driving,-0.5671,0.6250,0.4893,24.8108,37.0407,-34.8129
1,driving,-0.5740,0.6343,0.4902,24.7040,36.5067,-35.1715
1,driving,-0.5774,0.6360,0.4810,24.4980,36.0260,-35.5682
1,driving,-0.5815,0.6326,0.4846,24.2004,35.8810,-35.6598
1,driving,-0.5825,0.6335,0.4858,23.8419,35.6522,-35.7132
1,driving,-0.5811,0.6401,0.4785,23.7350,35.3012,-35.8124
1,driving,-0.5776,0.6416,0.4851,23.3994,34.9655,-35.8353
1,driving,-0.5837,0.6411,0.4861,22.9492,34.7137,-35.9573
1,driving,-0.5879,0.6455,0.4678,22.7737,34.3704,-36.1252
1,driving,-0.5901,0.6472,0.4734,22.6135,33.9432,-36.2244
1,driving,-0.5854,0.6489,0.4722,22.3770,33.5999,-36.1557
1,driving,-0.5876,0.6526,0.4744,21.8887,33.5464,-36.2549
1,driving,-0.5891,0.6501,0.4758,21.4310,33.3481,-36.3693
1,driving,-0.5925,0.6545,0.4739,21.2021,33.0811,-36.6592
1,driving,-0.5962,0.6589,0.4741,20.9808,32.6385,-36.5982
1,driving,-0.5945,0.6565,0.4727,20.7443,32.2037,-36.4990
1,driving,-0.5898,0.6567,0.4744,20.4620,31.9290,-36.6287
1,driving,-0.5940,0.6538,0.4700,20.1645,31.7917,-36.7355
1,driving,-0.5972,0.6577,0.4666,19.8746,31.5094,-36.8652
1,driving,-0.5994,0.6589,0.4717,19.7220,31.1279,-37.0407
1,driving,-0.5974,0.6565,0.4663,19.4397,30.8151,-36.9873
1,driving,-0.5889,0.6543,0.4622,19.4473,30.2734,-36.9568
1,driving,-0.5933,0.6548,0.4626,19.1269,29.7241,-37.1399
1,driving,-0.6008,0.6521,0.4644,18.8522,29.4418,-37.0636
1,driving,-0.6038,0.6602,0.4631,18.5623,29.3808,-37.1475
1,driving,-0.5989,0.6589,0.4570,18.3792,29.1748,-37.3001
1,driving,-0.5979,0.6558,0.4465,18.2724,28.9688,-37.2849
1,driving,-0.6001,0.6592,0.4453,18.2495,28.7247,-37.2467
1,driving,-0.6052,0.6570,0.4473,18.1427,28.7094,-37.3535
1,driving,-0.6062,0.6587,0.4390,17.9977,28.4729,-37.3688
1,driving,-0.6016,0.6548,0.4351,17.9291,28.1601,-37.0941
1,driving,-0.6038,0.6558,0.4263,17.7383,28.0838,-37.1094
1,driving,-0.5994,0.6667,0.4241,17.6468,28.1296,-37.2925
1,driving,-0.5957,0.6660,0.4204,17.6086,28.0533,-37.3077
1,driving,-0.5969,0.6619,0.4148,17.6239,28.1372,-37.2391
1,driving,-0.5935,0.6577,0.4041,17.6620,28.1906,-37.1857
1,driving,-0.5884,0.6626,0.4094,17.7002,28.2669,-37.0941
1,driving,-0.5891,0.6545,0.4060,17.7841,28.3813,-36.8118
1,driving,-0.5876,0.6548,0.3938,17.8833,28.7170,-36.7050
1,driving,-0.5820,0.6519,0.3911,18.1427,28.7476,-36.6592
1,driving,-0.5815,0.6501,0.3884,18.3792,29.0451,-36.5601
1,driving,-0.5754,0.6458,0.3804,18.7073,29.2511,-36.5219
1,driving,-0.5793,0.6455,0.3750,18.9209,29.3198,-36.5601
1,driving,-0.5757,0.6428,0.3730,19.2184,29.5868,-36.4838
1,driving,-0.5808,0.6440,0.3792,19.5084,30.0140,-36.2701
1,driving,-0.5828,0.6492,0.3733,19.8441,30.2200,-36.4304
1,driving,-0.5823,0.6450,0.3635,20.3171,30.4565,-36.5601
1,driving,-0.5786,0.6472,0.3555,20.7062,30.7236,-36.5448
1,driving,-0.5784,0.6414,0.3562,20.9808,31.2729,-36.4914
1,driving,-0.5784,0.6450,0.3525,21.3852,31.7764,-36.3007
1,driving,-0.5664,0.6394,0.3513,21.8124,32.1655,-36.1862
1,driving,-0.5713,0.6421,0.3486,22.2244,32.3105,-36.2015
1,driving,-0.5754,0.6438,0.3403,22.6593,32.6843,-36.1710
1,driving,-0.5769,0.6416,0.3364,23.0103,32.9742,-36.2854
1,driving,-0.5735,0.6404,0.3337,23.2315,33.2031,-36.3388
1,driving,-0.5786,0.6392,0.3245,23.4146,33.7982,-36.4914
1,driving,-0.5796,0.6396,0.3289,23.7656,34.3704,-36.4227
1,driving,-0.5806,0.6367,0.3301,24.2233,35.0037,-36.2778
1,driving,-0.5769,0.6379,0.3230,24.5285,35.5682,-36.1938
1,driving,-0.5811,0.6316,0.3230,24.8566,36.2244,-36.2091
1,driving,-0.5850,0.6357,0.3264,25.1541,36.8118,-36.3541
1,driving,-0.5850,0.6414,0.3262,25.2533,37.2467,-36.4761
1,driving,-0.5889,0.6370,0.3230,25.2380,37.6892,-36.4685
1,driving,-0.5864,0.6404,0.3286,25.3677,38.3911,-36.3464
1,driving,-0.5857,0.6411,0.3298,25.5966,39.0701,-36.2778
1,driving,-0.5857,0.6406,0.3208,25.7568,39.6500,-36.3083
1,driving,-0.5876,0.6384,0.3206,25.9476,40.2451,-36.3007
1,driving,-0.5896,0.6428,0.3240,25.8865,40.9851,-36.4075
1,driving,-0.5916,0.6389,0.3228,25.9399,41.8472,-36.4914
1,driving,-0.5994,0.6382,0.3237,26.1993,42.4271,-36.6364
1,driving,-0.5972,0.6392,0.3254,26.3977,42.9611,-36.5448
1,driving,-0.5986,0.6396,0.3289,26.5350,43.3655,-36.5677
1,driving,-0.5991,0.6409,0.3325,26.5579,43.9682,-36.5829
1,driving,-0.6067,0.6384,0.3428,26.8860,44.5175,-36.7661
1,driving,-0.6072,0.6357,0.3464,27.1530,45.0287,-36.9492
1,driving,-0.6113,0.6367,0.3418,27.3132,45.3262,-36.9492
1,driving,-0.6150,0.6370,0.3445,27.3972,45.3644,-36.7126
1,driving,-0.6208,0.6370,0.3503,27.6337,45.8450,-36.8042
1,driving,-0.6243,0.6387,0.3638,27.8168,46.3104,-36.9263
1,driving,-0.6289,0.6382,0.3555,27.9083,46.4630,-37.0636
1,driving,-0.6321,0.6367,0.3584,27.9236,46.7148,-37.1704
1,driving,-0.6362,0.6428,0.3645,27.9617,46.9513,-37.1628
1,driving,-0.6345,0.6453,0.3638,28.0457,47.0581,-37.3459
1,driving,-0.6350,0.6399,0.3662,27.9541,47.1420,-37.3383
1,driving,-0.6409,0.6404,0.3748,27.9160,47.3251,-37.3077
1,driving,-0.6438,0.6426,0.3789,27.9465,47.4472,-37.2772
1,driving,-0.6470,0.6465,0.3779,27.8549,47.4396,-37.4985
1,driving,-0.6545,0.6475,0.3865,27.7634,47.5464,-37.4451
1,driving,-0.6519,0.6467,0.3867,27.8320,47.6303,-37.3459
1,driving,-0.6543,0.6440,0.3953,27.9770,47.6913,-37.4298
1,driving,-0.6594,0.6504,0.3977,27.9617,47.6685,-37.4451
1,driving,-0.6663,0.6501,0.3972,27.8015,47.4396,-37.6358
1,driving,-0.6719,0.6487,0.3989,27.8473,47.2717,-37.6587
1,driving,-0.6665,0.6519,0.4033,27.8244,47.1573,-37.7502
1,driving,-0.6746,0.6504,0.4080,27.6566,46.9513,-37.8265
1,driving,-0.6790,0.6465,0.4084,27.6794,46.7072,-37.8113
1,driving,-0.6733,0.6453,0.4255,27.7863,46.4020,-37.7731
1,driving,-0.6743,0.6470,0.4209,27.7405,46.2494,-37.7502
1,driving,-0.6855,0.6448,0.4128,27.7481,45.6848,-38.1012
1,driving,-0.6899,0.6475,0.4141,27.6871,45.3110,-38.3606
1,driving,-0.6838,0.6448,0.4302,27.5955,44.9219,-38.4064
1,driving,-0.6838,0.6455,0.4307,27.6108,44.4565,-38.3453
1,driving,-0.6890,0.6465,0.4175,27.4277,44.1895,-38.3987
1,driving,-0.6943,0.6448,0.4321,27.2827,43.7698,-38.4979
1,driving,-0.6941,0.6497,0.4392,27.1606,43.2587,-38.7268
1,driving,-0.6963,0.6455,0.4346,27.0233,42.7017,-38.9404
1,driving,-0.6970,0.6460,0.4263,26.9775,42.1371,-38.9099
1,driving,-0.6958,0.6458,0.4209,26.7944,41.8091,-39.1235
1,driving,-0.6975,0.6465,0.4233,26.6037,41.3589,-39.2456
1,driving,-0.7070,0.6453,0.4351,26.3596,40.8707,-39.2761
1,driving,-0.7092,0.6462,0.4241,26.1612,40.4510,-39.3295
1,driving,-0.7083,0.6382,0.4148,26.0086,40.0543,-39.4669
1,driving,-0.7109,0.6433,0.4209,25.8865,39.7491,-39.6881
1,driving,-0.7131,0.6404,0.4287,25.7950,39.3753,-39.8712
1,driving,-0.7151,0.6401,0.4314,25.4822,39.0244,-39.8407
1,driving,-0.7107,0.6465,0.4189,25.0931,38.6887,-39.8636
1,driving,-0.7097,0.6475,0.4221,24.9786,38.4140,-39.9551
1,driving,-0.7107,0.6506,0.4170,24.9939,38.1165,-40.1382
1,driving,-0.7114,0.6484,0.4170,24.7192,37.7884,-40.2145
1,driving,-0.7148,0.6472,0.4175,24.3759,37.4603,-40.3214
1,driving,-0.7141,0.6516,0.4260,24.2462,37.0789,-40.5502
1,driving,-0.7151,0.6509,0.4189,24.1776,36.7813,-40.5807
1,driving,-0.7102,0.6489,0.4153,24.0402,36.4456,-40.5731
1,driving,-0.7112,0.6516,0.4077,23.9487,36.2091,-40.4816
1,driving,-0.7136,0.6541,0.4050,23.9334,35.8276,-40.2298
1,driving,-0.7112,0.6477,0.4009,24.0555,35.4080,-40.3290
1,driving,-0.7119,0.6497,0.3918,24.0479,35.0800,-40.3442
1,driving,-0.7148,0.6521,0.4001,24.1699,34.7290,-40.4358
1,driving,-0.7083,0.6509,0.3982,24.3835,34.3857,-40.4587
1,driving,-0.7019,0.6479,0.3879,24.5132,33.9890,-40.4739
1,driving,-0.7092,0.6487,0.3855,24.8947,33.7219,-40.5273
1,driving,-0.7202,0.6494,0.3811,25.2228,33.3176,-40.4129
1,driving,-0.7219,0.6506,0.3877,25.2762,32.8293,-40.3824
1,driving,-0.7224,0.6497,0.3823,25.4211,32.4097,-40.2069
1,driving,-0.7229,0.6475,0.3845,25.6577,31.9519,-40.0772
1,driving,-0.7166,0.6489,0.3840,25.9171,31.5170,-40.3061
1,driving,-0.7207,0.6499,0.3855,25.9857,31.3187,-40.2451
1,driving,-0.7192,0.6531,0.3813,26.0239,31.0898,-40.2756
1,driving,-0.7202,0.6511,0.3738,26.1307,30.7999,-40.4053
1,driving,-0.7258,0.6484,0.3706,26.3824,30.5328,-40.3519
1,driving,-0.7283,0.6445,0.3655,26.5274,30.3345,-40.3214
1,driving,-0.7229,0.6465,0.3567,26.5427,30.0827,-40.1764
1,driving,-0.7202,0.6448,0.3604,26.5732,29.8462,-39.9628
1,driving,-0.7188,0.6445,0.3574,26.6495,29.6707,-39.8636
1,driving,-0.7188,0.6399,0.3457,26.8402,29.4037,-40.0848
1,driving,-0.7253,0.6433,0.3406,27.0615,29.3655,-40.3137
1,driving,-0.7136,0.6445,0.3311,27.4200,29.3045,-40.3137
1,driving,-0.7112,0.6431,0.3398,27.8168,29.2892,-40.0085
1,driving,-0.7141,0.6436,0.3379,28.3356,29.2587,-39.9551
1,driving,-0.7141,0.6460,0.3284,28.6942,29.3198,-39.9857
1,driving,-0.7170,0.6431,0.3320,28.8315,29.1901,-39.7263
1,driving,-0.7168,0.6433,0.3308,29.2664,28.9841,-39.5966
1,driving,-0.7200,0.6409,0.3198,29.5181,28.9764,-39.6423
1,driving,-0.7148,0.6392,0.3257,29.8004,28.9001,-39.8102
1,driving,-0.7158,0.6306,0.3254,29.9606,28.6407,-39.8712
1,driving,-0.7178,0.6326,0.3159,30.1514,28.4958,-39.9933
1,driving,-0.7153,0.6355,0.3093,30.3421,28.5034,-39.9857
1,driving,-0.7190,0.6333,0.3066,30.5786,28.7094,-39.9399
1,driving,-0.7178,0.6240,0.2996,30.7236,28.8620,-39.8254
1,driving,-0.7195,0.6260,0.2974,30.8304,28.9154,-39.9551
1,driving,-0.7214,0.6267,0.2969,30.9296,29.1824,-39.9933
1,driving,-0.7231,0.6331,0.2800,30.9525,29.5639,-40.0314
1,driving,-0.7214,0.6343,0.2747,31.1432,29.7394,-40.0620
1,driving,-0.7241,0.6309,0.2764,31.2958,30.2048,-40.2145
1,driving,-0.7253,0.6274,0.2646,31.4789,30.5786,-40.2603
1,driving,-0.7297,0.6333,0.2695,31.5247,30.7999,-40.3061
1,driving,-0.7327,0.6338,0.2659,31.4255,31.1279,-40.4205
1,driving,-0.7307,0.6365,0.2634,31.6238,31.5323,-40.6876
1,driving,-0.7339,0.6433,0.2600,31.6162,31.9214,-40.6570
1,driving,-0.7332,0.6489,0.2639,31.7307,32.2113,-40.5350
1,driving,-0.7412,0.6558,0.2700,31.8146,32.5165,-40.5350
1,driving,-0.7405,0.6619,0.2622,31.8680,32.8674,-40.5426
1,driving,-0.7456,0.6631,0.2629,31.7078,33.1039,-40.4510
1,driving,-0.7522,0.6621,0.2507,31.7383,33.4015,-40.4358
1,driving,-0.7520,0.6726,0.2507,31.9061,33.8058,-40.2374
1,driving,-0.7517,0.6775,0.2600,31.8298,34.1415,-39.8941
1,driving,-0.7561,0.6770,0.2615,31.9290,34.5459,-39.6881
1,driving,-0.7544,0.6802,0.2542,31.8909,34.8816,-39.3982
1,driving,-0.7563,0.6833,0.2466,31.7993,35.1639,-39.1006
1,driving,-0.7583,0.6816,0.2512,31.6315,35.5988,-38.8565
1,driving,-0.7673,0.6851,0.2427,31.6162,35.8505,-38.5590
1,driving,-0.7703,0.6821,0.2422,31.6772,36.0489,-38.2004
1,driving,-0.7666,0.6860,0.2393,31.6544,36.3159,-37.7121
1,driving,-0.7766,0.6812,0.2441,31.5933,36.7889,-37.5748
1,driving,-0.7803,0.6802,0.2366,31.7001,37.0026,-37.3611
1,driving,-0.7810,0.6780,0.2410,31.7154,37.2086,-37.1475
1,driving,-0.7791,0.6750,0.2483,31.5323,37.5137,-36.8729
1,driving,-0.7791,0.6821,0.2502,31.2958,37.8799,-36.6592
1,driving,-0.7820,0.6777,0.2493,31.1813,38.2690,-36.4609
1,driving,-0.7871,0.6895,0.2505,31.2653,38.5132,-36.1023
1,driving,-0.7886,0.6887,0.2439,31.2347,38.7497,-35.6903
1,driving,-0.7922,0.6946,0.2542,31.1203,39.1464,-35.4156
1,driving,-0.7913,0.6936,0.2522,30.8456,39.3982,-35.1944
1,driving,-0.7957,0.6929,0.2478,30.5405,39.5813,-35.0189
1,driving,-0.7932,0.6968,0.2524,30.4718,39.6957,-34.5459
1,driving,-0.7976,0.6924,0.2581,30.3268,39.6576,-34.2331
1,driving,-0.7925,0.6907,0.2563,30.1361,39.5966,-33.9279
1,driving,-0.7927,0.6895,0.2583,30.0674,39.5889,-33.8516
1,driving,-0.7979,0.6948,0.2573,29.7394,39.5889,-33.7219
1,driving,-0.7986,0.6938,0.2661,29.4952,39.5050,-33.4091
1,driving,-0.7979,0.6914,0.2622,29.3350,39.5889,-33.1879
1,driving,-0.8003,0.6877,0.2600,29.0680,39.5966,-32.8369
1,driving,-0.7957,0.6855,0.2668,29.0298,39.4592,-32.3792
1,driving,-0.8010,0.6875,0.2769,29.0070,39.4440,-32.1732
1,driving,-0.7957,0.6885,0.2673,28.8849,39.2532,-31.8832
1,driving,-0.7947,0.6807,0.2668,28.7476,39.0778,-31.5552
1,driving,-0.8057,0.6804,0.2734,28.7781,38.8718,-31.3187
1,driving,-0.8025,0.6780,0.2700,28.7323,38.5895,-31.0440
1,driving,-0.7991,0.6758,0.2666,28.7323,38.4369,-30.5252
1,driving,-0.8025,0.6670,0.2678,28.8467,38.3530,-30.3802
1,driving,-0.8054,0.6670,0.2649,28.8544,38.2614,-30.2811
1,driving,-0.7986,0.6641,0.2646,28.8544,38.0630,-29.9683
1,driving,-0.7957,0.6611,0.2693,28.9536,37.8876,-29.8462
1,driving,-0.7986,0.6562,0.2727,29.0527,37.7579,-29.7089
1,driving,-0.7986,0.6523,0.2747,29.0451,37.3993,-29.5944
1,driving,-0.7974,0.6462,0.2695,29.0375,37.1704,-29.2587
1,driving,-0.7981,0.6479,0.2734,29.1443,37.1475,-29.1138
1,driving,-0.7996,0.6418,0.2732,29.1138,37.1399,-28.9001
1,driving,-0.7988,0.6328,0.2781,29.2740,37.0712,-28.7094
1,driving,-0.7983,0.6318,0.2747,29.2511,37.0865,-28.7552
1,driving,-0.7998,0.6233,0.2803,29.1138,36.8729,-28.7781
1,driving,-0.7949,0.6204,0.2869,28.8696,36.7432,-28.7399
1,driving,-0.7944,0.6240,0.2810,28.7170,36.7050,-28.6179
1,driving,-0.7959,0.6194,0.2856,28.6484,36.8118,-28.6560
1,driving,-0.7969,0.6177,0.2812,28.5645,36.6058,-28.8696
1,driving,-0.7961,0.6150,0.2798,28.5263,36.3464,-28.9688
1,driving,-0.7935,0.6091,0.2830,28.4119,36.0794,-28.8773
1,driving,-0.7917,0.6045,0.2812,28.2364,35.7895,-28.8467
1,driving,-0.7942,0.6094,0.2817,27.9846,35.7437,-28.9993
1,driving,-0.7971,0.6013,0.2871,27.8625,35.6750,-29.1824
1,driving,-0.7964,0.5962,0.2812,27.8473,35.4691,-29.2053
1,driving,-0.7964,0.5940,0.2810,27.7710,35.3928,-29.3427
1,driving,-0.8005,0.5923,0.2791,27.6489,35.3317,-29.4189
1,driving,-0.7976,0.5906,0.2720,27.5421,35.2783,-29.5029
1,driving,-0.7886,0.5847,0.2717,27.5879,35.1639,-29.5792
1,driving,-0.7876,0.5894,0.2686,27.7710,35.0418,-29.6173
1,driving,-0.7922,0.5859,0.2664,27.8625,34.8358,-29.9377
1,driving,-0.7939,0.5820,0.2700,27.8854,34.8053,-29.9225
1,driving,-0.7952,0.5803,0.2729,27.8931,34.6603,-29.9683
1,driving,-0.7991,0.5798,0.2715,27.7939,34.6451,-30.3040
1,driving,-0.7964,0.5811,0.2700,27.7939,34.4925,-30.7236
1,driving,-0.7952,0.5781,0.2603,27.8473,34.2789,-31.0059
1,driving,-0.8040,0.5835,0.2551,27.7939,34.0805,-31.0135
1,driving,-0.8010,0.5803,0.2546,27.6413,33.8364,-31.1584
1,driving,-0.8042,0.5776,0.2544,27.5955,33.8058,-31.4026
1,driving,-0.8052,0.5830,0.2632,27.5803,33.6304,-31.5933
1,driving,-0.8083,0.5825,0.2585,27.5955,33.4778,-31.6925
1,driving,-0.8125,0.5803,0.2546,27.5116,33.3939,-31.7764
1,driving,-0.8181,0.5828,0.2688,27.1912,33.0505,-32.0053
1,driving,-0.8262,0.5896,0.2629,27.0996,33.0048,-32.0969
1,driving,-0.8257,0.5935,0.2605,26.9165,32.6614,-32.3486
1,driving,-0.8269,0.6013,0.2637,26.6571,32.4020,-32.4554
1,driving,-0.8289,0.6006,0.2646,26.2146,32.2037,-32.4097
1,driving,-0.8323,0.6025,0.2534,25.8026,32.1198,-32.5241
1,driving,-0.8359,0.6106,0.2568,25.7416,32.0053,-32.5775
1,driving,-0.8342,0.6091,0.2568,25.6805,31.7841,-32.4707
1,driving,-0.8384,0.6121,0.2561,25.4669,31.7154,-32.3029
1,driving,-0.8433,0.6150,0.2559,25.1389,31.5933,-32.3639
1,driving,-0.8472,0.6133,0.2544,25.0320,31.3187,-32.4097
1,driving,-0.8457,0.6096,0.2463,24.6887,31.0364,-32.5394
1,driving,-0.8442,0.6104,0.2507,24.4370,30.8304,-32.6691
1,driving,-0.8457,0.6084,0.2463,24.2996,30.7465,-32.8751
1,driving,-0.8467,0.6106,0.2422,24.1241,30.7007,-33.0887
1,driving,-0.8452,0.6089,0.2451,23.8876,30.3955,-33.1039
1,driving,-0.8447,0.6035,0.2434,23.4833,30.0064,-33.2565
1,driving,-0.8513,0.6045,0.2471,23.0713,29.8080,-33.1116
1,driving,-0.8550,0.6084,0.2490,22.6517,29.7394,-32.9666
1,driving,-0.8501,0.6179,0.2524,22.3389,29.8004,-32.9895
1,driving,-0.8477,0.6108,0.2427,21.8048,29.7165,-34.0118
1,driving,-0.8293,0.5713,0.2390,20.9961,30.1361,-37.1017
1,driving,-0.7654,0.4939,0.2183,19.8593,30.1285,-39.5813
1,driving,-0.7966,0.5349,0.2336,18.5165,29.3503,-39.2380
1,driving,-0.8525,0.6257,0.2380,17.3492,28.9459,-37.1399
1,driving,-0.8513,0.6489,0.2114,16.5329,29.2358,-34.9045
1,driving,-0.8655,0.6462,0.2029,16.1819,29.6631,-33.4167
1,driving,-0.8818,0.6321,0.2117,15.6403,30.1056,-32.6614
1,driving,-0.8987,0.6218,0.2153,15.2893,30.2811,-32.5394
1,driving,-0.9026,0.6165,0.2231,15.3122,29.9377,-32.7454
1,driving,-0.9004,0.6123,0.2336,15.4343,29.3427,-32.8751
1,driving,-0.9082,0.6111,0.2422,15.7242,28.8162,-33.2565
1,driving,-0.8984,0.6140,0.2495,16.2354,28.2135,-33.6304
1,driving,-0.8845,0.6172,0.2539,16.7847,27.6260,-33.9355
1,driving,-0.8806,0.6279,0.2561,17.1738,27.1606,-33.8516
1,driving,-0.8684,0.6367,0.2532,17.3645,26.9318,-33.8440
1,driving,-0.8481,0.6436,0.2476,17.5552,26.9394,-33.5846
1,driving,-0.8435,0.6477,0.2454,17.7002,26.9241,-33.3099
1,driving,-0.8374,0.6465,0.2483,17.7689,26.7792,-32.8827
1,driving,-0.8416,0.6443,0.2429,17.7383,26.8173,-32.4402
1,driving,-0.8445,0.6465,0.2332,17.4484,26.7868,-32.1274
1,driving,-0.8589,0.6384,0.2324,17.2119,26.5198,-31.8604
1,driving,-0.8679,0.6348,0.2222,17.0975,26.2146,-31.9061
1,driving,-0.8767,0.6328,0.2244,16.7847,25.7645,-31.8146
1,driving,-0.8792,0.6301,0.2380,16.6092,25.3677,-31.6010
1,driving,-0.8843,0.6279,0.2373,16.3651,24.8337,-31.5475
1,driving,-0.8860,0.6292,0.2349,16.2354,24.4522,-31.5170
1,driving,-0.8870,0.6299,0.2317,16.1667,23.8800,-31.5094
1,driving,-0.8872,0.6274,0.2336,16.2430,23.3078,-31.3721
1,driving,-0.8792,0.6328,0.2339,16.3193,22.6974,-31.0898
1,driving,-0.8755,0.6396,0.2285,16.2048,22.1710,-30.8609
1,driving,-0.8750,0.6350,0.2351,16.1209,21.6675,-30.5481
1,driving,-0.8708,0.6335,0.2422,16.0217,21.1411,-30.2658
1,driving,-0.8650,0.6421,0.2397,15.9760,20.8511,-30.0751
1,driving,-0.8638,0.6477,0.2292,15.6250,20.5994,-29.7241
1,driving,-0.8608,0.6470,0.2300,15.4114,20.5078,-29.2435
1,driving,-0.8574,0.6504,0.2317,15.1901,20.4697,-28.9993
1,driving,-0.8535,0.6519,0.2285,15.0146,20.1340,-28.6636
1,driving,-0.8582,0.6528,0.2239,14.8239,19.7372,-28.2745
1,driving,-0.8557,0.6492,0.2271,14.8697,19.7067,-27.8397
1,driving,-0.8577,0.6426,0.2249,14.7629,19.6457,-27.6642
1,driving,-0.8594,0.6418,0.2246,14.6408,19.5084,-27.4734
1,driving,-0.8645,0.6392,0.2288,14.6408,19.4473,-27.3285
1,driving,-0.8591,0.6353,0.2249,14.5721,19.1345,-26.8402
1,driving,-0.8547,0.6309,0.2266,14.2975,18.7531,-26.5274
1,driving,-0.8501,0.6238,0.2317,14.1907,18.5547,-26.3748
1,driving,-0.8430,0.6191,0.2312,14.2593,18.3334,-26.1307
1,driving,-0.8379,0.6169,0.2341,14.3967,18.1656,-25.7874
1,driving,-0.8413,0.6172,0.2305,14.3051,17.9367,-25.6653
1,driving,-0.8379,0.6094,0.2273,14.1754,17.6163,-25.4898
1,driving,-0.8308,0.6094,0.2312,14.0228,17.3798,-25.4974
1,driving,-0.8335,0.6160,0.2302,13.8626,17.0517,-25.2609
1,driving,-0.8274,0.6013,0.2385,13.7711,16.9067,-25.1465
1,driving,-0.8264,0.5964,0.2385,13.5651,16.6016,-25.1160
1,driving,-0.8232,0.5986,0.2388,13.4888,16.3879,-25.1083
1,driving,-0.8259,0.5942,0.2354,13.4506,16.1972,-25.2075
1,driving,-0.8203,0.5950,0.2310,13.2980,16.0446,-25.0854
1,driving,-0.8115,0.5957,0.2285,13.0157,16.0141,-24.9023
1,driving,-0.8159,0.5925,0.2297,12.8479,16.2201,-24.8108
1,driving,-0.8232,0.5911,0.2354,12.6953,16.3040,-24.8566
1,driving,-0.8181,0.5940,0.2356,12.4512,16.4337,-24.8871
1,driving,-0.8245,0.5862,0.2307,12.2375,16.3574,-24.8260
1,driving,-0.8135,0.5872,0.2334,12.0544,16.3269,-24.8108
1,driving,-0.8120,0.5906,0.2307,11.8942,16.3345,-24.7345
1,driving,-0.8140,0.5859,0.2271,11.9095,16.3269,-24.5819
1,driving,-0.8162,0.5818,0.2332,11.8408,16.3345,-24.4064
1,driving,-0.8145,0.5774,0.2407,11.4288,16.2659,-24.3607
1,driving,-0.8125,0.5759,0.2388,10.9787,16.1514,-24.3301
1,driving,-0.8086,0.5698,0.2439,10.9482,16.0904,-24.3912
1,driving,-0.8118,0.5730,0.2405,10.9863,15.9073,-24.4827
1,driving,-0.8110,0.5710,0.2373,11.0779,15.5792,-24.5361
1,driving,-0.8035,0.5635,0.2383,10.8414,15.2588,-24.6353
1,driving,-0.8081,0.5566,0.2466,10.7498,15.0299,-24.5743
1,driving,-0.8074,0.5522,0.2520,10.9711,14.8926,-24.5895
1,driving,-0.8054,0.5505,0.2522,10.9253,14.8849,-24.8489
1,driving,-0.8059,0.5540,0.2485,10.6964,14.7171,-25.1999
1,driving,-0.8086,0.5530,0.2595,10.6888,14.5874,-25.2380
1,driving,-0.8064,0.5442,0.2544,10.9253,14.3280,-25.2380
1,driving,-0.8059,0.5427,0.2559,10.7880,14.0381,-25.3754
1,driving,-0.8066,0.5447,0.2495,10.8032,13.8855,-25.4288
1,driving,-0.8010,0.5488,0.2444,10.8337,13.8474,-25.6042
1,driving,-0.7935,0.5444,0.2498,10.7803,13.7863,-25.7721
1,driving,-0.7983,0.5396,0.2441,10.7803,13.5956,-25.9705
1,driving,-0.8008,0.5408,0.2449,10.7040,13.5574,-26.1917
1,driving,-0.8003,0.5400,0.2424,10.8185,13.5345,-26.4511
1,driving,-0.8003,0.5374,0.2371,11.1389,13.5727,-26.4435
1,driving,-0.7988,0.5391,0.2319,11.3144,13.4811,-26.4893
1,driving,-0.8027,0.5469,0.2314,11.3297,13.5345,-26.5274
1,driving,-0.8044,0.5437,0.2278,11.4441,13.6261,-26.5121
1,driving,-0.8091,0.5505,0.2271,11.4212,13.3743,-26.7868
1,driving,-0.8047,0.5476,0.2314,11.4822,13.3057,-27.0081
1,driving,-0.8064,0.5496,0.2380,11.6959,13.3133,-27.1149
1,driving,-0.8088,0.5530,0.2305,11.8179,13.4048,-27.1988
1,driving,-0.8081,0.5498,0.2290,11.8866,13.5422,-27.3514
1,driving,-0.8164,0.5542,0.2288,12.0544,13.3514,-27.3590
1,driving,-0.8157,0.5508,0.2278,12.1460,13.2370,-27.3209
1,driving,-0.8186,0.5486,0.2178,12.3291,13.2599,-27.3056
1,driving,-0.8225,0.5544,0.2166,12.4893,13.3438,-27.4963
1,driving,-0.8232,0.5591,0.2224,12.6343,13.2751,-27.4963
1,driving,-0.8247,0.5498,0.2205,12.6419,13.2980,-27.4277
1,driving,-0.8293,0.5518,0.2195,12.6953,13.2980,-27.3666
1,driving,-0.8333,0.5576,0.2092,12.7792,13.3896,-27.4734
1,driving,-0.8289,0.5591,0.2161,12.7487,13.3820,-27.4887
1,driving,-0.8298,0.5657,0.2195,12.7106,13.5956,-27.5497
1,driving,-0.8303,0.5620,0.2139,12.8479,13.7253,-27.5803
1,driving,-0.8369,0.5615,0.2114,12.9623,13.8245,-27.7557
1,driving,-0.8350,0.5620,0.2100,12.8326,13.8702,-27.6260
1,driving,-0.8381,0.5623,0.2061,12.7563,13.9542,-27.3972
1,driving,-0.8379,0.5642,0.2102,12.8250,14.1373,-27.3666
1,driving,-0.8398,0.5715,0.2156,12.8479,14.3967,-27.5879
1,driving,-0.8464,0.5737,0.2126,12.6648,14.3585,-27.5574
1,driving,-0.8447,0.5771,0.2065,12.5809,14.4043,-27.5574
1,driving,-0.8408,0.5750,0.2078,12.5122,14.4424,-27.5803
1,driving,-0.8494,0.5742,0.2168,12.5885,14.6942,-27.6337
1,driving,-0.8499,0.5759,0.2148,12.4969,14.8239,-27.7252
1,driving,-0.8542,0.5779,0.2178,12.2528,14.6866,-27.8244
1,driving,-0.8557,0.5862,0.2161,12.2375,14.6408,-27.7100
1,driving,-0.8584,0.5930,0.2139,12.1155,14.7629,-27.5650
1,driving,-0.8613,0.5994,0.2141,11.9476,14.9002,-27.5192
1,driving,-0.8645,0.5945,0.2175,11.8256,14.9612,-27.4429
1,driving,-0.8748,0.5986,0.2183,11.6806,14.9765,-27.4963
1,driving,-0.8806,0.6003,0.2175,11.4288,15.0681,-27.4353
1,driving,-0.8762,0.6072,0.2183,11.2305,14.9918,-27.2293
1,driving,-0.8796,0.6033,0.2297,11.1084,14.8392,-27.0996
1,driving,-0.8853,0.6084,0.2283,10.9634,14.5950,-27.0081
1,driving,-0.8884,0.6121,0.2319,10.7803,14.5798,-26.9775
1,driving,-0.8901,0.6206,0.2346,10.4980,14.5035,-26.8021
1,driving,-0.8948,0.6199,0.2256,10.2844,14.2593,-26.5656
1,driving,-0.8936,0.6277,0.2329,9.9945,14.0305,-26.4740
1,driving,-0.8975,0.6250,0.2361,9.8724,14.0152,-26.1993
1,driving,-0.9006,0.6289,0.2378,9.8267,13.8168,-25.8179
1,driving,-0.9019,0.6296,0.2427,9.4528,13.5498,-25.7492
1,driving,-0.9031,0.6257,0.2424,9.0332,13.3896,-25.7339
1,driving,-0.8982,0.6301,0.2412,8.7891,13.0081,-25.4974
1,driving,-0.9023,0.6284,0.2502,8.5602,12.7411,-25.1846
1,driving,-0.9097,0.6321,0.2493,8.3694,12.4283,-24.9634
1,driving,-0.9150,0.6399,0.2544,8.1253,12.0621,-24.8947
1,driving,-0.9141,0.6370,0.2512,8.0185,11.7722,-24.5895
1,driving,-0.9192,0.6306,0.2512,7.5989,11.2915,-24.4980
1,driving,-0.9150,0.6350,0.2507,7.3624,10.7574,-24.4522
1,driving,-0.9175,0.6372,0.2590,7.0724,10.5743,-24.2462
1,driving,-0.9204,0.6399,0.2629,6.7444,10.1929,-24.0173
1,driving,-0.9207,0.6448,0.2581,6.7139,9.8190,-23.7274
1,driving,-0.9236,0.6450,0.2590,6.4163,9.5062,-23.4299
1,driving,-0.9280,0.6423,0.2505,6.1874,8.9951,-23.1323
1,driving,-0.9336,0.6462,0.2549,6.0883,8.5373,-23.1628
1,driving,-0.9292,0.6489,0.2576,5.9052,8.2550,-23.1781
1,driving,-0.9316,0.6545,0.2585,5.6610,7.7209,-22.8424
1,driving,-0.9290,0.6553,0.2644,5.3940,7.1640,-22.4915
1,driving,-0.9268,0.6560,0.2593,5.0430,6.8054,-22.2702
1,driving,-0.9280,0.6541,0.2708,4.6768,6.1264,-21.9727
1,driving,-0.9265,0.6523,0.2786,4.3335,5.3940,-21.6217
1,driving,-0.9292,0.6506,0.2690,3.9673,4.7607,-21.3242
1,driving,-0.9287,0.6514,0.2612,3.6926,4.2419,-21.1334
1,driving,-0.9224,0.6514,0.2732,3.3951,3.5706,-21.1182
1,driving,-0.9260,0.6499,0.2695,3.0441,2.8992,-20.9579
1,driving,-0.9260,0.6470,0.2642,2.6703,2.3422,-20.5536
1,driving,-0.9216,0.6453,0.2678,2.2659,1.8921,-20.3323
1,driving,-0.9250,0.6409,0.2688,2.0294,1.4725,-20.2789
1,driving,-0.9263,0.6428,0.2617,1.9684,1.1292,-20.1569
1,driving,-0.9248,0.6389,0.2551,1.8234,0.5188,-20.0806
1,driving,-0.9207,0.6323,0.2605,1.4038,0.1068,-19.8669
1,driving,-0.9146,0.6294,0.2578,1.0605,-0.1068,-19.5999
1,driving,-0.9160,0.6335,0.2576,0.8850,-0.5264,-19.4168
1,driving,-0.9080,0.6355,0.2542,0.7706,-1.0071,-19.3634
1,driving,-0.9150,0.6289,0.2456,0.5188,-1.4801,-19.3100
1,driving,-0.9146,0.6313,0.2444,0.3738,-1.8616,-19.3253
1,driving,-0.9133,0.6240,0.2480,0.2899,-2.3499,-19.2719
1,driving,-0.9104,0.6201,0.2495,0.2899,-2.6855,-19.3100
1,driving,-0.9136,0.6194,0.2524,0.1373,-3.0136,-19.1879
1,driving,-0.9177,0.6162,0.2539,0.0839,-3.3340,-19.1345
1,driving,-0.9160,0.6196,0.2507,-0.2441,-3.7079,-18.9438
1,driving,-0.9165,0.6150,0.2451,-0.3738,-4.1885,-18.8522
1,driving,-0.9177,0.6118,0.2485,-0.2975,-4.7379,-18.8675
1,driving,-0.9087,0.6084,0.2415,-0.2823,-5.1270,-18.9896
1,driving,-0.9097,0.6057,0.2385,-0.3586,-5.5542,-19.1116
1,driving,-0.9075,0.6082,0.2366,-0.5569,-5.7755,-19.1498
1,driving,-0.9028,0.6074,0.2419,-0.6714,-5.9738,-18.9667
1,driving,-0.9067,0.6101,0.2373,-0.6790,-6.2866,-18.6920
1,driving,-0.9072,0.6138,0.2268,-0.8545,-6.5308,-18.8141
1,driving,-0.9028,0.6135,0.2229,-0.7935,-6.3553,-18.8065
1,driving,-0.9021,0.6140,0.2197,-0.7477,-6.2866,-18.7378
1,driving,-0.9028,0.6143,0.2151,-1.0071,-6.5308,-18.6691
1,driving,-0.9026,0.6094,0.2158,-1.1749,-6.6986,-18.6691
1,driving,-0.8977,0.6118,0.2070,-0.8621,-6.5842,-18.6005
1,driving,-0.9041,0.6133,0.2024,-0.7553,-6.4240,-18.4479
1,driving,-0.9062,0.6121,0.1992,-0.8392,-6.4774,-18.6539
1,driving,-0.9065,0.6099,0.1873,-0.8316,-6.2866,-18.5013
1,driving,-0.9045,0.6089,0.1848,-0.6866,-6.0425,-18.4326
1,driving,-0.9055,0.6064,0.1924,-0.5646,-5.9357,-18.2648
1,driving,-0.9026,0.6067,0.1897,-0.5493,-5.8823,-18.3487
1,driving,-0.9109,0.6025,0.1833,-0.6485,-5.6152,-18.3640
1,driving,-0.9075,0.6072,0.1780,-0.4883,-5.3177,-18.2571
1,driving,-0.9109,0.6106,0.1819,-0.5188,-5.0354,-18.2114
1,driving,-0.9077,0.6145,0.1785,-0.5646,-4.6082,-18.1274
1,driving,-0.9133,0.6208,0.1743,-0.6561,-4.1656,-18.0130
1,driving,-0.9104,0.6243,0.1772,-0.6332,-3.8147,-17.8604
1,driving,-0.9119,0.6294,0.1804,-0.7095,-3.6163,-17.8680
1,driving,-0.9202,0.6355,0.1780,-0.8392,-3.3569,-17.8909
1,driving,-0.9243,0.6353,0.1780,-0.7858,-2.8305,-17.8299
1,driving,-0.9219,0.6362,0.1714,-0.7858,-2.2125,-17.6239
1,driving,-0.9268,0.6367,0.1628,-0.8240,-1.8311,-17.2729
1,driving,-0.9246,0.6428,0.1638,-0.9308,-1.6022,-17.0593
1,driving,-0.9236,0.6440,0.1758,-1.1063,-1.2589,-16.7618
1,driving,-0.9292,0.6450,0.1812,-1.2207,-0.7095,-16.4108
1,driving,-0.9360,0.6462,0.1873,-1.2283,-0.2594,-16.2506
1,driving,-0.9421,0.6509,0.1775,-1.2665,-0.0076,-16.0599
1,driving,-0.9460,0.6536,0.1807,-1.3428,0.1297,-15.7242
1,driving,-0.9514,0.6521,0.1858,-1.4725,0.4959,-15.4266
1,driving,-0.9512,0.6545,0.1860,-1.4420,0.9079,-15.1138
1,driving,-0.9531,0.6614,0.1868,-1.3733,1.4648,-14.8773
1,driving,-0.9575,0.6606,0.1824,-1.6251,1.8387,-14.8010
1,driving,-0.9604,0.6641,0.1836,-1.7700,2.1210,-14.4196
1,driving,-0.9658,0.6697,0.1914,-1.7319,2.1286,-14.0076
1,driving,-0.9688,0.6711,0.1958,-1.7929,2.2507,-13.6719
1,driving,-0.9734,0.6746,0.2017,-1.9150,2.5864,-13.1989
1,driving,-0.9783,0.6772,0.2117,-2.1362,2.9602,-12.7792
1,driving,-0.9763,0.6758,0.2041,-2.2049,3.1891,-12.3291
1,driving,-0.9783,0.6758,0.2043,-2.1210,3.3875,-11.9019
1,driving,-0.9810,0.6824,0.2126,-2.0981,3.4027,-11.5814
1,driving,-0.9778,0.6851,0.2141,-2.2736,3.4103,-11.2762
1,driving,-0.9839,0.6880,0.2197,-2.5101,3.3798,-10.8109
1,driving,-0.9922,0.6887,0.2146,-2.6474,3.3112,-10.3531
1,driving,-0.9937,0.6892,0.2102,-2.7161,3.0670,-9.9716
1,driving,-0.9971,0.6855,0.2258,-2.7008,2.9526,-9.4833
1,driving,-1.0027,0.6831,0.2246,-2.7390,2.7924,-9.1400
1,driving,-1.0095,0.6858,0.2324,-2.7466,2.4338,-8.8501
1,driving,-1.0061,0.6909,0.2307,-2.8610,2.1820,-8.5373
1,driving,-1.0061,0.6912,0.2339,-3.1281,1.8082,-8.0261
1,driving,-1.0078,0.6912,0.2329,-3.1509,1.4954,-7.7744
1,driving,-1.0085,0.6924,0.2395,-3.3340,1.2970,-7.4158
1,driving,-1.0081,0.6853,0.2349,-3.5172,0.9995,-6.9275
1,driving,-1.0142,0.6890,0.2419,-3.5553,0.6638,-6.4621
1,driving,-1.0200,0.6953,0.2417,-3.7308,0.3586,-6.0120
1,driving,-1.0190,0.7009,0.2346,-4.0207,0.0153,-5.7297
1,driving,-1.0166,0.6997,0.2419,-4.2114,-0.3738,-5.3482
1,driving,-1.0178,0.6997,0.2463,-4.5319,-0.6943,-5.0125
1,driving,-1.0195,0.7009,0.2451,-4.8065,-1.0910,-4.5242
1,driving,-1.0188,0.6978,0.2415,-4.9820,-1.2207,-3.9444
1,driving,-1.0215,0.6997,0.2434,-5.1117,-1.5793,-3.4714
1,driving,-1.0200,0.6956,0.2432,-5.3177,-2.1439,-3.2120
1,driving,-1.0212,0.6963,0.2361,-5.4169,-2.4567,-2.8687
1,driving,-1.0215,0.7014,0.2412,-5.5389,-2.7466,-2.4185
1,driving,-1.0225,0.6919,0.2407,-5.7831,-3.0289,-2.0828
1,driving,-1.0188,0.6919,0.2434,-5.8823,-3.2883,-1.6785
1,driving,-1.0181,0.6924,0.2424,-5.9738,-3.8071,-1.2741
1,driving,-1.0183,0.6902,0.2378,-5.9967,-4.0588,-0.9308
1,driving,-1.0168,0.6836,0.2417,-6.0577,-4.1733,-0.6256
1,driving,-1.0210,0.6902,0.2361,-6.3019,-4.4174,-0.1907
1,driving,-1.0183,0.6897,0.2393,-6.4392,-4.7226,0.0610
1,driving,-1.0203,0.6831,0.2471,-6.4392,-5.0354,0.2747
1,driving,-1.0210,0.6858,0.2466,-6.3934,-5.3253,0.4349
1,driving,-1.0171,0.6873,0.2476,-6.4087,-5.5008,0.7553
1,driving,-1.0139,0.6890,0.2378,-6.4316,-5.8899,1.2436
1,driving,-1.0164,0.6912,0.2375,-6.5536,-6.2332,1.6403
1,driving,-1.0125,0.6897,0.2378,-6.6071,-6.4087,1.9989
1,driving,-1.0103,0.6890,0.2454,-6.6681,-6.6071,2.4261
1,driving,-1.0151,0.6848,0.2419,-6.7291,-6.9580,2.5940
1,driving,-1.0159,0.6895,0.2434,-6.7520,-7.4387,2.7237
1,driving,-1.0176,0.6860,0.2480,-6.7673,-7.7591,3.1204
1,driving,-1.0115,0.6877,0.2371,-6.9046,-7.7972,3.3417
1,driving,-1.0085,0.6807,0.2292,-6.9046,-7.9193,3.7689
1,driving,-1.0061,0.6799,0.2339,-6.9656,-7.9269,4.0131
1,driving,-1.0044,0.6819,0.2329,-7.0267,-8.0490,4.1885
1,driving,-1.0078,0.6792,0.2292,-7.0343,-8.4763,4.3945
1,driving,-1.0071,0.6770,0.2175,-7.0801,-8.6517,4.8141
1,driving,-1.0015,0.6777,0.2227,-7.2861,-8.6899,5.0659
1,driving,-1.0046,0.6785,0.2312,-7.3090,-8.8348,5.3482
1,driving,-1.0002,0.6719,0.2197,-7.3242,-9.0027,5.6610
1,driving,-0.9983,0.6714,0.2139,-7.2861,-8.9874,5.6610
1,driving,-0.9966,0.6726,0.2190,-7.3318,-9.0485,5.7831
1,driving,-1.0022,0.6748,0.2209,-7.4158,-9.1324,6.0730
1,driving,-0.9971,0.6746,0.2073,-7.4615,-9.2316,6.4621
1,driving,-0.9985,0.6733,0.2119,-7.6065,-9.3231,6.7825
1,driving,-1.0012,0.6736,0.2161,-7.7438,-9.1629,7.1106
1,driving,-0.9988,0.6799,0.2173,-7.6447,-9.3155,7.4692
1,driving,-0.9922,0.6799,0.2153,-7.5989,-9.5291,7.5989
1,driving,-0.9939,0.6816,0.2048,-7.6065,-9.6359,7.9422
1,driving,-0.9963,0.6760,0.2070,-7.6752,-9.6359,8.2321
1,driving,-0.9973,0.6743,0.2056,-7.7515,-9.7198,8.4610
1,driving,-0.9944,0.6775,0.2043,-7.7591,-9.7809,8.7128
1,driving,-0.9937,0.6812,0.2029,-7.6370,-10.0403,8.9493
1,driving,-1.0005,0.6851,0.2104,-7.5912,-10.2768,9.0485
1,driving,-1.0049,0.6772,0.2104,-7.6294,-10.4446,9.2621
1,driving,-1.0039,0.6794,0.2021,-7.8430,-10.6506,9.5520
1,driving,-1.0046,0.6821,0.2063,-8.1100,-10.7422,9.7427
1,driving,-0.9990,0.6804,0.2073,-8.2703,-10.7422,9.8495
1,driving,-0.9978,0.6814,0.2024,-8.4915,-10.7880,10.1700
1,driving,-1.0034,0.6853,0.1997,-8.5068,-11.0245,10.5591
1,driving,-0.9976,0.6853,0.2053,-8.6136,-11.0931,10.8871
1,driving,-0.9995,0.6851,0.2024,-8.8730,-11.1618,11.0855
1,driving,-1.0032,0.6868,0.1968,-9.1934,-11.2228,11.3525
1,driving,-1.0029,0.6909,0.2012,-9.4070,-11.1465,11.5662
1,driving,-1.0039,0.6926,0.2012,-9.6054,-11.2305,11.9019
1,driving,-1.0054,0.6904,0.2070,-9.7580,-11.3144,12.2375
1,driving,-1.0042,0.6917,0.2051,-9.9716,-11.5738,12.3138
1,driving,-1.0049,0.6865,0.1992,-10.3149,-11.6272,12.6190
1,driving,-1.0093,0.6909,0.2009,-10.6430,-11.5814,12.8784
1,driving,-1.0122,0.6897,0.2092,-10.8719,-11.6730,13.1683
1,driving,-1.0061,0.6863,0.2051,-11.1008,-11.7416,13.4583
1,driving,-1.0071,0.6902,0.2017,-11.2228,-11.8179,13.6337
1,driving,-1.0105,0.6917,0.2117,-11.5128,-11.9095,13.9771
1,driving,-1.0076,0.6917,0.2100,-11.8408,-12.0087,14.2365
1,driving,-1.0088,0.6936,0.2188,-12.0850,-12.2681,14.5569
1,driving,-1.0112,0.6997,0.2090,-12.2833,-12.5122,14.9231
1,driving,-1.0107,0.6995,0.2112,-12.7106,-12.5046,15.2969
1,driving,-1.0137,0.6978,0.2104,-13.0692,-12.6343,15.5869
1,driving,-1.0166,0.6987,0.2095,-13.2751,-12.8555,15.8844
1,driving,-1.0146,0.7007,0.2112,-13.4277,-13.0234,16.0904
1,driving,-1.0161,0.6946,0.2095,-13.6414,-13.1989,16.3879
1,driving,-1.0176,0.6970,0.2178,-13.8855,-13.3514,16.6626
1,driving,-1.0181,0.6987,0.2168,-14.2593,-13.5269,16.9373
1,driving,-1.0215,0.6973,0.2253,-14.6103,-13.7634,17.3950
1,driving,-1.0205,0.6912,0.2273,-15.0986,-14.3051,17.7078
1,driving,-1.0183,0.6929,0.2327,-15.3961,-14.6103,17.8909
1,driving,-1.0166,0.6921,0.2361,-15.6631,-14.7705,18.2343
1,driving,-1.0259,0.6934,0.2307,-15.7928,-15.1138,18.5776
1,driving,-1.0215,0.6978,0.2354,-16.3345,-15.4037,18.8065
1,driving,-1.0149,0.6943,0.2363,-16.7542,-15.7852,19.0887
1,driving,-1.0117,0.6902,0.2444,-16.8381,-16.1057,19.3253
1,driving,-1.0120,0.6907,0.2402,-17.1585,-16.6168,19.5389
1,driving,-1.0183,0.6946,0.2458,-17.6163,-17.0288,19.6991
1,driving,-1.0220,0.6804,0.2439,-18.1122,-17.3721,19.7754
1,driving,-1.0159,0.6819,0.2317,-18.3640,-17.8452,20.0119
1,driving,-1.0122,0.6794,0.2444,-18.6081,-18.3640,20.3171
1,driving,-1.0164,0.6797,0.2546,-18.8217,-18.8980,20.5612
1,driving,-1.0168,0.6790,0.2524,-19.1040,-19.4321,20.7748
1,driving,-1.0137,0.6780,0.2483,-19.3939,-19.8364,20.8588
1,driving,-1.0142,0.6794,0.2454,-19.7830,-20.3934,21.0876
1,driving,-1.0110,0.6836,0.2490,-20.1950,-20.8511,21.3547
1,driving,-1.0137,0.6843,0.2556,-20.5383,-21.3089,21.6370
1,driving,-1.0098,0.6816,0.2588,-20.6833,-21.7514,21.6599
1,driving,-1.0007,0.6838,0.2603,-21.0190,-22.2931,21.8964
1,driving,-1.0093,0.6809,0.2642,-21.3318,-22.8653,22.2015
1,driving,-1.0144,0.6775,0.2646,-21.6064,-23.4680,22.4457
1,driving,-1.0093,0.6775,0.2625,-22.1024,-24.0860,22.5906
1,driving,-1.0164,0.6729,0.2695,-22.4457,-24.5819,22.6746
1,driving,-1.0100,0.6704,0.2756,-22.6898,-25.1083,22.7280
1,driving,-1.0117,0.6643,0.2764,-23.1552,-25.6424,22.9340
1,driving,-1.0129,0.6680,0.2737,-23.5443,-26.2604,23.0560
1,driving,-1.0129,0.6702,0.2737,-23.8724,-26.8097,23.2239
1,driving,-1.0122,0.6682,0.2776,-24.2462,-27.4124,23.4985
1,driving,-1.0088,0.6687,0.2778,-24.6048,-27.9770,23.7656
1,driving,-1.0081,0.6646,0.2759,-24.9481,-28.5187,23.7579
1,driving,-1.0090,0.6633,0.2810,-25.1999,-28.9688,23.8342
1,driving,-1.0032,0.6621,0.2798,-25.4898,-29.4876,23.9563
1,driving,-1.0066,0.6658,0.2822,-25.8865,-29.9759,24.1165
1,driving,-1.0110,0.6650,0.2791,-26.1993,-30.5710,24.2920
1,driving,-1.0054,0.6680,0.2839,-26.5198,-31.2195,24.5972
1,driving,-1.0054,0.6643,0.2844,-26.8478,-31.5704,24.6353
1,driving,-1.0063,0.6675,0.2856,-27.1988,-31.8680,24.7955
1,driving,-1.0000,0.6675,0.2795,-27.5269,-32.5241,25.1312
1,driving,-1.0020,0.6665,0.2727,-27.8473,-33.2108,25.4364
1,driving,-1.0056,0.6631,0.2756,-28.1067,-33.5846,25.5356
1,driving,-1.0085,0.6628,0.2771,-28.5110,-33.9661,25.5966
1,driving,-1.0059,0.6675,0.2805,-28.8849,-34.3094,25.7950
1,driving,-1.0063,0.6665,0.2852,-29.1595,-34.7366,25.9781
1,driving,-1.0071,0.6646,0.2905,-29.4876,-35.1639,26.2527
1,driving,-1.0107,0.6631,0.2947,-29.7241,-35.7437,26.5274
1,driving,-0.9995,0.6658,0.2891,-29.9759,-36.2244,26.8250
1,driving,-1.0037,0.6614,0.2903,-30.1361,-36.4914,27.0767
1,driving,-1.0054,0.6643,0.2883,-30.3726,-36.7966,27.3056
1,driving,-1.0024,0.6665,0.2844,-30.7159,-37.2314,27.4658
1,driving,-1.0000,0.6628,0.2898,-30.8609,-37.7045,27.6031
1,driving,-0.9995,0.6648,0.2878,-31.0440,-38.1317,28.0457
1,driving,-0.9983,0.6631,0.2837,-31.2271,-38.4445,28.3813
1,driving,-0.9971,0.6589,0.2822,-31.4484,-38.8489,28.6789
1,driving,-1.0029,0.6597,0.2844,-31.6391,-39.2227,28.8696
1,driving,-1.0002,0.6616,0.2896,-31.9138,-39.4363,29.1901
1,driving,-1.0027,0.6628,0.2925,-32.1579,-39.7263,29.4800
1,driving,-0.9995,0.6582,0.2898,-32.3334,-40.1764,29.8157
1,driving,-0.9932,0.6614,0.2852,-32.3792,-40.5197,29.8615
1,driving,-0.9988,0.6543,0.2913,-32.5241,-40.8630,29.9683
1,driving,-0.9915,0.6519,0.2856,-32.6385,-41.2140,30.4565
1,driving,-0.9883,0.6511,0.2859,-32.8369,-41.4658,30.8075
1,driving,-0.9854,0.6504,0.2922,-32.9514,-41.6031,30.9753
1,driving,-0.9856,0.6541,0.2893,-33.0734,-41.8320,31.2958
1,driving,-0.9858,0.6521,0.2881,-33.3099,-42.0914,31.4484
1,driving,-0.9819,0.6519,0.2905,-33.3481,-42.4423,31.6315
1,driving,-0.9832,0.6523,0.2859,-33.4396,-42.7246,32.0053
1,driving,-0.9844,0.6562,0.2920,-33.7524,-42.8925,32.3029
1,driving,-0.9817,0.6555,0.2971,-33.7982,-43.1595,32.5546
1,driving,-0.9832,0.6572,0.3032,-33.9050,-43.6401,32.7377
1,driving,-0.9812,0.6589,0.2991,-34.0729,-43.8843,33.0200
1,driving,-0.9778,0.6521,0.3022,-34.1034,-44.2200,33.2642
1,driving,-0.9780,0.6501,0.3088,-33.9432,-44.6625,33.5083
1,driving,-0.9778,0.6497,0.3088,-34.2255,-45.0821,33.9050
1,driving,-0.9795,0.6472,0.3123,-34.4925,-45.2499,34.1949
1,driving,-0.9800,0.6479,0.3083,-34.5001,-45.5627,34.3552
1,driving,-0.9790,0.6416,0.3057,-34.5306,-46.0587,34.5154
1,driving,-0.9768,0.6399,0.2993,-34.5535,-46.5393,34.6375
1,driving,-0.9731,0.6448,0.3105,-34.5917,-46.8292,34.7824
1,driving,-0.9761,0.6477,0.3149,-34.8511,-47.0886,34.9503
1,driving,-0.9717,0.6479,0.3174,-35.0342,-47.5235,35.1257
1,driving,-0.9663,0.6440,0.3098,-35.1028,-47.9279,35.4309
1,driving,-0.9595,0.6423,0.3035,-35.2631,-48.3627,35.7437
1,driving,-0.9673,0.6450,0.3030,-35.4919,-48.6679,36.1176
1,driving,-0.9578,0.6465,0.3005,-35.6140,-48.8358,36.2778
1,driving,-0.9543,0.6450,0.3040,-35.8276,-49.1257,36.4838
1,driving,-0.9543,0.6458,0.2998,-36.0947,-49.5224,36.6516
1,driving,-0.9590,0.6414,0.2976,-36.1252,-49.6902,36.7661
1,driving,-0.9561,0.6362,0.3015,-36.2778,-49.9649,37.1017
1,driving,-0.9536,0.6396,0.2974,-36.3770,-50.1938,37.3459
1,driving,-0.9514,0.6467,0.3044,-36.4609,-50.4684,37.5824
1,driving,-0.9482,0.6431,0.3074,-36.3846,-50.6058,37.8036
1,driving,-0.9480,0.6348,0.3032,-36.5906,-50.6744,37.9486
1,driving,-0.9482,0.6367,0.3101,-36.8958,-50.8499,38.1927
1,driving,-0.9448,0.6428,0.3057,-37.0789,-50.9338,38.4979
1,driving,-0.9495,0.6345,0.2991,-36.9873,-51.0635,38.7421
1,driving,-0.9436,0.6360,0.3093,-36.9034,-51.2924,39.0015
1,driving,-0.9404,0.6345,0.3054,-37.0026,-51.5900,39.1617
1,driving,-0.9397,0.6372,0.2942,-37.1017,-51.9562,39.4821
1,driving,-0.9368,0.6353,0.3083,-37.1246,-52.0172,39.6652
1,driving,-0.9314,0.6382,0.3076,-37.3306,-52.0096,40.1764
1,driving,-0.9373,0.6372,0.3149,-37.4832,-52.1698,40.3595
1,driving,-0.9309,0.6353,0.3069,-37.3611,-52.3453,40.5121
1,driving,-0.9302,0.6428,0.3025,-37.2620,-52.6428,40.8325
1,driving,-0.9304,0.6348,0.3093,-37.3764,-52.8107,40.9164
1,driving,-0.9277,0.6318,0.3159,-37.4069,-52.8488,41.0919
1,driving,-0.9238,0.6304,0.3157,-37.4298,-53.1158,41.5649
1,driving,-0.9309,0.6340,0.3145,-37.5366,-53.2761,42.0303
1,driving,-0.9282,0.6292,0.3159,-37.6816,-53.3524,42.1371
1,driving,-0.9211,0.6262,0.3176,-37.5671,-53.4744,42.2363
1,driving,-0.9285,0.6233,0.3174,-37.4451,-53.6880,42.5186
1,driving,-0.9202,0.6252,0.3269,-37.4069,-53.7415,42.8162
1,driving,-0.9167,0.6189,0.3181,-37.1857,-53.5889,42.9382
1,driving,-0.9158,0.6226,0.3142,-36.9644,-53.8635,43.2816
1,driving,-0.9099,0.6267,0.3174,-36.8271,-53.9703,43.4799
1,driving,-0.9084,0.6248,0.3130,-36.9186,-53.8864,43.9224
1,driving,-0.9099,0.6262,0.3215,-36.9949,-53.9169,44.1132
1,driving,-0.9058,0.6204,0.3174,-36.6592,-53.9474,44.1971
1,driving,-0.8958,0.6233,0.3210,-36.6058,-54.1229,44.3115
1,driving,-0.9014,0.6262,0.3223,-36.4914,-54.3365,44.3420
1,driving,-0.8984,0.6238,0.3301,-36.3235,-54.4052,44.6091
1,driving,-0.8953,0.6257,0.3303,-36.1328,-54.6341,44.8227
1,driving,-0.8962,0.6270,0.3193,-36.0565,-55.0537,45.1431
1,driving,-0.8958,0.6292,0.3235,-35.9344,-55.1224,45.2881
1,driving,-0.8916,0.6289,0.3242,-35.6903,-55.2216,45.6467
1,driving,-0.8904,0.6260,0.3223,-35.4843,-55.5267,46.0205
1,driving,-0.8896,0.6304,0.3232,-35.4691,-55.8472,46.1807
1,driving,-0.8926,0.6340,0.3220,-35.4309,-55.9998,46.3181
1,driving,-0.8950,0.6318,0.3289,-35.2554,-56.0837,46.5393
1,driving,-0.8933,0.6338,0.3098,-35.0342,-56.2363,46.9055
1,driving,-0.8879,0.6270,0.3076,-35.0266,-56.2973,47.1954
1,driving,-0.8855,0.6313,0.3125,-35.0800,-56.4194,47.4930
1,driving,-0.8865,0.6360,0.3181,-34.9579,-56.7474,47.8363
1,driving,-0.8855,0.6340,0.3135,-35.0342,-56.7932,48.1033
1,driving,-0.8850,0.6375,0.3098,-35.0266,-56.6101,48.3551
1,driving,-0.8813,0.6389,0.3064,-35.1791,-56.4423,48.5153
1,driving,-0.8833,0.6458,0.3113,-35.3165,-56.3660,48.7823
1,driving,-0.8779,0.6406,0.3108,-35.3012,-56.3889,49.1104
1,driving,-0.8740,0.6387,0.3135,-35.2707,-56.2973,49.5605
1,driving,-0.8721,0.6404,0.3174,-35.3165,-56.1981,49.7894
1,driving,-0.8704,0.6458,0.3213,-35.3851,-56.0989,50.1175
1,driving,-0.8716,0.6458,0.3250,-35.4156,-56.1447,50.4608
1,driving,-0.8706,0.6433,0.3262,-35.4767,-56.2363,50.7355
1,driving,-0.8684,0.6431,0.3176,-35.5225,-56.2057,50.9796
1,driving,-0.8596,0.6438,0.3250,-35.6369,-56.1523,51.2695
1,driving,-0.8638,0.6389,0.3264,-35.7666,-56.1066,51.4984
1,driving,-0.8691,0.6365,0.3313,-35.7208,-56.2592,51.8570
1,driving,-0.8674,0.6355,0.3269,-35.5835,-56.4423,52.0859
1,driving,-0.8677,0.6401,0.3210,-35.8353,-56.3889,52.3148
1,driving,-0.8647,0.6433,0.3259,-35.9497,-56.2897,52.7420
1,driving,-0.8621,0.6499,0.3279,-35.8810,-56.4499,53.2761
1,driving,-0.8613,0.6521,0.3271,-35.9879,-56.6635,53.5126
1,driving,-0.8669,0.6506,0.3315,-36.1862,-56.8008,53.8406
1,driving,-0.8604,0.6494,0.3376,-36.1786,-56.6711,54.1153
1,driving,-0.8604,0.6548,0.3303,-36.0413,-56.5262,54.3137
1,driving,-0.8557,0.6580,0.3347,-36.1404,-56.5109,54.5197
1,driving,-0.8569,0.6582,0.3347,-36.1023,-56.5414,54.8935
1,driving,-0.8572,0.6587,0.3286,-36.2473,-56.6711,55.0079
1,driving,-0.8582,0.6658,0.3311,-36.4838,-56.7398,55.3207
1,driving,-0.8618,0.6689,0.3313,-36.5295,-56.7474,55.7022
1,driving,-0.8611,0.6704,0.3406,-36.6058,-56.9305,55.8853
1,driving,-0.8525,0.6689,0.3340,-36.8652,-57.0374,56.2744
1,driving,-0.8547,0.6770,0.3276,-37.2925,-57.4341,56.5872
1,driving,-0.8491,0.6741,0.3274,-37.5671,-57.6324,56.8390
1,driving,-0.8506,0.6716,0.3325,-37.7502,-57.8842,57.1518
1,driving,-0.8513,0.6724,0.3337,-38.1546,-58.2428,57.5485
1,driving,-0.8489,0.6790,0.3347,-38.5971,-58.6014,57.9529
1,driving,-0.8564,0.6748,0.3381,-39.0472,-58.9371,58.1741
1,driving,-0.8542,0.6809,0.3357,-39.4745,-59.0363,58.5251
1,driving,-0.8484,0.6836,0.3279,-40.0314,-59.0057,58.9905
1,driving,-0.8433,0.6826,0.3232,-40.5960,-59.2346,59.4482
1,driving,-0.8464,0.6736,0.3254,-41.1072,-59.5245,59.8221
1,driving,-0.8484,0.6794,0.3293,-41.5115,-59.3719,60.1273
1,driving,-0.8396,0.6768,0.3242,-41.9540,-59.4406,60.4782
1,driving,-0.8342,0.6746,0.3159,-42.2821,-59.6619,60.6689
1,driving,-0.8354,0.6731,0.3203,-42.8009,-59.5474,60.9055
1,driving,-0.8379,0.6685,0.3276,-43.1595,-59.3262,61.2335
1,driving,-0.8323,0.6689,0.3335,-43.4494,-59.2346,61.6608
1,driving,-0.8267,0.6658,0.3364,-43.8385,-59.4177,61.8744
1,driving,-0.8232,0.6643,0.3357,-43.9453,-59.5703,62.0956
1,driving,-0.8247,0.6650,0.3347,-44.1208,-59.5169,62.1490
1,driving,-0.8232,0.6614,0.3413,-44.4183,-59.3719,62.4542
1,driving,-0.8245,0.6565,0.3462,-44.7693,-59.3414,62.5992
1,driving,-0.8208,0.6538,0.3511,-45.0134,-59.2499,62.6678
1,driving,-0.8223,0.6489,0.3584,-45.1508,-59.2804,62.7441
1,driving,-0.8181,0.6479,0.3582,-45.2194,-59.3643,62.8433
1,driving,-0.8220,0.6438,0.3540,-45.3644,-59.7916,62.9501
1,driving,-0.8154,0.6484,0.3572,-45.5551,-59.9747,63.1866
1,driving,-0.8101,0.6433,0.3618,-45.6696,-59.9747,63.4155
1,driving,-0.8108,0.6353,0.3645,-45.7001,-59.9823,63.7131
1,driving,-0.8145,0.6313,0.3606,-45.8069,-60.2036,63.7970
1,driving,-0.8010,0.6348,0.3589,-45.8450,-60.4248,63.7054
1,driving,-0.8032,0.6326,0.3613,-45.9976,-60.5621,63.6139
1,driving,-0.8035,0.6372,0.3640,-45.8908,-60.6766,63.6292
1,driving,-0.8000,0.6316,0.3682,-45.9595,-60.8826,63.6749
1,driving,-0.8018,0.6313,0.3647,-45.9061,-61.0123,63.7054
1,driving,-0.8003,0.6279,0.3716,-45.7535,-61.2793,63.7436
1,driving,-0.8027,0.6265,0.3828,-45.8145,-61.6150,63.8046
1,driving,-0.7939,0.6267,0.3718,-45.9213,-62.0346,63.6597
1,driving,-0.7903,0.6289,0.3801,-45.9213,-62.4084,63.4384
1,driving,-0.7874,0.6277,0.3777,-45.8908,-62.4619,63.4155
1,driving,-0.7881,0.6284,0.3840,-45.8374,-62.5992,63.5223
1,driving,-0.7903,0.6282,0.3879,-45.9976,-62.9654,63.7054
1,driving,-0.7878,0.6252,0.3870,-46.1807,-63.4689,63.5605
1,driving,-0.7864,0.6238,0.3887,-46.2036,-63.8733,63.4003
1,driving,-0.7856,0.6279,0.3916,-46.3486,-64.2471,63.3011
1,driving,-0.7883,0.6284,0.3950,-46.4630,-64.6591,63.2858
1,driving,-0.7817,0.6252,0.3977,-46.6232,-65.1093,63.3163
1,driving,-0.7842,0.6255,0.4023,-46.7072,-65.6204,63.3850
1,driving,-0.7739,0.6248,0.4048,-47.0657,-65.8951,63.4003
1,driving,-0.7751,0.6213,0.4116,-47.5616,-66.4291,63.2019
1,driving,-0.7693,0.6233,0.4141,-47.8058,-66.8488,63.0875
1,driving,-0.7673,0.6240,0.4041,-47.9736,-67.2073,63.0875
1,driving,-0.7710,0.6211,0.4055,-48.2483,-67.6422,63.0646
1,driving,-0.7761,0.6201,0.4153,-48.5458,-68.1915,63.0035
1,driving,-0.7700,0.6157,0.4214,-48.7213,-68.5806,62.6907
1,driving,-0.7693,0.6223,0.4265,-48.9426,-68.9011,62.5458
1,driving,-0.7688,0.6223,0.4194,-49.2783,-69.0918,62.2635
1,driving,-0.7698,0.6147,0.4199,-49.5911,-69.7098,62.0956
1,driving,-0.7668,0.6191,0.4268,-49.6902,-70.0684,61.9888
1,driving,-0.7688,0.6226,0.4233,-49.8962,-70.3735,61.8515
1,driving,-0.7605,0.6230,0.4202,-50.2472,-70.4803,61.7065
1,driving,-0.7578,0.6235,0.4175,-50.6439,-70.7321,61.6760
1,driving,-0.7559,0.6279,0.4207,-50.7202,-70.9000,61.7828
1,driving,-0.7573,0.6262,0.4241,-50.9949,-70.9839,61.5845
1,driving,-0.7610,0.6274,0.4277,-51.4832,-71.2738,61.5234
1,driving,-0.7554,0.6267,0.4329,-51.8646,-71.6629,61.5463
1,driving,-0.7522,0.6299,0.4302,-52.1774,-71.8155,61.6074
1,driving,-0.7493,0.6323,0.4309,-52.3987,-72.0901,61.6684
1,driving,-0.7493,0.6301,0.4304,-52.7344,-72.3267,61.6455
1,driving,-0.7434,0.6318,0.4346,-52.8870,-72.5250,61.5005
1,driving,-0.7412,0.6316,0.4326,-53.1998,-72.8760,61.5540
1,driving,-0.7427,0.6318,0.4353,-53.4897,-73.1354,61.6837
1,driving,-0.7410,0.6394,0.4392,-53.7949,-73.2269,61.5997
1,driving,-0.7427,0.6345,0.4395,-53.9474,-73.0743,61.8515
1,driving,-0.7375,0.6355,0.4470,-54.2221,-73.2422,62.0499
1,driving,-0.7385,0.6365,0.4463,-54.4281,-73.6389,62.0804
1,driving,-0.7327,0.6340,0.4482,-54.6188,-73.7152,62.0880
1,driving,-0.7283,0.6323,0.4468,-54.6570,-73.5092,62.0804
1,driving,-0.7253,0.6321,0.4399,-54.7638,-73.5931,62.1948
1,driving,-0.7207,0.6265,0.4429,-54.7791,-73.8449,62.4313
1,driving,-0.7205,0.6265,0.4456,-54.7104,-74.0891,62.4237
1,driving,-0.7234,0.6318,0.4500,-54.7409,-74.2416,62.5458
1,driving,-0.7234,0.6372,0.4502,-54.7333,-74.2493,62.6144
1,driving,-0.7209,0.6343,0.4512,-54.7104,-74.0891,62.7213
1,driving,-0.7190,0.6287,0.4468,-54.7256,-74.0204,62.8662
1,driving,-0.7104,0.6262,0.4536,-54.7638,-74.2416,62.9578
1,driving,-0.7065,0.6360,0.4541,-54.8401,-74.5163,62.9807
1,driving,-0.7092,0.6375,0.4524,-54.9088,-74.6536,63.0875
1,driving,-0.7061,0.6309,0.4551,-54.8172,-74.6841,63.2629
1,driving,-0.7029,0.6272,0.4558,-54.6799,-74.7910,63.4003
1,driving,-0.6980,0.6277,0.4563,-54.6188,-74.9207,63.3850
1,driving,-0.6948,0.6294,0.4526,-54.6188,-74.9817,63.4232
1,driving,-0.6985,0.6287,0.4609,-54.5731,-75.2563,63.5071
1,driving,-0.6980,0.6272,0.4624,-54.5578,-75.4852,63.6978
1,driving,-0.6924,0.6282,0.4583,-54.4815,-75.6073,63.8809
1,driving,-0.6897,0.6299,0.4631,-54.5425,-75.5844,64.0793
1,driving,-0.6863,0.6230,0.4668,-54.5425,-75.8362,64.1098
1,driving,-0.6904,0.6235,0.4526,-54.4052,-75.9888,64.1708
1,driving,-0.6812,0.6282,0.4570,-54.3137,-76.0345,64.5065
1,driving,-0.6797,0.6252,0.4646,-54.2297,-76.0345,64.7964
1,driving,-0.6763,0.6289,0.4587,-54.1840,-76.0727,64.8270
1,driving,-0.6763,0.6279,0.4604,-54.0009,-76.1490,64.7430
1,driving,-0.6765,0.6262,0.4666,-53.9551,-76.1337,64.9414
1,driving,-0.6672,0.6245,0.4604,-53.8635,-75.9201,65.3000
1,driving,-0.6643,0.6226,0.4631,-53.6499,-75.8896,65.3610
1,driving,-0.6672,0.6226,0.4673,-53.4821,-75.9125,65.4221
1,driving,-0.6653,0.6223,0.4666,-53.3066,-75.9811,65.6128
1,driving,-0.6636,0.6196,0.4700,-53.0930,-75.9659,65.8493
1,driving,-0.6611,0.6230,0.4712,-52.9099,-75.8972,65.8875
1,driving,-0.6555,0.6172,0.4636,-52.7573,-75.7523,65.8112
1,driving,-0.6475,0.6125,0.4634,-52.4979,-75.7217,65.9561
1,driving,-0.6470,0.6162,0.4702,-52.1469,-75.8743,65.9409
1,driving,-0.6511,0.6174,0.4771,-51.8799,-76.1032,65.9561
1,driving,-0.6472,0.6074,0.4775,-51.5900,-76.2177,66.1697
1,driving,-0.6438,0.6089,0.4810,-51.2695,-76.3168,66.0553
1,driving,-0.6470,0.6067,0.4802,-51.0330,-76.3397,66.0019
1,driving,-0.6465,0.6050,0.4814,-50.7355,-76.3245,66.0324
1,driving,-0.6433,0.6062,0.4780,-50.3769,-76.2482,66.1774
1,driving,-0.6421,0.6067,0.4905,-50.0336,-76.3550,66.1545
1,driving,-0.6313,0.6023,0.4834,-49.7208,-76.4160,66.0858
1,driving,-0.6262,0.5991,0.4890,-49.5300,-76.3474,65.9866
1,driving,-0.6245,0.5972,0.4963,-49.3546,-76.2100,65.8798
1,driving,-0.6196,0.5969,0.4915,-49.1562,-76.0498,65.9027
1,driving,-0.6194,0.6011,0.4944,-48.9731,-75.9811,65.8875
1,driving,-0.6101,0.5935,0.4929,-48.6984,-76.0727,65.9180
1,driving,-0.6099,0.5940,0.4980,-48.5306,-75.8057,65.8646
1,driving,-0.6077,0.5974,0.4946,-48.1644,-75.6912,65.6738
1,driving,-0.6089,0.5964,0.5020,-47.7600,-75.7294,65.5289
1,driving,-0.6150,0.5957,0.5090,-47.5845,-75.8514,65.4068
1,driving,-0.6069,0.5942,0.5037,-47.5235,-75.7294,65.4907
1,driving,-0.6040,0.5913,0.5034,-47.2794,-75.5539,65.5518
1,driving,-0.6033,0.5913,0.5042,-47.0581,-75.3021,65.3076
1,driving,-0.5984,0.5920,0.5044,-46.9208,-75.2716,65.1550
1,driving,-0.5962,0.5916,0.5142,-46.6309,-75.4013,65.0787
1,driving,-0.5984,0.5854,0.5173,-46.4249,-75.6683,65.1932
1,driving,-0.5989,0.5876,0.5105,-46.2341,-75.8438,64.9872
1,driving,-0.5933,0.5920,0.5171,-46.0663,-75.8896,64.7812
1,driving,-0.5828,0.5903,0.5225,-45.8221,-75.9048,64.6820
1,driving,-0.5906,0.5903,0.5181,-45.6467,-76.0574,64.7125
1,driving,-0.5896,0.5857,0.5234,-45.3873,-76.2634,64.7125
1,driving,-0.5859,0.5916,0.5276,-45.1660,-76.3855,64.5676
1,driving,-0.5781,0.5991,0.5308,-45.0974,-76.5076,64.3768
1,driving,-0.5798,0.5996,0.5266,-44.9905,-76.6602,64.3692
1,driving,-0.5769,0.5981,0.5198,-44.8532,-77.0111,64.1937
1,driving,-0.5718,0.5959,0.5208,-44.6243,-77.0493,63.9267
1,driving,-0.5679,0.5989,0.5315,-44.4183,-77.0493,63.9267
1,driving,-0.5671,0.6013,0.5281,-44.2581,-77.1942,63.9114
1,driving,-0.5625,0.6023,0.5229,-44.3192,-77.3010,63.7589
1,driving,-0.5647,0.6025,0.5144,-44.1742,-77.3849,63.6597
1,driving,-0.5647,0.6062,0.5193,-43.9606,-77.3926,63.6520
1,driving,-0.5554,0.6055,0.5117,-43.8995,-77.3697,63.6749
1,driving,-0.5535,0.6072,0.5142,-43.8538,-77.5528,63.7054
1,driving,-0.5513,0.6150,0.5039,-43.8690,-77.6901,63.6292
1,driving,-0.5537,0.6191,0.5105,-43.9758,-77.7206,63.4537
1,driving,-0.5520,0.6179,0.5100,-43.8995,-77.6672,63.3850
1,driving,-0.5447,0.6201,0.5022,-43.9529,-77.6672,63.3926
1,driving,-0.5474,0.6243,0.5002,-43.8309,-77.7435,63.3163
1,driving,-0.5486,0.6191,0.4983,-43.7088,-77.8351,63.3698
1,driving,-0.5439,0.6169,0.4966,-43.6249,-77.8275,63.4842
1,driving,-0.5378,0.6213,0.4951,-43.8004,-77.8656,63.5529
1,driving,-0.5349,0.6250,0.4912,-44.0369,-77.7969,63.6749
1,driving,-0.5376,0.6218,0.4753,-44.0674,-77.7969,63.6673
1,driving,-0.5339,0.6196,0.4829,-44.0903,-77.4765,63.5529
1,driving,-0.5342,0.6272,0.4846,-44.1971,-77.0721,63.4232
1,driving,-0.5286,0.6250,0.4829,-44.1513,-76.8814,63.5605
1,driving,-0.5193,0.6274,0.4812,-44.2123,-76.5762,63.8199
1,driving,-0.5242,0.6287,0.4805,-44.3802,-76.0193,63.9038
1,driving,-0.5217,0.6328,0.4761,-44.4717,-75.4776,63.9038
1,driving,-0.5176,0.6296,0.4746,-44.6625,-74.9588,64.0106
1,driving,-0.5195,0.6282,0.4832,-44.8456,-74.5773,64.0793
1,driving,-0.5203,0.6274,0.4797,-45.0821,-74.1425,63.9877
1,driving,-0.5085,0.6265,0.4805,-45.2194,-73.6008,63.8885
1,driving,-0.5042,0.6333,0.4839,-45.3568,-72.8836,64.0564
1,driving,-0.4941,0.6301,0.4839,-45.4865,-72.3648,64.1785
1,driving,-0.4944,0.6230,0.4844,-45.7001,-71.8613,64.1174
1,driving,-0.5022,0.6204,0.4829,-45.8527,-71.0297,64.2624
1,driving,-0.5027,0.6223,0.4802,-45.9595,-70.2820,64.3463
1,driving,-0.4949,0.6248,0.4768,-45.8984,-69.5724,64.3387
1,driving,-0.4919,0.6221,0.4812,-46.0281,-68.9240,64.3234
1,driving,-0.4912,0.6179,0.4771,-46.2799,-68.2983,64.4989
1,driving,-0.4873,0.6187,0.4829,-46.4630,-67.8558,64.5142
1,driving,-0.4844,0.6228,0.4868,-46.4859,-67.3828,64.3311
1,driving,-0.4795,0.6216,0.4868,-46.5240,-66.5283,64.2853
1,driving,-0.4768,0.6248,0.4910,-46.7682,-65.9103,64.3692
1,driving,-0.4756,0.6257,0.4819,-46.8063,-65.2237,64.4073
1,driving,-0.4766,0.6260,0.4866,-46.8826,-64.6286,64.2700
1,driving,-0.4749,0.6306,0.4929,-46.8445,-64.0564,64.1937
1,driving,-0.4773,0.6316,0.4890,-46.8445,-63.4460,64.2471
1,driving,-0.4785,0.6345,0.4995,-47.0428,-62.7670,64.3005
1,driving,-0.4702,0.6313,0.4963,-47.1268,-62.0880,64.3768
1,driving,-0.4697,0.6292,0.5010,-47.2260,-61.5616,64.3158
1,driving,-0.4705,0.6301,0.5149,-47.3709,-60.9894,64.5523
1,driving,-0.4670,0.6257,0.5046,-47.4472,-60.5469,64.6286
1,driving,-0.4761,0.6309,0.5071,-47.5616,-59.9289,64.6286
1,driving,-0.4712,0.6238,0.5076,-47.6685,-59.3948,64.6744
1,driving,-0.4619,0.6226,0.5049,-47.6913,-58.8303,64.9033
1,driving,-0.4631,0.6211,0.5176,-47.7982,-58.4183,65.0406
1,driving,-0.4617,0.6248,0.5168,-47.8363,-57.9758,64.9414
1,driving,-0.4612,0.6257,0.5186,-47.7142,-57.5714,64.8041
1,driving,-0.4604,0.6248,0.5269,-47.5311,-57.0602,64.9643
1,driving,-0.4585,0.6221,0.5312,-47.4625,-56.5186,65.1245
1,driving,-0.4580,0.6248,0.5371,-47.4930,-56.3049,65.2313
1,driving,-0.4495,0.6235,0.5413,-47.5998,-55.8472,65.3839
1,driving,-0.4541,0.6143,0.5466,-47.4319,-55.4504,65.4221
1,driving,-0.4519,0.6172,0.5498,-47.2565,-55.0079,65.3076
1,driving,-0.4546,0.6169,0.5498,-47.0352,-54.8325,65.3305
1,driving,-0.4480,0.6184,0.5518,-46.9513,-54.5120,65.2771
1,driving,-0.4431,0.6162,0.5557,-46.8674,-54.1611,65.2924
1,driving,-0.4390,0.6123,0.5537,-46.8369,-53.7262,65.5365
1,driving,-0.4419,0.6111,0.5623,-46.7529,-53.3829,65.5136
1,driving,-0.4380,0.6125,0.5745,-46.4706,-52.9861,65.5746
1,driving,-0.4363,0.6091,0.5713,-46.2723,-52.8183,65.6128
1,driving,-0.4353,0.6113,0.5669,-46.0892,-52.5818,65.6815
1,driving,-0.4407,0.6062,0.5698,-45.7916,-52.4216,65.7501
1,driving,-0.4368,0.6011,0.5776,-45.5322,-52.3605,65.7959
1,driving,-0.4326,0.6006,0.5715,-45.1355,-52.1927,65.8417
1,driving,-0.4358,0.5964,0.5737,-44.9600,-52.0477,65.7959
1,driving,-0.4290,0.5913,0.5779,-44.7693,-52.0477,65.7272
1,driving,-0.4270,0.5952,0.5762,-44.3115,-52.0172,65.6738
1,driving,-0.4241,0.5862,0.5781,-43.9301,-51.8265,65.7578
1,driving,-0.4229,0.5847,0.5791,-43.6554,-51.6281,65.6967
1,driving,-0.4194,0.5864,0.5725,-43.2510,-51.3077,65.5899
1,driving,-0.4175,0.5867,0.5789,-43.0222,-51.2695,65.5365
1,driving,-0.4124,0.5854,0.5786,-42.7704,-51.2772,65.3458
1,driving,-0.4080,0.5864,0.5789,-42.3660,-50.9720,65.2695
1,driving,-0.3970,0.5801,0.5701,-42.0990,-50.5676,65.2695
1,driving,-0.3953,0.5825,0.5728,-41.8396,-50.4303,65.2924
1,driving,-0.4099,0.5813,0.5723,-41.4734,-50.2090,65.0711
1,driving,-0.4031,0.5789,0.5759,-41.1377,-49.7742,64.9643
1,driving,-0.3950,0.5823,0.5776,-40.9012,-49.3698,64.7659
1,driving,-0.3909,0.5835,0.5815,-40.5655,-48.9883,64.6439
1,driving,-0.3960,0.5767,0.5791,-40.3290,-48.4772,64.6133
1,driving,-0.3948,0.5830,0.5757,-40.1688,-48.0728,64.5218
1,driving,-0.3923,0.5803,0.5825,-40.1688,-47.7753,64.4531
1,driving,-0.3909,0.5789,0.5774,-39.9933,-47.4701,64.3616
1,driving,-0.3831,0.5813,0.5735,-39.7110,-46.9131,64.3768
1,driving,-0.3875,0.5801,0.5776,-39.5126,-46.4325,64.2395
1,driving,-0.3843,0.5847,0.5859,-39.4211,-46.0892,64.2242
1,driving,-0.3870,0.5842,0.5942,-39.2532,-45.7458,64.0945
1,driving,-0.3826,0.5808,0.5901,-39.0625,-45.3949,63.8657
1,driving,-0.3823,0.5845,0.5935,-38.9862,-45.0516,63.8962
1,driving,-0.3853,0.5889,0.5872,-38.9404,-44.6091,64.0106
1,driving,-0.3811,0.5850,0.5908,-38.8565,-44.2734,64.0945
1,driving,-0.3770,0.5842,0.5955,-38.6124,-43.8766,63.9420
1,driving,-0.3770,0.5862,0.6006,-38.4521,-43.6325,63.8733
1,driving,-0.3723,0.5830,0.6016,-38.2385,-43.3502,63.7054
1,driving,-0.3728,0.5894,0.5930,-38.0478,-43.1366,63.5834
1,driving,-0.3704,0.5898,0.5884,-37.8647,-42.8467,63.6292
1,driving,-0.3662,0.5833,0.6052,-37.6053,-42.5262,63.5681
1,driving,-0.3628,0.5823,0.6067,-37.1628,-42.1066,63.4079
1,driving,-0.3625,0.5786,0.5977,-37.0331,-41.8167,63.4155
1,driving,-0.3630,0.5735,0.6045,-36.8576,-41.6031,63.4460
1,driving,-0.3623,0.5740,0.6025,-36.7126,-41.1987,63.3163
1,driving,-0.3647,0.5750,0.6108,-36.4151,-40.7486,63.2172
1,driving,-0.3562,0.5725,0.6191,-36.1176,-40.5655,63.1790
1,driving,-0.3579,0.5662,0.6133,-35.9344,-40.3595,63.0112
1,driving,-0.3547,0.5750,0.6062,-35.7285,-40.1001,62.6831
1,driving,-0.3547,0.5696,0.6116,-35.4691,-39.7720,62.5381
1,driving,-0.3518,0.5759,0.6135,-35.4080,-39.5355,62.5000
1,driving,-0.3513,0.5786,0.6123,-35.2478,-39.2914,62.4924
1,driving,-0.3479,0.5786,0.6162,-35.0266,-38.8489,62.4847
1,driving,-0.3484,0.5774,0.6191,-34.7977,-38.4521,62.3245
1,driving,-0.3525,0.5774,0.6172,-34.6375,-38.2004,62.0956
1,driving,-0.3545,0.5735,0.6177,-34.6527,-37.8647,61.9354
1,driving,-0.3521,0.5757,0.6169,-34.5688,-37.6968,61.7065
1,driving,-0.3462,0.5771,0.6128,-34.5154,-37.4451,61.7676
1,driving,-0.3499,0.5789,0.6167,-34.4696,-37.0255,61.6837
1,driving,-0.3523,0.5764,0.6138,-34.4009,-36.8347,61.5005
1,driving,-0.3506,0.5774,0.6204,-34.4086,-36.7813,61.2411
1,driving,-0.3538,0.5791,0.6184,-34.3094,-36.5601,61.0046
1,driving,-0.3503,0.5774,0.6182,-34.2941,-36.3464,60.9970
1,driving,-0.3518,0.5798,0.6262,-34.1187,-36.2244,60.9131
1,driving,-0.3479,0.5771,0.6287,-33.8440,-35.8734,60.9741
1,driving,-0.3457,0.5737,0.6267,-33.7372,-35.5072,60.6308
1,driving,-0.3491,0.5737,0.6252,-33.7753,-35.4309,60.4401
1,driving,-0.3455,0.5715,0.6270,-33.7219,-35.3775,60.3561
1,driving,-0.3472,0.5774,0.6294,-33.7296,-35.2478,60.2341
1,driving,-0.3435,0.5811,0.6333,-33.8135,-35.1410,60.1196
1,driving,-0.3408,0.5793,0.6279,-33.6914,-35.0571,60.0128
1,driving,-0.3472,0.5774,0.6262,-33.6761,-34.8511,60.0204
1,driving,-0.3474,0.5774,0.6318,-33.7372,-34.3552,59.9823
1,driving,-0.3442,0.5745,0.6362,-33.6990,-34.1339,59.7610
1,driving,-0.3418,0.5718,0.6321,-33.6227,-33.9432,59.4101
1,driving,-0.3459,0.5732,0.6311,-33.6227,-33.7830,59.3796
1,driving,-0.3450,0.5784,0.6396,-33.7601,-33.4167,59.2041
1,driving,-0.3428,0.5759,0.6440,-33.8440,-33.2336,58.9600
1,driving,-0.3381,0.5725,0.6401,-33.9127,-33.0811,58.8913
1,driving,-0.3359,0.5776,0.6443,-33.8364,-33.0811,58.9066
1,driving,-0.3345,0.5793,0.6440,-33.7372,-32.7072,58.6700
1,driving,-0.3335,0.5735,0.6450,-33.8058,-32.4326,58.5022
1,driving,-0.3303,0.5769,0.6414,-34.0805,-32.3181,58.3420
1,driving,-0.3289,0.5769,0.6392,-33.9508,-32.1884,58.2428
1,driving,-0.3289,0.5713,0.6499,-33.8821,-31.9824,58.1665
1,driving,-0.3279,0.5718,0.6404,-33.8821,-31.8604,58.0597
1,driving,-0.3247,0.5750,0.6455,-33.7524,-31.5628,57.9224
1,driving,-0.3228,0.5693,0.6445,-33.5617,-31.3187,57.6553
1,driving,-0.3230,0.5649,0.6458,-33.2336,-31.0440,57.4875
1,driving,-0.3218,0.5652,0.6389,-33.2870,-30.6702,57.4341
1,driving,-0.3223,0.5664,0.6406,-33.2031,-30.4413,57.3502
1,driving,-0.3198,0.5676,0.6304,-32.9819,-30.2658,57.2052
1,driving,-0.3191,0.5671,0.6318,-32.7454,-30.0980,57.0145
1,driving,-0.3193,0.5676,0.6362,-32.6004,-29.7546,56.7932
1,driving,-0.3191,0.5718,0.6421,-32.5012,-29.4647,56.5796
1,driving,-0.3179,0.5715,0.6387,-32.4020,-29.0985,56.6406
1,driving,-0.3164,0.5671,0.6389,-32.4173,-28.7399,56.7398
1,driving,-0.3145,0.5645,0.6462,-32.2952,-28.5263,56.4499
1,driving,-0.3086,0.5681,0.6455,-32.2189,-28.5110,56.0760
1,driving,-0.3120,0.5723,0.6536,-32.2723,-28.4042,55.7785
1,driving,-0.3081,0.5723,0.6533,-32.0816,-28.2211,55.6030
1,driving,-0.3035,0.5681,0.6438,-31.7764,-28.0380,55.3818
1,driving,-0.3108,0.5703,0.6484,-31.6238,-27.9388,55.3665
1,driving,-0.3120,0.5679,0.6526,-31.6467,-27.5574,55.2597
1,driving,-0.3049,0.5698,0.6545,-31.6467,-27.3438,54.9164
1,driving,-0.3105,0.5691,0.6458,-31.5018,-27.1378,54.7409
1,driving,-0.3049,0.5730,0.6445,-31.3644,-27.0462,54.7256
1,driving,-0.3071,0.5725,0.6482,-31.2500,-26.6037,54.5578
1,driving,-0.3003,0.5701,0.6431,-31.2958,-26.3062,54.4205
1,driving,-0.3000,0.5698,0.6440,-31.1279,-26.0620,54.2068
1,driving,-0.2979,0.5674,0.6482,-31.0974,-25.7111,54.0924
1,driving,-0.3008,0.5715,0.6377,-31.0440,-25.3525,53.9246
1,driving,-0.2966,0.5701,0.6355,-30.8685,-24.8642,53.6728
1,driving,-0.3062,0.5657,0.6335,-30.8609,-24.5056,53.6728
1,driving,-0.2947,0.5713,0.6331,-30.7541,-24.1013,53.6804
1,driving,-0.3032,0.5691,0.6323,-30.6396,-23.6435,53.5355
1,driving,-0.3035,0.5737,0.6365,-30.5710,-23.0865,53.2913
1,driving,-0.2944,0.5725,0.6401,-30.4794,-22.4228,53.2532
1,driving,-0.2957,0.5784,0.6384,-30.3879,-21.9040,53.1693
1,driving,-0.3013,0.5852,0.6438,-30.1819,-21.4310,53.0853
1,driving,-0.3027,0.5854,0.6433,-30.1590,-20.9656,52.9861
1,driving,-0.3000,0.5903,0.6460,-30.0140,-20.6070,52.9327
1,driving,-0.2974,0.5881,0.6504,-29.8843,-20.2026,52.9633
1,driving,-0.3027,0.5891,0.6584,-29.7623,-19.7830,52.9938
1,driving,-0.3025,0.5979,0.6619,-29.8386,-19.4473,52.8641
1,driving,-0.3052,0.6008,0.6636,-29.6783,-19.1498,52.7573
1,driving,-0.3020,0.6052,0.6653,-29.5944,-18.9743,52.8183
1,driving,-0.2986,0.6052,0.6675,-29.3808,-18.5852,53.0090
1,driving,-0.3008,0.6062,0.6604,-29.2130,-18.2724,53.1921
1,driving,-0.2998,0.6113,0.6565,-29.0909,-18.1656,53.3524
1,driving,-0.3054,0.6128,0.6655,-29.0833,-17.8375,53.3371
1,driving,-0.3064,0.6135,0.6704,-29.0985,-17.7078,53.4058
1,driving,-0.3113,0.6179,0.6653,-28.9459,-17.4866,53.3524
1,driving,-0.3108,0.6196,0.6638,-28.9764,-17.3798,53.4973
1,driving,-0.3140,0.6174,0.6624,-28.9841,-17.0441,53.8330
1,driving,-0.3066,0.6191,0.6687,-28.8544,-16.7999,54.0009
1,driving,-0.3032,0.6226,0.6658,-28.7476,-16.4642,54.0695
1,driving,-0.3064,0.6262,0.6614,-28.6713,-16.0294,54.1077
1,driving,-0.3069,0.6274,0.6624,-28.5950,-15.7242,54.3137
1,driving,-0.3030,0.6282,0.6626,-28.5492,-15.4037,54.7256
1,driving,-0.2961,0.6289,0.6660,-28.4805,-14.9612,54.7714
1,driving,-0.2983,0.6294,0.6726,-28.3890,-14.6866,54.8706
1,driving,-0.2983,0.6335,0.6699,-28.2669,-14.3051,55.0842
1,driving,-0.2920,0.6301,0.6692,-28.1067,-13.9771,55.2750
1,driving,-0.2908,0.6309,0.6765,-28.1677,-13.6185,55.3818
1,driving,-0.2917,0.6328,0.6875,-28.2211,-13.2904,55.4886
1,driving,-0.2871,0.6335,0.6895,-28.2135,-13.0768,55.5267
1,driving,-0.2903,0.6357,0.6831,-28.0609,-12.9547,55.5801
1,driving,-0.2883,0.6309,0.6946,-27.8015,-12.7640,55.6793
1,driving,-0.2864,0.6335,0.6963,-27.8473,-12.6495,55.9158
1,driving,-0.2817,0.6331,0.6924,-27.8397,-12.6038,55.9158
1,driving,-0.2861,0.6362,0.6978,-27.7481,-12.7563,56.1371
1,driving,-0.2878,0.6343,0.6965,-27.7939,-12.7335,56.4041
1,driving,-0.2866,0.6265,0.6921,-27.6718,-12.5580,56.4957
1,driving,-0.2822,0.6296,0.7004,-27.4658,-12.4435,56.4728
1,driving,-0.2791,0.6309,0.7058,-27.4124,-12.3367,56.4651
1,driving,-0.2776,0.6326,0.6953,-27.3514,-12.1841,56.3889
1,driving,-0.2866,0.6340,0.6836,-27.2293,-12.0850,56.5414
1,driving,-0.2817,0.6355,0.6873,-27.0996,-11.8408,56.6635
1,driving,-0.2803,0.6323,0.6846,-26.9318,-11.6043,56.7398
1,driving,-0.2791,0.6289,0.6912,-26.7792,-11.4136,56.6711
1,driving,-0.2727,0.6304,0.6948,-26.4664,-11.1542,56.7093
1,driving,-0.2739,0.6316,0.6917,-26.3748,-10.8566,56.8314
1,driving,-0.2766,0.6311,0.6882,-26.4130,-10.4980,56.8848
1,driving,-0.2844,0.6318,0.6948,-26.2985,-10.2005,56.8848
1,driving,-0.2808,0.6399,0.6938,-26.1383,-9.9564,56.7703
1,driving,-0.2798,0.6370,0.6968,-26.0620,-9.7504,56.7551
1,driving,-0.2788,0.6379,0.6982,-26.1078,-9.5520,56.8771
1,driving,-0.2781,0.6392,0.6973,-26.0086,-9.3536,56.8695
1,driving,-0.2822,0.6423,0.6980,-25.9628,-9.1858,56.9611
1,driving,-0.2830,0.6404,0.6978,-25.9323,-9.0179,57.0602
1,driving,-0.2812,0.6450,0.7051,-25.9018,-8.7433,57.1518
1,driving,-0.2891,0.6450,0.7058,-25.9857,-8.4152,57.1289
1,driving,-0.2866,0.6414,0.7214,-25.9247,-8.2169,57.1671
1,driving,-0.2864,0.6467,0.7185,-25.8484,-7.8888,57.2662
1,driving,-0.2886,0.6416,0.7185,-25.8408,-7.6065,57.3883
1,driving,-0.2856,0.6479,0.7222,-25.8179,-7.4615,57.5104
1,driving,-0.2898,0.6455,0.7251,-25.7950,-7.5073,57.6401
1,driving,-0.2898,0.6438,0.7273,-25.9247,-7.4692,57.5562
1,driving,-0.2900,0.6472,0.7344,-25.8560,-7.1640,57.5943
1,driving,-0.2949,0.6497,0.7251,-25.6805,-7.0038,57.8308
1,driving,-0.2942,0.6497,0.7271,-25.6805,-7.0572,58.0902
1,driving,-0.2898,0.6531,0.7209,-25.5280,-7.0724,58.2504
1,driving,-0.2981,0.6538,0.7295,-25.4669,-6.9962,58.2657
1,driving,-0.2896,0.6514,0.7297,-25.4364,-6.8359,58.4488
1,driving,-0.2920,0.6511,0.7310,-25.3143,-6.7902,58.4946
1,driving,-0.2949,0.6506,0.7283,-25.2609,-6.8130,58.5022
1,driving,-0.2942,0.6504,0.7373,-25.1541,-6.7749,58.5175
1,driving,-0.3013,0.6506,0.7371,-25.1694,-6.8130,58.7463
1,driving,-0.2935,0.6526,0.7427,-25.0702,-6.8436,58.7845
1,driving,-0.2966,0.6560,0.7437,-25.1465,-6.6986,59.0210
1,driving,-0.2979,0.6548,0.7373,-24.8718,-6.6833,59.2346
1,driving,-0.2996,0.6550,0.7419,-24.8489,-6.6299,59.3109
1,driving,-0.3074,0.6479,0.7488,-24.8718,-6.6833,59.2651
1,driving,-0.2964,0.6511,0.7524,-24.8642,-6.8741,59.3491
1,driving,-0.2925,0.6455,0.7515,-24.7650,-6.9199,59.5551
1,driving,-0.3005,0.6506,0.7546,-24.7192,-6.9580,59.6161
1,driving,-0.2996,0.6455,0.7488,-24.8718,-6.8207,59.5169
1,driving,-0.3005,0.6479,0.7600,-24.9023,-6.7520,59.4864
1,driving,-0.3025,0.6462,0.7610,-24.8871,-6.8970,59.6008
1,driving,-0.3030,0.6477,0.7639,-24.8566,-7.1106,59.7687
1,driving,-0.2939,0.6443,0.7563,-24.8642,-7.2556,59.7687
1,driving,-0.2969,0.6484,0.7661,-24.7879,-7.3547,59.7534
1,driving,-0.3008,0.6455,0.7649,-24.8184,-7.4234,59.7916
1,driving,-0.3022,0.6462,0.7676,-24.8260,-7.4310,59.9136
1,driving,-0.2971,0.6462,0.7712,-25.0015,-7.4615,60.1349
1,driving,-0.2942,0.6467,0.7705,-24.9557,-7.5836,60.2112
1,driving,-0.2939,0.6389,0.7686,-24.8260,-7.6828,60.1883
1,driving,-0.2864,0.6428,0.7708,-24.8489,-7.7286,60.0815
1,driving,-0.2866,0.6426,0.7742,-24.9176,-7.7591,59.9823
1,driving,-0.2871,0.6370,0.7729,-24.7955,-7.9346,59.9136
1,driving,-0.2932,0.6343,0.7766,-24.6506,-8.2245,59.8145
1,driving,-0.2937,0.6270,0.7739,-24.4980,-8.4000,59.7458
1,driving,-0.2839,0.6353,0.7856,-24.5667,-8.4991,59.6848
1,driving,-0.2861,0.6357,0.7959,-24.6429,-8.7433,59.5856
1,driving,-0.2859,0.6311,0.7852,-24.7650,-8.8196,59.3948
1,driving,-0.2827,0.6357,0.7822,-24.7040,-9.1629,59.1278
1,driving,-0.2781,0.6355,0.7896,-24.7192,-9.5825,59.0363
1,driving,-0.2786,0.6331,0.7944,-24.6201,-9.7046,58.8455
1,driving,-0.2734,0.6333,0.7913,-24.4522,-9.7885,58.9066
1,driving,-0.2668,0.6389,0.7888,-24.5209,-9.8190,58.9066
1,driving,-0.2659,0.6396,0.7935,-24.6964,-10.0555,58.6929
1,driving,-0.2673,0.6399,0.7905,-24.7192,-10.2005,58.5175
1,driving,-0.2598,0.6389,0.7935,-24.6429,-10.3760,58.3878
1,driving,-0.2622,0.6433,0.7854,-24.5056,-10.4446,58.3954
1,driving,-0.2554,0.6396,0.7849,-24.3301,-10.4218,58.3420
1,driving,-0.2581,0.6353,0.7859,-24.2920,-10.7651,58.3344
1,driving,-0.2573,0.6313,0.7883,-24.4675,-11.0779,58.1970
1,driving,-0.2620,0.6379,0.7791,-24.4675,-11.2915,58.1131
1,driving,-0.2634,0.6387,0.7751,-24.2462,-11.6577,58.1360
1,driving,-0.2588,0.6436,0.7917,-24.1852,-11.8408,57.9453
1,driving,-0.2563,0.6467,0.7932,-24.3759,-12.1689,57.8384
1,driving,-0.2581,0.6443,0.7866,-24.3683,-12.3367,57.8156
1,driving,-0.2551,0.6519,0.7839,-24.3454,-12.4893,57.8308
1,driving,-0.2583,0.6543,0.7830,-24.4598,-12.5656,57.8384
1,driving,-0.2542,0.6599,0.7800,-24.5895,-12.7716,57.8232
1,driving,-0.2437,0.6626,0.7847,-24.8413,-12.9623,57.7011
1,driving,-0.2471,0.6599,0.7749,-25.0626,-12.9700,57.8461
1,driving,-0.2490,0.6611,0.7783,-25.1617,-13.1149,57.9758
1,driving,-0.2490,0.6616,0.7788,-25.4898,-13.2217,57.8842
1,driving,-0.2456,0.6648,0.7834,-25.6577,-13.4201,57.6553
1,driving,-0.2437,0.6626,0.7744,-25.9857,-13.5498,57.6706
1,driving,-0.2476,0.6611,0.7671,-26.1688,-13.5956,57.7164
1,driving,-0.2437,0.6572,0.7710,-26.5350,-13.5574,57.6096
1,driving,-0.2410,0.6624,0.7646,-26.8250,-13.5651,57.8003
1,driving,-0.2322,0.6587,0.7629,-26.7410,-13.6032,57.8537
1,driving,-0.2300,0.6572,0.7556,-26.9547,-13.5345,57.7850
1,driving,-0.2334,0.6587,0.7600,-27.3056,-13.5040,57.7316
1,driving,-0.2341,0.6577,0.7554,-27.5879,-13.2980,57.7087
1,driving,-0.2241,0.6660,0.7478,-27.8625,-13.2217,57.5790
1,driving,-0.2310,0.6648,0.7532,-28.1143,-13.1912,57.6172
1,driving,-0.2266,0.6599,0.7629,-28.2440,-13.0310,57.7774
1,driving,-0.2197,0.6587,0.7600,-28.5339,-12.8403,57.8690
1,driving,-0.2192,0.6602,0.7588,-28.9230,-12.6114,57.7545
1,driving,-0.2256,0.6648,0.7637,-29.2587,-12.3749,57.6706
1,driving,-0.2214,0.6582,0.7651,-29.4876,-12.1536,57.8232
1,driving,-0.2209,0.6526,0.7656,-29.7470,-11.8179,57.6859
1,driving,-0.2124,0.6558,0.7607,-29.8309,-11.5585,57.5790
1,driving,-0.2148,0.6528,0.7615,-29.8843,-11.2762,57.6630
1,driving,-0.2080,0.6567,0.7715,-30.2124,-11.1160,57.7545
1,driving,-0.2080,0.6577,0.7668,-30.4489,-10.8871,57.7011
1,driving,-0.2009,0.6506,0.7690,-30.6549,-10.3073,57.7240
1,driving,-0.2102,0.6504,0.7598,-30.7770,-9.8724,57.7469
1,driving,-0.2034,0.6492,0.7615,-30.6015,-9.6130,57.8003
1,driving,-0.2000,0.6516,0.7781,-30.6625,-9.3994,57.8766
1,driving,-0.2041,0.6504,0.7776,-30.9219,-9.2392,57.9300
1,driving,-0.2004,0.6460,0.7705,-30.9830,-9.1934,57.9071
1,driving,-0.1924,0.6443,0.7603,-31.0364,-8.8272,57.7927
1,driving,-0.1953,0.6416,0.7720,-31.0974,-8.6517,57.7393
1,driving,-0.1973,0.6394,0.7756,-30.9906,-8.5602,57.5409
1,driving,-0.1938,0.6343,0.7681,-30.9830,-8.4686,57.5485
1,driving,-0.1929,0.6353,0.7705,-30.9753,-8.4610,57.5562
1,driving,-0.1877,0.6355,0.7766,-30.7159,-8.3237,57.4799
1,driving,-0.1887,0.6318,0.7739,-30.5481,-8.2855,57.5562
1,driving,-0.1895,0.6409,0.7654,-30.5252,-8.3084,57.3807
1,driving,-0.1902,0.6394,0.7744,-30.5405,-8.0948,57.4570
1,driving,-0.1912,0.6355,0.7722,-30.4794,-7.9956,57.5256
1,driving,-0.1909,0.6372,0.7661,-30.4337,-8.0795,57.5180
1,driving,-0.1926,0.6375,0.7676,-30.3955,-8.0109,57.5485
1,driving,-0.1895,0.6375,0.7732,-30.3116,-7.9498,57.5256
1,driving,-0.1926,0.6467,0.7722,-30.2887,-7.8125,57.4265
1,driving,-0.1960,0.6448,0.7773,-30.2887,-7.6065,57.3883
1,driving,-0.1963,0.6433,0.7883,-30.2200,-7.3242,57.5256
1,driving,-0.1917,0.6479,0.7896,-30.2505,-7.0114,57.6477
1,driving,-0.1938,0.6440,0.7854,-30.2505,-6.9351,57.7698
1,driving,-0.1946,0.6440,0.7766,-30.1590,-6.6528,57.8156
1,driving,-0.1895,0.6472,0.7859,-30.2200,-6.4926,57.8461
1,driving,-0.1919,0.6484,0.7900,-30.1437,-6.3095,57.8232
1,driving,-0.1914,0.6523,0.7908,-30.1895,-6.1798,57.8461
1,driving,-0.1980,0.6548,0.7935,-30.1819,-5.9738,57.9071
1,driving,-0.1934,0.6592,0.7983,-30.2124,-5.8517,57.9910
1,driving,-0.1960,0.6577,0.7939,-30.0674,-5.9814,58.3115
1,driving,-0.1892,0.6599,0.7957,-29.9225,-6.1264,58.3038
1,driving,-0.1921,0.6570,0.8010,-29.7699,-6.1340,58.4412
1,driving,-0.1885,0.6633,0.8086,-29.8157,-6.1646,58.5861
1,driving,-0.1887,0.6636,0.8010,-29.8157,-6.4240,58.6090
1,driving,-0.1921,0.6558,0.7974,-29.6860,-6.5918,58.8303
1,driving,-0.1882,0.6631,0.7996,-29.4800,-6.6986,59.1812
1,driving,-0.1887,0.6592,0.7971,-29.3732,-6.8893,59.3948
1,driving,-0.1912,0.6587,0.7979,-29.2206,-6.9427,59.5703
1,driving,-0.1936,0.6572,0.8081,-29.0527,-7.1030,59.7076
1,driving,-0.1880,0.6558,0.8069,-28.9459,-7.2556,59.8831
1,driving,-0.1885,0.6541,0.8037,-28.6179,-7.2937,59.9747
1,driving,-0.1821,0.6533,0.7966,-28.3966,-7.4158,60.1349
1,driving,-0.1758,0.6479,0.7913,-28.3279,-7.5912,60.2036
1,driving,-0.1802,0.6428,0.7939,-28.2440,-7.6675,60.4248
1,driving,-0.1719,0.6438,0.8032,-28.0685,-7.8354,60.6079
1,driving,-0.1790,0.6433,0.7993,-27.7863,-7.8583,60.8444
1,driving,-0.1772,0.6450,0.7976,-27.6337,-8.0414,60.9131
1,driving,-0.1797,0.6470,0.8030,-27.3895,-8.2474,60.7758
1,driving,-0.1775,0.6467,0.8040,-27.1225,-8.3160,60.6995
1,driving,-0.1780,0.6423,0.8047,-26.9623,-8.2474,61.0123
1,driving,-0.1785,0.6406,0.8118,-26.9318,-8.1406,61.0504
1,driving,-0.1721,0.6484,0.8145,-26.8555,-8.1482,61.0733
1,driving,-0.1672,0.6514,0.8162,-26.8021,-8.1253,61.0809
1,driving,-0.1667,0.6409,0.8113,-26.6342,-8.3237,61.1115
1,driving,-0.1733,0.6465,0.8198,-26.7105,-8.5068,61.1954
1,driving,-0.1665,0.6482,0.8286,-26.6495,-8.4534,61.3708
1,driving,-0.1663,0.6497,0.8186,-26.6418,-8.3466,61.4166
1,driving,-0.1643,0.6514,0.8105,-26.5198,-8.3618,61.5616
1,driving,-0.1667,0.6428,0.8225,-26.3824,-8.3771,61.5768
1,driving,-0.1643,0.6421,0.8193,-26.3290,-8.5449,61.6531
1,driving,-0.1655,0.6440,0.8137,-26.2833,-8.4915,61.7752
1,driving,-0.1638,0.6516,0.8154,-26.1917,-8.4610,61.8515
1,driving,-0.1648,0.6479,0.8152,-26.0239,-8.4839,61.8286
1,driving,-0.1626,0.6455,0.8123,-26.0696,-8.5678,61.9125
1,driving,-0.1616,0.6467,0.8093,-26.1459,-8.6746,62.1185
1,driving,-0.1606,0.6450,0.8105,-26.0315,-8.6060,62.2559
1,driving,-0.1531,0.6484,0.8005,-25.8026,-8.5602,62.3474
1,driving,-0.1562,0.6479,0.8088,-25.7492,-8.5754,62.4237
1,driving,-0.1558,0.6470,0.8176,-25.6882,-8.7585,62.4771
1,driving,-0.1545,0.6509,0.8142,-25.6195,-9.0103,62.6602
1,driving,-0.1597,0.6470,0.8149,-25.4898,-9.0561,62.6984
1,driving,-0.1548,0.6428,0.8179,-25.5814,-9.3460,62.7975
1,driving,-0.1562,0.6423,0.8250,-25.5966,-9.6588,63.0341
1,driving,-0.1519,0.6401,0.8203,-25.3601,-9.8724,63.0951
1,driving,-0.1519,0.6423,0.8154,-25.3220,-9.7427,62.9120
1,driving,-0.1506,0.6421,0.8162,-25.3754,-9.6436,63.0417
1,driving,-0.1462,0.6438,0.8174,-25.4517,-9.7656,63.3850
1,driving,-0.1484,0.6399,0.8232,-25.3143,-9.9564,63.3774
1,driving,-0.1465,0.6375,0.8242,-25.2380,-10.0708,63.3774
1,driving,-0.1414,0.6345,0.8154,-25.2304,-9.9335,63.4766
1,driving,-0.1433,0.6328,0.8193,-25.3906,-9.9564,63.4537
1,driving,-0.1450,0.6294,0.8230,-25.4364,-10.0250,63.4613
1,driving,-0.1414,0.6262,0.8213,-25.3601,-10.2234,63.4918
1,driving,-0.1416,0.6226,0.8196,-25.2609,-10.4446,63.5529
1,driving,-0.1387,0.6252,0.8149,-25.2380,-10.5209,63.6368
1,driving,-0.1353,0.6206,0.8152,-25.0549,-10.6583,63.6826
1,driving,-0.1343,0.6152,0.8157,-24.9710,-10.5133,63.8275
1,driving,-0.1372,0.6167,0.8203,-24.9863,-10.5667,63.8962
1,driving,-0.1382,0.6152,0.8152,-24.9557,-10.5820,63.8885
1,driving,-0.1333,0.6125,0.8171,-24.8260,-10.6049,63.8580
1,driving,-0.1301,0.6113,0.8140,-24.7116,-10.7422,64.0717
1,driving,-0.1277,0.6111,0.8076,-24.6964,-10.9711,63.9954
1,driving,-0.1240,0.6099,0.8081,-24.5590,-10.9711,63.9877
1,driving,-0.1248,0.6106,0.8145,-24.5132,-10.8566,64.0640
1,driving,-0.1223,0.6089,0.8164,-24.3454,-10.8032,64.0106
1,driving,-0.1235,0.6096,0.8196,-24.2386,-10.8948,63.9496
1,driving,-0.1216,0.6116,0.8223,-24.3378,-11.1465,63.9496
1,driving,-0.1226,0.6040,0.8140,-24.3454,-11.2381,63.9648
1,driving,-0.1211,0.5996,0.8135,-24.3149,-11.2228,63.7665
1,driving,-0.1145,0.6091,0.8135,-24.4751,-11.2000,63.6749
1,driving,-0.1050,0.6072,0.8171,-24.5667,-11.1771,63.7360
1,driving,-0.1106,0.6047,0.8088,-24.5438,-11.0168,63.7894
1,driving,-0.1084,0.6028,0.8110,-24.5438,-10.9711,63.7436
1,driving,-0.1082,0.6038,0.8147,-24.4522,-10.8337,63.7054
1,driving,-0.1021,0.6040,0.8076,-24.3378,-10.6125,63.7360
1,driving,-0.1057,0.6021,0.8020,-24.4904,-10.4141,63.7131
1,driving,-0.1016,0.5959,0.8044,-24.5438,-10.2844,63.7436
1,driving,-0.0911,0.5984,0.8079,-24.5514,-10.2310,63.5681
1,driving,-0.0940,0.5986,0.8093,-24.7116,-9.8953,63.3774
1,driving,-0.0925,0.5930,0.8081,-24.7879,-9.5139,63.0875
1,driving,-0.0935,0.5989,0.8076,-24.7498,-9.4070,63.0798
1,driving,-0.0876,0.5969,0.8098,-24.7879,-9.2087,63.0798
1,driving,-0.0874,0.5991,0.8005,-24.7650,-9.0408,63.0112
1,driving,-0.0857,0.5940,0.8008,-24.8489,-8.9340,62.9578
1,driving,-0.0850,0.5947,0.8059,-24.9634,-8.9188,62.7289
1,driving,-0.0811,0.5959,0.8108,-25.2075,-8.7891,62.5992
1,driving,-0.0786,0.5979,0.8093,-25.3677,-8.6136,62.5916
1,driving,-0.0764,0.5967,0.8076,-25.6119,-8.3923,62.4771
1,driving,-0.0752,0.5962,0.8108,-25.7721,-8.2169,62.5229
1,driving,-0.0747,0.5977,0.8059,-25.7645,-7.9346,62.4695
1,driving,-0.0693,0.5967,0.8140,-25.8102,-7.6828,62.4008
1,driving,-0.0696,0.5938,0.8203,-26.0544,-7.5531,62.3932
1,driving,-0.0688,0.5925,0.8123,-26.2375,-7.2784,62.0728
1,driving,-0.0640,0.6008,0.8167,-26.3824,-7.0953,62.0041
1,driving,-0.0674,0.5935,0.8174,-26.4435,-6.8970,62.0041
1,driving,-0.0615,0.5923,0.8147,-26.2527,-6.6452,62.0728
1,driving,-0.0637,0.5996,0.8262,-26.3901,-6.3171,61.9888
1,driving,-0.0627,0.6016,0.8208,-26.4893,-6.1264,61.8439
1,driving,-0.0588,0.5974,0.8186,-26.2451,-5.8899,61.9583
1,driving,-0.0566,0.6013,0.8132,-25.9552,-5.7678,61.9736
1,driving,-0.0610,0.5972,0.8164,-25.9171,-5.5313,61.8744
1,driving,-0.0615,0.5984,0.8083,-25.8408,-5.2948,61.8057
1,driving,-0.0576,0.6069,0.8118,-25.7721,-5.0507,61.6531
1,driving,-0.0601,0.6018,0.8188,-25.6119,-4.8523,61.6302
1,driving,-0.0566,0.6040,0.8284,-25.4059,-4.7684,61.6760
1,driving,-0.0535,0.6079,0.8276,-25.3525,-4.6310,61.6302
1,driving,-0.0537,0.6040,0.8286,-25.3906,-4.4861,61.4777
1,driving,-0.0562,0.6069,0.8362,-25.3372,-4.4632,61.5158
1,driving,-0.0603,0.6208,0.8372,-25.1236,-4.3793,61.7981
1,driving,-0.0574,0.6208,0.8425,-24.7116,-4.2267,62.0346
1,driving,-0.0562,0.6179,0.8433,-24.5438,-4.2648,62.0651
1,driving,-0.0525,0.6184,0.8462,-24.9023,-4.4708,61.9888
1,driving,-0.0530,0.6218,0.8447,-25.3372,-4.7073,61.8210
1,driving,-0.0559,0.6245,0.8352,-25.6195,-4.8676,61.7447
1,driving,-0.0571,0.6289,0.8311,-25.5814,-4.8523,61.9659
1,driving,-0.0527,0.6340,0.8401,-25.4745,-4.7760,62.3245
1,driving,-0.0596,0.6272,0.8428,-25.2914,-4.7913,62.6831
1,driving,-0.0637,0.6272,0.8447,-24.9557,-4.9896,62.8662
1,driving,-0.0664,0.6238,0.8528,-24.7345,-5.0583,63.1027
1,driving,-0.0664,0.6182,0.8496,-24.6582,-5.0659,63.4384
1,driving,-0.0681,0.6182,0.8545,-24.3225,-5.3329,63.6292
1,driving,-0.0605,0.6179,0.8589,-24.0936,-5.7144,63.8809
1,driving,-0.0564,0.6174,0.8547,-23.9563,-5.9128,64.1632
1,driving,-0.0527,0.6169,0.8572,-23.9716,-6.1722,64.0869
1,driving,-0.0540,0.6147,0.8611,-23.9258,-6.4392,63.8504
1,driving,-0.0525,0.6099,0.8577,-23.7045,-6.7902,64.0640
1,driving,-0.0510,0.6030,0.8491,-23.5901,-6.9885,64.3692
1,driving,-0.0469,0.6047,0.8660,-23.7198,-7.2021,64.5218
1,driving,-0.0381,0.6045,0.8623,-23.8419,-7.3929,64.4989
1,driving,-0.0342,0.6057,0.8564,-23.8876,-7.5302,64.3311
1,driving,-0.0325,0.5969,0.8530,-23.9487,-7.5989,64.3616
1,driving,-0.0283,0.5933,0.8423,-24.0860,-7.5684,64.4302
1,driving,-0.0242,0.5896,0.8372,-24.1470,-7.4921,64.4150
1,driving,-0.0269,0.5869,0.8340,-24.1928,-7.2708,64.3845
1,driving,-0.0273,0.5857,0.8418,-24.1318,-7.1487,64.2700
1,driving,-0.0251,0.5823,0.8494,-24.2767,-6.9809,64.2853
1,driving,-0.0254,0.5867,0.8425,-24.4064,-6.7825,64.2242
1,driving,-0.0225,0.5825,0.8435,-24.3759,-6.5460,64.1098
1,driving,-0.0193,0.5825,0.8398,-24.4446,-6.3934,63.9267
1,driving,-0.0149,0.5811,0.8420,-24.5361,-6.4926,63.8885
1,driving,-0.0139,0.5820,0.8374,-24.5132,-6.3400,63.8199
1,driving,-0.0037,0.5764,0.8362,-24.5056,-6.3095,63.6978
1,driving,-0.0066,0.5813,0.8503,-24.3912,-6.1874,63.6978
1,driving,-0.0049,0.5811,0.8445,-24.3454,-6.0730,63.4918
1,driving,-0.0024,0.5857,0.8411,-24.1776,-6.1264,63.4842
1,driving,-0.0107,0.5752,0.8389,-24.2081,-5.9967,63.4842
1,driving,-0.0037,0.5781,0.8398,-24.0555,-5.8289,63.3774
1,driving,0.0012,0.5779,0.8398,-23.8113,-5.8060,63.4079
1,driving,-0.0078,0.5759,0.8440,-23.4528,-5.9509,63.3545
1,driving,-0.0049,0.5735,0.8440,-23.3307,-6.2714,63.2172
1,driving,-0.0054,0.5718,0.8381,-23.3078,-6.2485,63.1256
1,driving,0.0007,0.5728,0.8418,-23.2162,-6.2714,62.9272
1,driving,-0.0007,0.5754,0.8386,-23.0103,-6.2866,62.7670
1,driving,-0.0042,0.5793,0.8379,-22.7051,-6.2332,62.8357
1,driving,-0.0054,0.5767,0.8403,-22.4304,-6.4316,62.9578
1,driving,-0.0029,0.5786,0.8467,-22.1710,-6.3095,63.0341
1,driving,-0.0032,0.5784,0.8452,-21.7819,-6.1111,62.9654
1,driving,-0.0039,0.5742,0.8345,-21.3089,-6.1493,63.0646
1,driving,-0.0017,0.5706,0.8357,-20.8740,-6.1569,63.0951
1,driving,0.0032,0.5718,0.8342,-20.5612,-6.0730,63.3087
1,driving,-0.0022,0.5723,0.8381,-20.2332,-6.1569,63.1561
1,driving,0.0034,0.5762,0.8347,-19.9890,-6.2943,63.0035
