dataset_id,gesture,ax,ay,az,gx,gy,gz
1,throwing,-0.0554,0.3296,1.0361,-2.0065,0.9232,-0.3738
1,throwing,-0.0554,0.3296,1.0361,-2.0218,1.0223,-0.3891
1,throwing,-0.0574,0.3347,1.0320,-2.0523,1.1902,-0.3052
1,throwing,-0.0576,0.3374,1.0400,-2.0370,1.0300,-0.2518
1,throwing,-0.0603,0.3350,1.0315,-2.1133,0.9232,-0.3433
1,throwing,-0.0581,0.3384,1.0295,-2.2812,0.9613,-0.4196
1,throwing,-0.0532,0.3398,1.0347,-2.5940,1.0071,-0.4196
1,throwing,-0.0598,0.3364,1.0444,-2.8000,1.1063,-0.4883
1,throwing,-0.0586,0.3411,1.0452,-2.9831,1.0681,-0.4425
1,throwing,-0.0525,0.3403,1.0403,-3.0746,0.9766,-0.4578
1,throwing,-0.0581,0.3396,1.0344,-3.0365,0.9613,-0.5264
1,throwing,-0.0605,0.3452,1.0356,-3.1052,0.8392,-0.5798
1,throwing,-0.0562,0.3425,1.0388,-3.2425,0.8316,-0.5493
1,throwing,-0.0593,0.3396,1.0288,-3.4027,0.7019,-0.5875
1,throwing,-0.0632,0.3418,1.0322,-3.5019,0.6714,-0.4425
1,throwing,-0.0654,0.3423,1.0273,-3.5858,0.6256,-0.2365
1,throwing,-0.0696,0.3425,1.0288,-3.7079,0.4883,-0.4272
1,throwing,-0.0618,0.3394,1.0342,-3.8300,0.6332,-0.5646
1,throwing,-0.0554,0.3357,1.0374,-3.8147,0.6332,-0.4807
1,throwing,-0.0645,0.3430,1.0320,-3.8757,0.5722,-0.4196
1,throwing,-0.0630,0.3376,1.0244,-4.1199,0.5264,-0.4196
1,throwing,-0.0649,0.3352,1.0342,-4.1199,0.5264,-0.4578
1,throwing,-0.0725,0.3398,1.0320,-3.8071,0.5569,-0.6027
1,throwing,-0.0642,0.3386,1.0349,-3.6087,0.4272,-0.4730
1,throwing,-0.0667,0.3413,1.0391,-3.5782,0.2594,-0.3586
1,throwing,-0.0659,0.3459,1.0315,-3.3798,0.1755,-0.4654
1,throwing,-0.0730,0.3491,1.0361,-3.0441,0.0763,-0.3738
1,throwing,-0.0708,0.3484,1.0303,-2.7618,-0.0687,-0.2365
1,throwing,-0.0703,0.3530,1.0293,-2.6245,0.0229,-0.0458
1,throwing,-0.0728,0.3562,1.0310,-2.4261,0.0229,0.1068
1,throwing,-0.0735,0.3623,1.0283,-2.5024,-0.1831,0.2899
1,throwing,-0.0696,0.3640,1.0283,-2.4261,-0.2289,0.4730
1,throwing,-0.0754,0.3662,1.0242,-2.3804,-0.5188,0.7248
1,throwing,-0.0750,0.3613,1.0186,-2.4414,-0.5112,0.9537
1,throwing,-0.0759,0.3657,1.0256,-2.5101,-0.5417,1.0223
1,throwing,-0.0771,0.3640,1.0266,-2.6855,-0.6485,1.1826
1,throwing,-0.0815,0.3621,1.0212,-2.8687,-0.6256,1.2054
1,throwing,-0.0815,0.3623,1.0120,-2.9297,-0.8316,1.3123
1,throwing,-0.0710,0.3650,1.0115,-2.7771,-1.0300,1.3962
1,throwing,-0.0679,0.3652,1.0125,-2.9297,-0.8926,1.4343
1,throwing,-0.0735,0.3735,1.0132,-3.2959,-0.8316,1.6708
1,throwing,-0.0750,0.3723,1.0244,-3.5172,-0.8011,1.8158
1,throwing,-0.0710,0.3645,1.0115,-3.5934,-0.7553,1.8616
1,throwing,-0.0752,0.3691,1.0159,-3.7231,-0.7172,1.9455
1,throwing,-0.0767,0.3699,1.0249,-3.6697,-0.7477,2.1362
1,throwing,-0.0747,0.3716,1.0266,-3.6621,-0.8087,2.3117
1,throwing,-0.0769,0.3718,1.0210,-3.7460,-0.8621,2.5940
1,throwing,-0.0835,0.3723,1.0132,-3.8376,-0.7095,2.6703
1,throwing,-0.0767,0.3779,1.0203,-3.9673,-0.7858,2.6855
1,throwing,-0.0818,0.3713,1.0244,-4.0054,-0.9995,2.8229
1,throwing,-0.0752,0.3616,1.0273,-4.0359,-1.0376,2.9602
1,throwing,-0.0732,0.3633,1.0242,-4.0436,-1.0681,3.0518
1,throwing,-0.0754,0.3621,1.0090,-4.1046,-1.0834,3.1509
1,throwing,-0.0723,0.3599,1.0100,-4.2038,-1.2589,3.3798
1,throwing,-0.0710,0.3557,1.0115,-4.3182,-1.2360,3.4256
1,throwing,-0.0696,0.3538,1.0100,-4.2038,-1.0452,3.5629
1,throwing,-0.0730,0.3508,1.0098,-4.1809,-0.9918,3.6316
1,throwing,-0.0708,0.3484,1.0125,-4.2419,-1.0910,3.6316
1,throwing,-0.0735,0.3467,1.0088,-4.2648,-0.9537,3.6316
1,throwing,-0.0691,0.3464,1.0193,-4.3488,-0.7782,3.7155
1,throwing,-0.0720,0.3506,1.0225,-4.4479,-0.6409,3.8300
1,throwing,-0.0740,0.3472,1.0190,-4.4785,-0.6332,3.9597
1,throwing,-0.0703,0.3420,1.0154,-4.5242,-0.5493,3.9902
1,throwing,-0.0713,0.3438,1.0259,-4.5547,-0.5722,3.8223
1,throwing,-0.0657,0.3413,1.0247,-4.6234,-0.6561,3.9749
1,throwing,-0.0671,0.3386,1.0234,-4.7302,-0.5798,4.1428
1,throwing,-0.0635,0.3413,1.0259,-4.7531,-0.4807,4.1885
1,throwing,-0.0640,0.3389,1.0195,-4.9210,-0.5722,4.0741
1,throwing,-0.0642,0.3403,1.0305,-5.1498,-0.5493,3.9673
1,throwing,-0.0635,0.3408,1.0334,-5.3864,-0.4425,3.9825
1,throwing,-0.0645,0.3364,1.0190,-5.4779,-0.2975,3.9825
1,throwing,-0.0627,0.3330,1.0181,-5.3635,-0.3204,3.8376
1,throwing,-0.0554,0.3318,1.0254,-5.4092,-0.3357,3.8528
1,throwing,-0.0508,0.3281,1.0251,-5.6763,-0.2441,3.8376
1,throwing,-0.0632,0.3252,1.0205,-5.8823,-0.0534,3.6469
1,throwing,-0.0618,0.3196,1.0193,-6.0654,0.0076,3.4561
1,throwing,-0.0664,0.3179,1.0222,-6.1722,0.1221,3.4790
1,throwing,-0.0583,0.3184,1.0269,-6.2714,0.0839,3.5706
1,throwing,-0.0618,0.3179,1.0247,-6.2790,0.0992,3.5324
1,throwing,-0.0596,0.3157,1.0332,-6.2714,-0.0076,3.3646
1,throwing,-0.0532,0.3152,1.0422,-6.1646,0.0000,3.1815
1,throwing,-0.0474,0.3110,1.0398,-6.1264,0.0305,2.8992
1,throwing,-0.0522,0.3105,1.0332,-6.2790,-0.0610,2.8687
1,throwing,-0.0496,0.3093,1.0461,-6.4468,-0.2441,2.8152
1,throwing,-0.0496,0.3059,1.0388,-6.4697,-0.3967,2.6169
1,throwing,-0.0525,0.3083,1.0410,-6.5155,-0.6409,2.4796
1,throwing,-0.0481,0.3022,1.0369,-6.4621,-0.6638,2.2812
1,throwing,-0.0508,0.3022,1.0381,-6.5155,-0.6332,2.2278
1,throwing,-0.0459,0.2983,1.0366,-6.4545,-0.7706,2.0447
1,throwing,-0.0437,0.2996,1.0352,-6.5765,-0.7095,2.0142
1,throwing,-0.0464,0.2996,1.0322,-6.8359,-0.6866,1.8921
1,throwing,-0.0398,0.2976,1.0286,-6.7978,-0.6561,1.7166
1,throwing,-0.0461,0.2996,1.0315,-6.7291,-0.7477,1.6251
1,throwing,-0.0471,0.2991,1.0376,-6.6757,-0.7172,1.3809
1,throwing,-0.0513,0.2976,1.0476,-6.6605,-0.6485,1.1826
1,throwing,-0.0557,0.2981,1.0366,-6.7673,-0.9079,0.9308
1,throwing,-0.0476,0.2959,1.0349,-6.8359,-0.9384,0.9384
1,throwing,-0.0498,0.2971,1.0364,-6.9046,-0.9918,0.7324
1,throwing,-0.0530,0.2979,1.0398,-6.7978,-1.0529,0.5722
1,throwing,-0.0520,0.3022,1.0371,-6.7139,-1.1063,0.3586
1,throwing,-0.0464,0.3079,1.0439,-6.7139,-1.2283,0.2060
1,throwing,-0.0471,0.3101,1.0432,-6.7444,-1.4038,0.1678
1,throwing,-0.0527,0.3040,1.0347,-6.8817,-1.3580,0.0763
1,throwing,-0.0520,0.3040,1.0386,-6.8665,-1.4267,-0.0381
1,throwing,-0.0508,0.3071,1.0405,-7.1793,-1.4725,-0.2060
1,throwing,-0.0557,0.3132,1.0393,-7.4539,-1.4877,-0.4578
1,throwing,-0.0566,0.3123,1.0417,-7.4921,-1.3885,-0.5035
1,throwing,-0.0603,0.3091,1.0420,-7.5226,-1.2665,-0.8850
1,throwing,-0.0591,0.3130,1.0427,-7.7057,-1.2054,-0.9537
1,throwing,-0.0564,0.3176,1.0396,-7.8278,-1.1597,-1.0147
1,throwing,-0.0601,0.3191,1.0430,-7.8354,-1.0910,-0.9995
1,throwing,-0.0627,0.3193,1.0366,-7.6141,-0.8850,-0.9766
1,throwing,-0.0691,0.3228,1.0466,-7.6294,-0.9918,-1.0605
1,throwing,-0.0669,0.3279,1.0410,-7.8125,-0.8087,-0.9003
1,throwing,-0.0696,0.3335,1.0469,-7.7286,-0.7401,-0.9079
1,throwing,-0.0691,0.3306,1.0496,-7.8430,-0.7629,-0.9918
1,throwing,-0.0703,0.3384,1.0571,-7.8812,-0.7935,-0.9460
1,throwing,-0.0688,0.3435,1.0503,-7.7515,-0.7248,-0.7782
1,throwing,-0.0715,0.3457,1.0508,-7.4539,-0.8392,-0.7019
1,throwing,-0.0720,0.3491,1.0613,-7.3318,-1.0300,-0.5951
1,throwing,-0.0747,0.3472,1.0596,-7.4997,-1.2131,-0.5798
1,throwing,-0.0781,0.3499,1.0630,-7.3090,-1.3046,-0.4501
1,throwing,-0.0730,0.3513,1.0610,-7.1564,-1.2970,-0.0992
1,throwing,-0.0752,0.3484,1.0513,-7.2174,-1.3504,-0.0992
1,throwing,-0.0835,0.3455,1.0525,-7.1030,-1.3580,-0.0839
1,throwing,-0.0796,0.3484,1.0537,-7.0038,-1.4801,-0.0916
1,throwing,-0.0779,0.3499,1.0615,-7.0267,-1.4114,0.1144
1,throwing,-0.0781,0.3496,1.0530,-7.0114,-1.4496,0.3357
1,throwing,-0.0808,0.3530,1.0520,-7.1106,-1.6098,0.4425
1,throwing,-0.0869,0.3567,1.0542,-7.2403,-1.6632,0.4272
1,throwing,-0.0862,0.3577,1.0547,-7.2937,-1.6632,0.4425
1,throwing,-0.0820,0.3555,1.0583,-7.1487,-1.9150,0.6332
1,throwing,-0.0815,0.3550,1.0630,-7.2021,-2.1667,0.8621
1,throwing,-0.0833,0.3533,1.0576,-7.3090,-2.3117,0.9537
1,throwing,-0.0823,0.3555,1.0566,-7.3395,-2.1744,0.9918
1,throwing,-0.0823,0.3579,1.0537,-7.3547,-2.1439,0.9766
1,throwing,-0.0840,0.3621,1.0554,-7.4615,-2.3727,0.9918
1,throwing,-0.0859,0.3586,1.0615,-7.6599,-2.5330,1.2741
1,throwing,-0.0850,0.3625,1.0596,-7.7820,-2.7084,1.4877
1,throwing,-0.0864,0.3574,1.0464,-7.6141,-2.8763,1.5488
1,throwing,-0.0903,0.3616,1.0498,-7.4768,-3.0212,1.6403
1,throwing,-0.0842,0.3601,1.0576,-7.4692,-3.1509,1.7853
1,throwing,-0.0864,0.3560,1.0569,-7.5760,-3.1738,1.9836
1,throwing,-0.0859,0.3574,1.0552,-7.7057,-3.0823,2.0752
1,throwing,-0.0823,0.3567,1.0454,-7.7744,-3.2272,2.2430
1,throwing,-0.0852,0.3545,1.0557,-7.7438,-3.4790,2.4185
1,throwing,-0.0823,0.3501,1.0596,-7.6218,-3.5172,2.4796
1,throwing,-0.0798,0.3445,1.0554,-7.6218,-3.5629,2.5406
1,throwing,-0.0815,0.3447,1.0564,-7.7438,-3.8757,2.6932
1,throwing,-0.0771,0.3430,1.0574,-7.5836,-4.0207,2.7466
1,throwing,-0.0769,0.3447,1.0618,-7.4081,-4.0970,2.7313
1,throwing,-0.0735,0.3491,1.0557,-7.3471,-4.0970,2.7390
1,throwing,-0.0767,0.3477,1.0520,-7.2250,-4.1428,2.8839
1,throwing,-0.0803,0.3445,1.0500,-7.2098,-4.4098,2.9221
1,throwing,-0.0776,0.3452,1.0574,-7.0724,-4.5242,2.8763
1,throwing,-0.0801,0.3438,1.0647,-6.9885,-4.5624,3.0289
1,throwing,-0.0759,0.3428,1.0618,-6.9809,-4.7073,3.1357
1,throwing,-0.0750,0.3440,1.0515,-6.8588,-4.9210,3.2196
1,throwing,-0.0710,0.3391,1.0488,-6.9122,-4.9973,3.1128
1,throwing,-0.0745,0.3386,1.0461,-6.9275,-5.0201,3.0899
1,throwing,-0.0754,0.3376,1.0442,-6.9122,-5.0735,3.1281
1,throwing,-0.0691,0.3323,1.0493,-6.9656,-5.1270,3.1052
1,throwing,-0.0723,0.3333,1.0564,-6.9046,-5.2185,3.0746
1,throwing,-0.0740,0.3379,1.0496,-6.7062,-5.2414,3.0289
1,throwing,-0.0801,0.3291,1.0461,-6.7139,-5.2032,2.7771
1,throwing,-0.0684,0.3293,1.0513,-6.8054,-5.0430,2.7542
1,throwing,-0.0688,0.3284,1.0522,-6.7291,-5.0812,2.8458
1,throwing,-0.0649,0.3271,1.0427,-6.8359,-5.1727,3.0518
1,throwing,-0.0652,0.3286,1.0447,-6.8970,-5.3253,2.9068
1,throwing,-0.0581,0.3274,1.0479,-6.8665,-5.2490,2.7924
1,throwing,-0.0583,0.3286,1.0444,-6.8970,-5.1727,2.8610
1,throwing,-0.0596,0.3342,1.0515,-7.0419,-5.2948,2.8381
1,throwing,-0.0581,0.3274,1.0479,-6.9504,-5.2109,2.7466
1,throwing,-0.0596,0.3254,1.0432,-6.8893,-5.2414,2.7618
1,throwing,-0.0601,0.3267,1.0381,-6.9046,-5.2261,2.6703
1,throwing,-0.0598,0.3328,1.0378,-7.1564,-5.2338,2.8610
1,throwing,-0.0645,0.3342,1.0386,-7.2479,-5.2948,2.9068
1,throwing,-0.0608,0.3289,1.0327,-7.2632,-5.1270,2.7618
1,throwing,-0.0623,0.3208,1.0383,-7.2556,-4.9057,2.6779
1,throwing,-0.0566,0.3279,1.0371,-7.3471,-4.9133,2.6474
1,throwing,-0.0515,0.3289,1.0393,-7.4844,-4.8676,2.5253
1,throwing,-0.0481,0.3247,1.0303,-7.4234,-4.8523,2.6169
1,throwing,-0.0535,0.3235,1.0442,-7.3471,-4.8065,2.6016
1,throwing,-0.0532,0.3191,1.0500,-7.3242,-4.7455,2.4109
1,throwing,-0.0510,0.3220,1.0364,-7.4234,-4.5090,2.3575
1,throwing,-0.0479,0.3293,1.0393,-7.6447,-4.3945,2.3193
1,throwing,-0.0486,0.3279,1.0491,-7.5226,-4.4556,2.2278
1,throwing,-0.0422,0.3289,1.0427,-7.3853,-4.1656,2.1286
1,throwing,-0.0508,0.3262,1.0320,-7.4234,-3.9825,2.1973
1,throwing,-0.0471,0.3293,1.0247,-7.5226,-3.7384,2.3193
1,throwing,-0.0469,0.3252,1.0249,-7.5455,-3.6697,2.2354
1,throwing,-0.0437,0.3276,1.0393,-7.6904,-3.6087,2.1973
1,throwing,-0.0464,0.3286,1.0359,-7.5989,-3.4485,2.0523
1,throwing,-0.0449,0.3311,1.0376,-7.5226,-3.4180,2.1210
1,throwing,-0.0447,0.3345,1.0464,-7.7133,-3.3646,2.2125
1,throwing,-0.0493,0.3313,1.0442,-7.7515,-3.3798,2.1820
1,throwing,-0.0486,0.3369,1.0466,-7.7515,-3.3417,2.1210
1,throwing,-0.0457,0.3367,1.0393,-7.7438,-3.3035,2.2125
1,throwing,-0.0508,0.3408,1.0457,-7.6752,-3.1815,2.1591
1,throwing,-0.0518,0.3359,1.0452,-7.8506,-3.0823,2.1591
1,throwing,-0.0518,0.3391,1.0352,-7.9651,-2.9068,2.3575
1,throwing,-0.0498,0.3438,1.0432,-7.9880,-2.8687,2.4261
1,throwing,-0.0530,0.3384,1.0356,-8.1329,-2.7847,2.3117
1,throwing,-0.0532,0.3394,1.0417,-8.2092,-2.7084,2.2888
1,throwing,-0.0486,0.3440,1.0464,-8.1329,-2.5101,2.3499
1,throwing,-0.0557,0.3394,1.0447,-8.1482,-2.1973,2.3804
1,throwing,-0.0554,0.3420,1.0476,-8.2169,-2.0294,2.6474
1,throwing,-0.0603,0.3411,1.0439,-8.2321,-1.8768,2.8229
1,throwing,-0.0588,0.3418,1.0444,-8.2397,-1.7853,2.9297
1,throwing,-0.0588,0.3430,1.0444,-8.3389,-1.5411,2.8992
1,throwing,-0.0586,0.3403,1.0454,-8.3618,-1.2283,2.8458
1,throwing,-0.0564,0.3403,1.0415,-8.4229,-1.1063,2.6093
1,throwing,-0.0576,0.3384,1.0349,-8.4381,-0.9003,2.6245
1,throwing,-0.0586,0.3318,1.0457,-8.3694,-0.9003,2.8152
1,throwing,-0.0645,0.3335,1.0469,-8.2932,-0.8621,2.9755
1,throwing,-0.0564,0.3308,1.0476,-8.0872,-0.6180,3.1281
1,throwing,-0.0635,0.3291,1.0493,-8.1635,-0.3738,3.1204
1,throwing,-0.0654,0.3320,1.0518,-8.0872,-0.2594,3.1586
1,throwing,-0.0652,0.3330,1.0640,-8.0414,-0.3204,3.1357
1,throwing,-0.0603,0.3359,1.0654,-8.0414,-0.2747,3.2425
1,throwing,-0.0591,0.3313,1.0610,-8.1177,-0.1907,3.2349
1,throwing,-0.0640,0.3267,1.0635,-7.9956,-0.1755,3.2730
1,throwing,-0.0654,0.3301,1.0713,-7.8812,-0.1831,3.4027
1,throwing,-0.0657,0.3274,1.0706,-7.6981,-0.1755,3.2501
1,throwing,-0.0679,0.3286,1.0725,-7.5989,-0.1526,3.1891
1,throwing,-0.0679,0.3276,1.0784,-7.5455,-0.0305,3.3188
1,throwing,-0.0686,0.3267,1.0754,-7.5455,-0.0763,3.3722
1,throwing,-0.0706,0.3232,1.0691,-7.5073,-0.0992,3.1662
1,throwing,-0.0757,0.3242,1.0688,-7.3776,0.0153,3.1128
1,throwing,-0.0745,0.3218,1.0786,-7.3013,-0.0839,3.1815
1,throwing,-0.0798,0.3203,1.0789,-7.1716,-0.0534,2.9373
1,throwing,-0.0833,0.3240,1.0735,-7.0038,-0.0687,2.7924
1,throwing,-0.0854,0.3232,1.0720,-6.9580,-0.1068,2.9068
1,throwing,-0.0840,0.3203,1.0725,-6.9199,-0.0763,2.9602
1,throwing,-0.0796,0.3176,1.0813,-7.0267,-0.0534,2.9526
1,throwing,-0.0798,0.3171,1.0747,-6.9962,-0.0916,2.9144
1,throwing,-0.0830,0.3125,1.0876,-6.7368,-0.2670,2.7618
1,throwing,-0.0845,0.3184,1.0879,-6.6376,-0.2670,2.5406
1,throwing,-0.0894,0.3213,1.0886,-6.6757,-0.2518,2.6016
1,throwing,-0.0896,0.3188,1.0842,-6.7444,-0.3891,2.5635
1,throwing,-0.0906,0.3206,1.0879,-6.6986,-0.3967,2.4490
1,throwing,-0.0930,0.3228,1.0964,-6.6147,-0.5264,2.3499
1,throwing,-0.0906,0.3218,1.0977,-6.5002,-0.7248,2.3117
1,throwing,-0.0918,0.3235,1.1003,-6.3629,-0.7248,2.2354
1,throwing,-0.0991,0.3293,1.0920,-6.2332,-0.7706,2.2659
1,throwing,-0.0974,0.3250,1.0859,-6.1874,-0.7858,2.4414
1,throwing,-0.0989,0.3228,1.0923,-6.1493,-0.8850,2.2278
1,throwing,-0.1018,0.3276,1.0918,-6.1111,-1.0529,2.0828
1,throwing,-0.1067,0.3240,1.0979,-5.9586,-1.1444,2.1591
1,throwing,-0.1047,0.3308,1.0869,-5.7755,-1.1902,2.1667
1,throwing,-0.1001,0.3315,1.0884,-5.8060,-1.2589,2.2507
1,throwing,-0.1011,0.3340,1.0916,-5.8670,-1.4343,2.2964
1,throwing,-0.1077,0.3367,1.0857,-5.6763,-1.6174,2.3499
1,throwing,-0.1033,0.3384,1.0872,-5.5618,-1.7090,2.3880
1,throwing,-0.1104,0.3372,1.0862,-5.5923,-1.7548,2.3193
1,throwing,-0.1145,0.3357,1.0828,-5.5923,-1.8234,2.4643
1,throwing,-0.1128,0.3381,1.0754,-5.5313,-1.9379,2.5711
1,throwing,-0.1140,0.3445,1.0840,-5.5389,-2.1133,2.7390
1,throwing,-0.1194,0.3511,1.0845,-5.5008,-1.8692,2.7847
1,throwing,-0.1133,0.3547,1.0725,-5.4474,-1.8311,2.9221
1,throwing,-0.1128,0.3518,1.0745,-5.3024,-1.9302,2.9755
1,throwing,-0.1152,0.3508,1.0808,-5.1956,-2.1820,3.1891
1,throwing,-0.1123,0.3499,1.0801,-5.2338,-2.2507,3.2196
1,throwing,-0.1143,0.3569,1.0742,-5.1575,-2.2202,3.2730
1,throwing,-0.1194,0.3599,1.0876,-5.2032,-2.1820,3.5095
1,throwing,-0.1160,0.3545,1.0891,-5.0659,-2.1896,3.5553
1,throwing,-0.1147,0.3540,1.0813,-5.0659,-2.0370,3.8147
1,throwing,-0.1245,0.3604,1.0759,-5.0507,-2.0065,3.9368
1,throwing,-0.1252,0.3635,1.0747,-5.1422,-1.9760,4.1046
1,throwing,-0.1230,0.3665,1.0779,-5.0201,-1.9608,4.3259
1,throwing,-0.1277,0.3674,1.0808,-4.9667,-1.8311,4.4022
1,throwing,-0.1270,0.3650,1.0776,-5.0507,-1.8082,4.4785
1,throwing,-0.1296,0.3628,1.0706,-4.9210,-1.7242,4.6844
1,throwing,-0.1243,0.3674,1.0723,-4.8294,-1.5640,4.9973
1,throwing,-0.1265,0.3699,1.0645,-4.8599,-1.7548,5.2490
1,throwing,-0.1270,0.3689,1.0752,-4.7989,-1.7319,5.3787
1,throwing,-0.1243,0.3713,1.0762,-4.8447,-1.6937,5.2948
1,throwing,-0.1294,0.3743,1.0703,-5.1041,-1.6861,5.4932
1,throwing,-0.1292,0.3748,1.0706,-5.1956,-1.7624,5.6839
1,throwing,-0.1287,0.3762,1.0771,-5.1193,-1.6327,6.0120
1,throwing,-0.1287,0.3796,1.0752,-5.1117,-1.5945,6.2256
1,throwing,-0.1304,0.3840,1.0708,-5.1727,-1.5869,6.3553
1,throwing,-0.1350,0.3845,1.0652,-5.3406,-1.5106,6.5613
1,throwing,-0.1311,0.3848,1.0630,-5.4626,-1.2970,6.8207
1,throwing,-0.1287,0.3887,1.0564,-5.7297,-1.2589,7.0267
1,throwing,-0.1301,0.3884,1.0618,-5.8746,-1.1520,7.3395
1,throwing,-0.1296,0.3848,1.0579,-5.9052,-1.0147,7.4615
1,throwing,-0.1270,0.3835,1.0510,-5.9357,-0.8240,7.5989
1,throwing,-0.1289,0.3848,1.0566,-6.0577,-0.6409,7.9498
1,throwing,-0.1331,0.3816,1.0535,-6.0730,-0.5341,8.1558
1,throwing,-0.1230,0.3796,1.0569,-6.0501,-0.3662,8.5373
1,throwing,-0.1294,0.3823,1.0569,-6.1722,-0.4501,8.7662
1,throwing,-0.1274,0.3872,1.0576,-6.2943,-0.4501,9.0714
1,throwing,-0.1309,0.3850,1.0591,-6.3019,-0.4196,9.3384
1,throwing,-0.1313,0.3804,1.0579,-6.2943,-0.4120,9.5596
1,throwing,-0.1292,0.3809,1.0508,-6.1874,-0.1984,9.5978
1,throwing,-0.1230,0.3853,1.0532,-6.2637,-0.0305,9.9106
1,throwing,-0.1306,0.3835,1.0679,-6.3248,-0.0916,10.2234
1,throwing,-0.1304,0.3850,1.0693,-6.2485,-0.0458,10.4446
1,throwing,-0.1343,0.3774,1.0576,-6.1264,0.0687,10.5896
1,throwing,-0.1350,0.3733,1.0479,-6.0043,0.1907,10.8032
1,throwing,-0.1316,0.3718,1.0493,-5.9280,0.2670,11.0550
1,throwing,-0.1331,0.3723,1.0505,-5.7602,0.3433,11.2457
1,throwing,-0.1318,0.3696,1.0525,-5.8441,0.3586,11.4288
1,throwing,-0.1289,0.3713,1.0552,-5.7297,0.4120,11.5509
1,throwing,-0.1316,0.3694,1.0527,-5.6915,0.6638,11.6043
1,throwing,-0.1294,0.3689,1.0483,-5.6686,0.8240,11.7340
1,throwing,-0.1216,0.3691,1.0581,-5.7068,0.7401,12.1002
1,throwing,-0.1245,0.3616,1.0525,-5.5084,0.7477,12.2604
1,throwing,-0.1262,0.3667,1.0525,-5.4398,0.6943,12.3291
1,throwing,-0.1240,0.3630,1.0564,-5.3482,0.8621,12.4283
1,throwing,-0.1262,0.3577,1.0564,-5.3329,0.9308,12.4054
1,throwing,-0.1313,0.3599,1.0520,-5.4932,0.9460,12.4969
1,throwing,-0.1304,0.3606,1.0608,-5.4626,0.9232,12.6572
1,throwing,-0.1245,0.3596,1.0659,-5.5618,0.9308,12.8555
1,throwing,-0.1230,0.3591,1.0625,-5.4932,0.8774,13.0005
1,throwing,-0.1279,0.3584,1.0635,-5.4855,0.8316,13.0310
1,throwing,-0.1221,0.3594,1.0588,-5.5771,1.0452,12.9395
1,throwing,-0.1274,0.3582,1.0530,-5.7907,1.0147,12.8326
1,throwing,-0.1274,0.3591,1.0564,-5.7144,0.9079,12.9852
1,throwing,-0.1282,0.3601,1.0530,-5.7068,1.0071,13.0615
1,throwing,-0.1272,0.3586,1.0645,-5.7907,1.0452,13.0768
1,throwing,-0.1260,0.3579,1.0688,-5.8594,1.0452,13.1149
1,throwing,-0.1191,0.3567,1.0703,-5.9433,1.1444,13.1683
1,throwing,-0.1135,0.3572,1.0671,-6.0349,1.0376,13.3591
1,throwing,-0.1155,0.3625,1.0637,-5.9967,0.9308,13.4277
1,throwing,-0.1196,0.3621,1.0637,-6.0654,0.7858,13.4430
1,throwing,-0.1167,0.3596,1.0649,-6.2714,0.8774,13.4277
1,throwing,-0.1111,0.3560,1.0620,-6.3934,0.9384,13.6337
1,throwing,-0.1138,0.3542,1.0723,-6.3477,0.8392,13.8474
1,throwing,-0.1213,0.3542,1.0718,-6.2180,0.6409,13.7482
1,throwing,-0.1184,0.3584,1.0688,-6.2943,0.4044,13.7177
1,throwing,-0.1155,0.3550,1.0686,-6.3629,0.2899,13.8397
1,throwing,-0.1108,0.3552,1.0703,-6.3858,0.2441,13.9313
1,throwing,-0.1138,0.3569,1.0676,-6.3934,0.0458,13.9389
1,throwing,-0.1123,0.3521,1.0684,-6.2714,-0.0229,13.9694
1,throwing,-0.1121,0.3589,1.0740,-6.2866,-0.0076,13.9923
1,throwing,-0.1116,0.3633,1.0872,-6.3629,-0.1221,13.9694
1,throwing,-0.1130,0.3572,1.0833,-6.3553,-0.3967,13.8092
1,throwing,-0.1084,0.3513,1.0752,-6.2714,-0.5798,14.0152
1,throwing,-0.1050,0.3518,1.0759,-6.2866,-0.4883,14.1602
1,throwing,-0.1040,0.3511,1.0793,-6.3324,-0.7248,14.2136
1,throwing,-0.1062,0.3496,1.0886,-6.1417,-0.9613,14.2288
1,throwing,-0.1106,0.3557,1.0776,-5.9433,-1.0223,14.4272
1,throwing,-0.1072,0.3604,1.0779,-5.9662,-1.0071,14.3814
1,throwing,-0.1060,0.3586,1.0811,-5.8823,-1.1826,14.3356
1,throwing,-0.1079,0.3567,1.0745,-5.7983,-1.4038,14.4501
1,throwing,-0.1096,0.3574,1.0747,-5.8517,-1.6403,14.4730
1,throwing,-0.1072,0.3572,1.0815,-5.8823,-1.6937,14.6179
1,throwing,-0.1001,0.3550,1.0815,-5.7449,-1.8387,14.9231
1,throwing,-0.0981,0.3494,1.0781,-5.7526,-1.8463,14.8849
1,throwing,-0.0984,0.3530,1.0789,-5.7068,-1.9150,14.8239
1,throwing,-0.1016,0.3574,1.0740,-5.7220,-1.9226,14.9612
1,throwing,-0.0950,0.3560,1.0718,-5.6534,-1.9226,15.1978
1,throwing,-0.0984,0.3489,1.0747,-5.5695,-2.0981,15.2359
1,throwing,-0.0969,0.3525,1.0779,-5.5313,-2.1286,15.2664
1,throwing,-0.0938,0.3525,1.0737,-5.3253,-2.1362,15.2969
1,throwing,-0.0908,0.3562,1.0686,-5.1956,-2.1515,15.4114
1,throwing,-0.0881,0.3486,1.0649,-5.0735,-2.3499,15.4572
1,throwing,-0.0852,0.3486,1.0681,-5.0354,-2.6398,15.5487
1,throwing,-0.0835,0.3484,1.0688,-4.8599,-2.6093,15.5640
1,throwing,-0.0850,0.3508,1.0610,-4.7379,-2.5177,15.7852
1,throwing,-0.0864,0.3521,1.0681,-4.6539,-2.6703,15.9302
1,throwing,-0.0842,0.3533,1.0752,-4.6158,-2.7847,15.9225
1,throwing,-0.0835,0.3513,1.0745,-4.5013,-2.9297,15.9073
1,throwing,-0.0881,0.3499,1.0740,-4.2267,-3.0594,16.0446
1,throwing,-0.0862,0.3462,1.0684,-4.0817,-3.0899,16.0980
1,throwing,-0.0906,0.3459,1.0723,-4.0436,-3.1204,16.1285
1,throwing,-0.0896,0.3467,1.0730,-3.8681,-3.1281,16.0599
1,throwing,-0.0879,0.3494,1.0598,-3.8376,-3.2349,16.1972
1,throwing,-0.0872,0.3481,1.0613,-3.8681,-3.2883,16.2964
1,throwing,-0.0872,0.3547,1.0720,-3.7994,-3.3951,16.2659
1,throwing,-0.0833,0.3467,1.0625,-3.5629,-3.2806,16.2048
1,throwing,-0.0859,0.3481,1.0652,-3.5858,-3.1662,16.2735
1,throwing,-0.0850,0.3516,1.0696,-3.5706,-3.2425,16.2201
1,throwing,-0.0837,0.3538,1.0596,-3.6087,-3.1891,16.2888
1,throwing,-0.0847,0.3591,1.0588,-3.9139,-3.0060,16.3803
1,throwing,-0.0815,0.3606,1.0613,-3.8452,-2.9373,16.3956
1,throwing,-0.0818,0.3665,1.0496,-3.8223,-2.8915,16.5024
1,throwing,-0.0828,0.3682,1.0469,-3.8223,-2.8992,16.7389
1,throwing,-0.0764,0.3643,1.0466,-3.7689,-2.6550,16.9373
1,throwing,-0.0886,0.3662,1.0442,-3.8376,-2.3956,17.0364
1,throwing,-0.0903,0.3682,1.0466,-3.7613,-2.2736,17.0746
1,throwing,-0.0879,0.3706,1.0459,-3.8376,-2.0752,17.0898
1,throwing,-0.0974,0.3682,1.0471,-3.9215,-1.9531,17.2272
1,throwing,-0.0930,0.3684,1.0388,-4.0436,-1.7319,17.4713
1,throwing,-0.0984,0.3630,1.0396,-4.0512,-1.5717,17.5171
1,throwing,-0.0974,0.3630,1.0437,-4.1046,-1.4114,17.6620
1,throwing,-0.1035,0.3633,1.0381,-4.0588,-1.2894,17.6697
1,throwing,-0.0991,0.3618,1.0388,-4.1122,-1.1520,17.7002
1,throwing,-0.1033,0.3618,1.0361,-4.2419,-0.9003,17.8375
1,throwing,-0.1047,0.3687,1.0334,-4.4174,-0.7248,17.9901
1,throwing,-0.1052,0.3667,1.0293,-4.4861,-0.5493,18.1732
1,throwing,-0.1052,0.3635,1.0330,-4.7607,-0.3891,18.3182
1,throwing,-0.1074,0.3708,1.0334,-4.7455,-0.1221,18.6157
1,throwing,-0.1111,0.3762,1.0322,-4.6997,0.2213,18.7531
1,throwing,-0.1033,0.3755,1.0361,-4.6692,0.4959,18.8065
1,throwing,-0.1116,0.3767,1.0408,-4.7684,0.8774,18.7912
1,throwing,-0.1155,0.3792,1.0361,-4.7684,1.1444,19.1879
1,throwing,-0.1182,0.3784,1.0320,-4.8447,1.1520,19.1803
1,throwing,-0.1189,0.3782,1.0366,-4.8599,1.2894,19.3710
1,throwing,-0.1172,0.3850,1.0349,-4.7455,1.5564,19.6762
1,throwing,-0.1240,0.3877,1.0332,-4.7073,1.8616,19.9280
1,throwing,-0.1284,0.3850,1.0400,-4.7607,2.1286,20.0958
1,throwing,-0.1296,0.3853,1.0383,-4.8981,2.2202,20.3018
1,throwing,-0.1282,0.3892,1.0374,-4.9438,2.2507,20.5612
1,throwing,-0.1267,0.3840,1.0427,-4.8447,2.2354,20.7901
1,throwing,-0.1306,0.3806,1.0432,-4.8294,2.4033,20.9808
1,throwing,-0.1328,0.3843,1.0396,-4.9133,2.5177,21.1334
1,throwing,-0.1262,0.3843,1.0398,-4.8141,2.7084,21.2250
1,throwing,-0.1362,0.3879,1.0327,-4.8447,2.7924,21.5149
1,throwing,-0.1340,0.3953,1.0334,-4.9515,2.7161,21.8124
1,throwing,-0.1323,0.3918,1.0359,-4.8981,2.7847,21.9345
1,throwing,-0.1406,0.3892,1.0393,-4.7150,3.1052,22.2168
1,throwing,-0.1401,0.3953,1.0305,-4.8218,3.2654,22.5143
1,throwing,-0.1450,0.3979,1.0352,-4.7531,3.3875,22.6898
1,throwing,-0.1460,0.3972,1.0432,-4.7760,3.4790,22.8653
1,throwing,-0.1479,0.3979,1.0403,-4.8141,3.6697,23.1171
1,throwing,-0.1455,0.3999,1.0422,-4.7760,3.7537,23.3459
1,throwing,-0.1489,0.4028,1.0383,-4.7836,3.6469,23.4833
1,throwing,-0.1501,0.4021,1.0364,-4.6387,3.6545,23.9334
1,throwing,-0.1538,0.4067,1.0493,-4.5242,3.8528,24.2157
1,throwing,-0.1543,0.4072,1.0520,-4.4098,3.7613,24.4141
1,throwing,-0.1558,0.4102,1.0464,-4.3640,3.4790,24.7498
1,throwing,-0.1541,0.4097,1.0486,-4.2725,3.5172,25.0549
1,throwing,-0.1519,0.4146,1.0493,-4.2419,3.6316,25.3983
1,throwing,-0.1628,0.4194,1.0466,-4.3259,3.4103,25.6882
1,throwing,-0.1660,0.4155,1.0559,-4.1580,3.1433,26.1002
1,throwing,-0.1729,0.4199,1.0535,-4.0588,3.1052,26.3901
1,throwing,-0.1750,0.4243,1.0483,-3.9368,2.9755,26.6724
1,throwing,-0.1787,0.4199,1.0496,-3.8528,2.9755,26.9547
1,throwing,-0.1702,0.4250,1.0630,-3.8452,2.8992,27.2675
1,throwing,-0.1663,0.4255,1.0579,-3.7842,2.8839,27.6184
1,throwing,-0.1692,0.4233,1.0452,-3.7003,2.6169,27.9770
1,throwing,-0.1665,0.4221,1.0503,-3.6087,2.5940,28.3279
1,throwing,-0.1682,0.4280,1.0500,-3.5934,2.6245,28.7094
1,throwing,-0.1699,0.4297,1.0540,-3.5095,2.5635,29.0070
1,throwing,-0.1733,0.4333,1.0498,-3.5934,2.6016,29.3198
1,throwing,-0.1743,0.4338,1.0442,-3.6697,2.3193,29.7012
1,throwing,-0.1716,0.4336,1.0557,-3.6011,2.0370,30.0522
1,throwing,-0.1799,0.4312,1.0591,-3.5400,1.9073,30.3345
1,throwing,-0.1895,0.4316,1.0608,-3.5629,1.9836,30.6320
1,throwing,-0.1799,0.4294,1.0645,-3.4866,1.8997,31.0669
1,throwing,-0.1846,0.4304,1.0620,-3.3798,1.9379,31.3721
1,throwing,-0.1836,0.4294,1.0557,-3.5553,1.8997,31.8146
1,throwing,-0.1853,0.4290,1.0532,-3.6392,1.8463,31.9977
1,throwing,-0.1882,0.4272,1.0476,-3.6621,1.6937,32.2113
1,throwing,-0.1851,0.4294,1.0530,-3.7003,1.7166,32.5851
1,throwing,-0.1821,0.4319,1.0645,-3.7842,1.4877,32.9666
1,throwing,-0.1855,0.4297,1.0588,-3.9902,1.3962,33.3710
1,throwing,-0.1880,0.4316,1.0613,-3.8986,1.2665,33.7601
1,throwing,-0.1899,0.4341,1.0620,-3.6774,1.3580,33.9432
1,throwing,-0.1938,0.4363,1.0547,-3.5477,1.4038,34.1873
1,throwing,-0.1851,0.4380,1.0627,-3.6621,1.2360,34.6146
1,throwing,-0.1885,0.4434,1.0588,-3.8757,1.3275,35.0952
1,throwing,-0.1919,0.4419,1.0591,-4.0131,1.3199,35.4309
1,throwing,-0.1963,0.4370,1.0610,-4.0970,1.1215,35.7437
1,throwing,-0.1904,0.4365,1.0652,-4.0131,1.1292,36.1481
1,throwing,-0.1926,0.4417,1.0657,-4.0894,1.1292,36.6745
1,throwing,-0.1960,0.4441,1.0642,-4.4098,1.0300,36.9186
1,throwing,-0.1970,0.4421,1.0652,-4.3716,1.1292,37.2543
1,throwing,-0.1987,0.4397,1.0679,-4.3793,1.1444,37.6511
1,throwing,-0.1978,0.4419,1.0657,-4.3945,1.0071,38.0249
1,throwing,-0.2000,0.4412,1.0566,-4.4937,0.8163,38.3682
1,throwing,-0.2009,0.4458,1.0620,-4.5929,0.7477,38.6734
1,throwing,-0.2034,0.4482,1.0645,-4.5090,0.8316,39.1693
1,throwing,-0.2046,0.4485,1.0635,-4.5471,0.8011,39.6729
1,throwing,-0.2061,0.4463,1.0693,-4.6005,0.6866,40.1230
1,throwing,-0.2051,0.4463,1.0820,-4.7379,0.5646,40.5731
1,throwing,-0.2063,0.4451,1.0798,-4.8599,0.5417,40.9088
1,throwing,-0.2009,0.4475,1.0737,-4.8218,0.3738,41.3055
1,throwing,-0.2000,0.4507,1.0835,-4.5929,0.1450,41.5955
1,throwing,-0.2068,0.4434,1.0806,-4.5700,-0.0763,41.9388
1,throwing,-0.2097,0.4446,1.0742,-4.7226,-0.1831,42.3279
1,throwing,-0.2141,0.4424,1.0728,-4.6997,-0.2975,42.7628
1,throwing,-0.2065,0.4438,1.0759,-4.5242,-0.5951,43.1061
1,throwing,-0.2065,0.4475,1.0776,-4.3716,-0.6866,43.5867
1,throwing,-0.2019,0.4446,1.0742,-4.4708,-0.8163,44.0445
1,throwing,-0.2078,0.4453,1.0764,-4.4022,-1.1444,44.3726
1,throwing,-0.2075,0.4468,1.0710,-4.0970,-1.4343,44.6396
1,throwing,-0.2100,0.4431,1.0723,-3.8300,-1.6937,45.2576
1,throwing,-0.2144,0.4404,1.0774,-3.8300,-1.9379,45.6390
1,throwing,-0.2153,0.4434,1.0759,-3.9368,-2.2659,46.1273
1,throwing,-0.2141,0.4478,1.0767,-3.8910,-2.4414,46.4706
1,throwing,-0.2122,0.4468,1.0706,-3.7155,-2.5864,46.8140
1,throwing,-0.2175,0.4465,1.0737,-3.5706,-2.9526,47.1878
1,throwing,-0.2158,0.4478,1.0691,-3.4866,-3.2272,47.5922
1,throwing,-0.2161,0.4490,1.0647,-3.4637,-3.3035,48.2178
1,throwing,-0.2112,0.4512,1.0654,-3.4943,-3.4866,48.5840
1,throwing,-0.2156,0.4539,1.0642,-3.4256,-3.7079,49.0036
1,throwing,-0.2168,0.4521,1.0728,-3.4485,-3.7460,49.4690
1,throwing,-0.2185,0.4531,1.0754,-3.3264,-3.7537,49.9725
1,throwing,-0.2104,0.4553,1.0715,-3.2654,-3.9291,50.3769
1,throwing,-0.2119,0.4536,1.0627,-3.2272,-4.1351,50.9033
1,throwing,-0.2126,0.4548,1.0659,-3.1509,-4.3106,51.4603
1,throwing,-0.2102,0.4583,1.0688,-2.9373,-4.6310,51.8723
1,throwing,-0.2119,0.4604,1.0630,-2.9373,-4.7989,52.1774
1,throwing,-0.2095,0.4585,1.0598,-2.8305,-4.9820,52.7496
1,throwing,-0.2109,0.4658,1.0515,-2.7695,-5.0201,53.3142
1,throwing,-0.2217,0.4658,1.0537,-2.7466,-5.0430,53.8330
1,throwing,-0.2188,0.4666,1.0469,-2.7618,-4.9438,54.2831
1,throwing,-0.2158,0.4617,1.0522,-2.5253,-5.1270,54.7333
1,throwing,-0.2100,0.4648,1.0493,-2.5482,-5.3177,55.1682
1,throwing,-0.2134,0.4675,1.0547,-2.4338,-5.3940,55.7861
1,throwing,-0.2083,0.4700,1.0527,-2.2583,-5.3482,56.3126
1,throwing,-0.2097,0.4712,1.0481,-2.2736,-5.1956,56.9458
1,throwing,-0.2124,0.4727,1.0466,-1.9989,-5.0278,57.4951
1,throwing,-0.2097,0.4763,1.0437,-1.7319,-4.9133,58.0444
1,throwing,-0.2080,0.4734,1.0457,-1.4496,-4.7989,58.6166
1,throwing,-0.2053,0.4741,1.0483,-1.4267,-4.6997,59.1660
1,throwing,-0.2139,0.4736,1.0464,-1.2817,-4.7150,59.8831
1,throwing,-0.2168,0.4724,1.0447,-0.9995,-4.7760,60.5774
1,throwing,-0.2180,0.4783,1.0491,-0.7324,-4.8065,61.2183
1,throwing,-0.2156,0.4768,1.0527,-0.5646,-4.6768,61.7981
1,throwing,-0.2188,0.4746,1.0486,-0.4501,-4.8370,62.5000
1,throwing,-0.2141,0.4783,1.0579,-0.3357,-5.0278,63.2095
1,throwing,-0.2239,0.4697,1.0557,-0.1221,-5.3101,64.0564
1,throwing,-0.2197,0.4697,1.0525,-0.1907,-5.7678,64.9948
1,throwing,-0.2200,0.4663,1.0571,-0.1984,-6.1798,65.4449
1,throwing,-0.2200,0.4639,1.0540,-0.1450,-6.5689,65.9485
1,throwing,-0.2144,0.4604,1.0547,-0.2365,-7.0724,66.5665
1,throwing,-0.2183,0.4561,1.0537,-0.3967,-7.5989,67.2150
1,throwing,-0.2136,0.4539,1.0503,-0.4883,-7.9651,67.7643
1,throwing,-0.2078,0.4492,1.0427,-0.4654,-8.1711,68.2373
1,throwing,-0.2061,0.4395,1.0317,-0.4425,-8.0261,68.7714
1,throwing,-0.2009,0.4355,1.0378,-0.5798,-7.9422,69.0460
1,throwing,-0.2012,0.4375,1.0383,-0.7629,-7.9422,69.4580
1,throwing,-0.1934,0.4407,1.0286,-0.8850,-7.7209,69.8471
1,throwing,-0.1868,0.4326,1.0173,-0.8163,-7.4921,70.3735
1,throwing,-0.1797,0.4316,1.0146,-0.8469,-6.9733,70.9152
1,throwing,-0.1716,0.4358,1.0137,-0.9155,-6.3934,71.4798
1,throwing,-0.1777,0.4277,1.0115,-0.9460,-5.9204,71.7773
1,throwing,-0.1694,0.4304,1.0076,-0.8698,-5.3711,72.0596
1,throwing,-0.1702,0.4246,1.0103,-0.6638,-4.6005,72.4258
1,throwing,-0.1721,0.4185,0.9988,-0.5341,-3.9673,72.7844
1,throwing,-0.1726,0.4170,0.9976,-0.3204,-3.4637,73.2651
1,throwing,-0.1741,0.4185,0.9919,0.1831,-2.9221,73.7000
1,throwing,-0.1704,0.4211,0.9944,0.5493,-2.4109,74.1501
1,throwing,-0.1719,0.4185,1.0029,0.7019,-2.1362,74.6613
1,throwing,-0.1809,0.4219,1.0017,0.7019,-1.9226,75.0275
1,throwing,-0.1785,0.4180,1.0046,0.7553,-1.8845,75.2869
1,throwing,-0.1816,0.4163,1.0117,0.9155,-1.9531,75.6226
1,throwing,-0.1838,0.4106,1.0134,0.9232,-2.0065,76.3397
1,throwing,-0.1851,0.4126,1.0107,1.0910,-1.9608,76.9424
1,throwing,-0.1843,0.4221,1.0090,1.0910,-1.7853,77.1866
1,throwing,-0.1860,0.4170,1.0156,1.0605,-1.5335,77.4765
1,throwing,-0.1763,0.4207,1.0088,0.9766,-1.3733,77.9724
1,throwing,-0.1785,0.4246,1.0110,1.0529,-1.0529,78.6057
1,throwing,-0.1790,0.4250,1.0142,1.0834,-0.7477,79.2694
1,throwing,-0.1729,0.4290,1.0127,1.1215,-0.1602,79.9408
1,throwing,-0.1755,0.4373,1.0203,1.1826,0.4196,80.4138
1,throwing,-0.1729,0.4385,1.0242,1.2131,1.0681,81.0242
1,throwing,-0.1750,0.4480,1.0266,1.3504,1.7776,81.6040
1,throwing,-0.1760,0.4475,1.0339,1.5030,2.4948,82.1533
1,throwing,-0.1772,0.4512,1.0427,1.4648,3.2425,82.7408
1,throwing,-0.1836,0.4539,1.0481,1.4725,3.4943,83.3435
1,throwing,-0.1794,0.4553,1.0544,1.4114,3.6697,84.1370
1,throwing,-0.1846,0.4629,1.0686,1.4496,3.9749,84.7473
1,throwing,-0.1899,0.4661,1.0784,1.4343,4.0741,85.5331
1,throwing,-0.1965,0.4688,1.0833,1.3504,3.7994,86.2808
1,throwing,-0.1973,0.4722,1.0911,1.1826,3.5019,86.9293
1,throwing,-0.1956,0.4709,1.1008,1.2054,3.2425,87.6312
1,throwing,-0.2004,0.4675,1.1157,1.5335,2.8152,88.4094
1,throwing,-0.2043,0.4663,1.1218,1.7319,2.3956,89.3173
1,throwing,-0.2070,0.4714,1.1250,1.8921,2.2049,90.1718
1,throwing,-0.2051,0.4724,1.1248,1.8997,1.9608,90.7745
1,throwing,-0.2090,0.4766,1.1309,2.1057,1.9379,91.6595
1,throwing,-0.2124,0.4739,1.1287,2.4643,1.8387,92.6666
1,throwing,-0.2146,0.4771,1.1245,2.6016,1.6098,93.5059
1,throwing,-0.2119,0.4788,1.1296,2.7390,1.3504,94.3832
1,throwing,-0.2131,0.4797,1.1362,2.8000,1.0757,95.2148
1,throwing,-0.2092,0.4797,1.1392,3.1586,0.3815,96.0693
1,throwing,-0.2114,0.4758,1.1487,3.3951,-0.2365,97.0001
1,throwing,-0.2124,0.4744,1.1604,3.5477,-1.0147,97.9919
1,throwing,-0.2231,0.4751,1.1619,3.7155,-1.9455,98.8693
1,throwing,-0.2202,0.4722,1.1675,3.7994,-2.8687,99.7086
1,throwing,-0.2217,0.4700,1.1724,3.8910,-3.8300,100.4105
1,throwing,-0.2219,0.4666,1.1816,3.9978,-4.8828,101.2650
1,throwing,-0.2178,0.4656,1.1953,4.2572,-5.8899,102.1500
1,throwing,-0.2129,0.4675,1.1987,4.3411,-6.9809,103.0197
1,throwing,-0.2185,0.4639,1.2048,4.4098,-7.9041,103.8513
1,throwing,-0.2192,0.4617,1.2012,4.6005,-8.7814,104.5532
1,throwing,-0.2180,0.4612,1.2034,4.7302,-9.8495,105.2399
1,throwing,-0.2104,0.4678,1.2012,4.8141,-10.7117,105.9875
1,throwing,-0.2136,0.4653,1.2046,4.7684,-11.5051,106.8115
1,throwing,-0.2017,0.4614,1.1985,4.7226,-12.3825,107.5974
1,throwing,-0.1963,0.4666,1.1978,4.7302,-13.4048,108.4290
1,throwing,-0.2026,0.4592,1.1904,4.8218,-14.5340,109.1003
1,throwing,-0.2000,0.4595,1.2021,4.7989,-15.3122,109.7946
1,throwing,-0.2019,0.4624,1.2141,4.6844,-16.1972,110.5499
1,throwing,-0.1980,0.4619,1.2124,4.5471,-17.1356,111.1984
1,throwing,-0.1992,0.4546,1.1982,4.4098,-18.2037,111.9690
1,throwing,-0.1943,0.4519,1.2078,4.2648,-19.2032,112.6556
1,throwing,-0.1912,0.4526,1.2092,4.1809,-20.0119,113.3957
1,throwing,-0.1909,0.4517,1.2061,3.9520,-20.7901,113.9603
1,throwing,-0.1848,0.4453,1.2085,3.5934,-21.5302,114.5859
1,throwing,-0.1821,0.4438,1.2097,3.4332,-22.2015,115.4022
1,throwing,-0.1812,0.4417,1.2109,3.0365,-22.7585,116.2720
1,throwing,-0.1814,0.4351,1.2024,2.6169,-23.2391,116.9739
1,throwing,-0.1670,0.4277,1.2029,2.3041,-24.1394,117.6605
1,throwing,-0.1714,0.4246,1.1995,1.9760,-24.8032,118.3014
1,throwing,-0.1660,0.4216,1.2058,1.6327,-24.9939,119.1788
1,throwing,-0.1543,0.4121,1.1982,1.3123,-25.4440,119.9417
1,throwing,-0.1482,0.4026,1.1868,1.0910,-26.0086,120.6131
1,throwing,-0.1436,0.4045,1.1790,1.0300,-26.6724,121.3684
1,throwing,-0.1453,0.4006,1.1760,1.1826,-27.4506,122.0398
1,throwing,-0.1377,0.3899,1.1763,1.3504,-28.1982,122.5739
1,throwing,-0.1335,0.3887,1.1729,1.5106,-28.9688,122.9401
1,throwing,-0.1355,0.3760,1.1726,1.5869,-29.5334,123.3139
1,throwing,-0.1345,0.3716,1.1687,1.7319,-30.3650,123.8708
1,throwing,-0.1299,0.3618,1.1616,1.8616,-31.2500,124.4507
1,throwing,-0.1226,0.3564,1.1560,1.8768,-31.6391,124.6948
1,throwing,-0.1182,0.3574,1.1450,1.8234,-31.9672,124.9466
1,throwing,-0.1077,0.3508,1.1384,2.0065,-32.3334,125.2060
1,throwing,-0.1069,0.3428,1.1409,2.0065,-32.6691,125.0916
1,throwing,-0.1072,0.3357,1.1328,2.2049,-32.9895,125.0381
1,throwing,-0.1064,0.3281,1.1172,2.2583,-32.8674,125.2518
1,throwing,-0.1003,0.3245,1.1113,2.4567,-32.7148,125.4196
1,throwing,-0.0991,0.3140,1.0964,2.8076,-32.6920,125.7629
1,throwing,-0.0876,0.3164,1.0818,3.4637,-32.8369,126.0605
1,throwing,-0.0859,0.3091,1.0837,4.0894,-33.1421,126.1749
1,throwing,-0.0886,0.3030,1.0835,4.7455,-33.3328,126.2207
1,throwing,-0.0854,0.2981,1.0752,5.3101,-33.8058,126.4114
1,throwing,-0.0789,0.2869,1.0605,5.8060,-34.2560,126.3351
1,throwing,-0.0701,0.2791,1.0610,6.4316,-34.3323,126.2970
1,throwing,-0.0591,0.2695,1.0444,7.1869,-34.4086,126.2894
1,throwing,-0.0442,0.2605,1.0435,7.8430,-34.6680,126.3351
1,throwing,-0.0376,0.2620,1.0447,8.3542,-34.6756,126.5717
1,throwing,-0.0330,0.2622,1.0483,8.8272,-34.5306,126.5717
1,throwing,-0.0239,0.2600,1.0425,9.2773,-34.3018,126.4191
1,throwing,-0.0161,0.2546,1.0396,9.7733,-34.1644,126.2970
1,throwing,-0.0129,0.2537,1.0371,10.3531,-33.8440,126.4191
1,throwing,-0.0132,0.2554,1.0337,10.8032,-33.6761,126.4420
1,throwing,-0.0061,0.2595,1.0403,11.0779,-33.4702,126.3351
1,throwing,0.0002,0.2534,1.0393,11.5891,-32.9819,126.2741
1,throwing,0.0078,0.2490,1.0381,11.9324,-32.7225,126.0834
1,throwing,0.0134,0.2512,1.0312,12.2986,-32.6385,125.8316
1,throwing,0.0107,0.2505,1.0334,12.7258,-32.4936,125.5875
1,throwing,0.0144,0.2537,1.0198,13.2294,-32.3715,125.5493
1,throwing,0.0129,0.2500,1.0178,13.6108,-31.9672,125.3510
1,throwing,0.0249,0.2554,1.0125,13.9923,-31.5704,125.2289
1,throwing,0.0186,0.2534,1.0107,14.2822,-31.0059,125.1373
1,throwing,0.0188,0.2520,1.0137,14.8544,-30.6625,125.4196
1,throwing,0.0168,0.2607,1.0151,15.3656,-30.4413,125.7401
1,throwing,0.0173,0.2654,1.0215,15.7852,-30.3040,125.8621
1,throwing,0.0139,0.2644,1.0344,16.0522,-30.3421,125.6561
1,throwing,0.0127,0.2639,1.0396,15.8615,-30.7465,125.3967
1,throwing,0.0190,0.2527,1.0369,15.3122,-31.0669,125.0610
1,throwing,0.0312,0.2480,1.0312,15.2740,-31.3263,124.8016
1,throwing,0.0371,0.2478,1.0388,15.1215,-31.6162,124.3744
1,throwing,0.0415,0.2449,1.0452,14.6790,-31.6086,124.1302
1,throwing,0.0474,0.2449,1.0378,14.1983,-31.5399,124.0005
1,throwing,0.0474,0.2441,1.0466,13.9618,-31.5475,123.9853
1,throwing,0.0515,0.2480,1.0491,13.7939,-31.3492,124.0616
1,throwing,0.0637,0.2512,1.0442,13.4201,-31.0364,124.1531
1,throwing,0.0603,0.2498,1.0383,12.8403,-30.7770,123.8174
1,throwing,0.0657,0.2449,1.0437,12.1384,-30.6320,123.4512
1,throwing,0.0637,0.2432,1.0405,11.3754,-30.3726,123.1461
1,throwing,0.0603,0.2480,1.0454,10.8795,-29.9759,123.1689
1,throwing,0.0574,0.2522,1.0444,10.4065,-29.4876,123.1842
1,throwing,0.0552,0.2612,1.0483,9.9487,-29.0985,123.1613
1,throwing,0.0601,0.2646,1.0442,9.3384,-28.8620,123.1613
1,throwing,0.0703,0.2654,1.0483,8.8425,-28.7704,122.9858
1,throwing,0.0754,0.2688,1.0552,8.6517,-28.5645,122.8638
1,throwing,0.0811,0.2668,1.0535,8.5068,-28.5416,122.5281
1,throwing,0.1011,0.2764,1.0586,8.2397,-28.4195,122.0703
1,throwing,0.1060,0.2795,1.0640,8.0719,-28.3203,121.6812
1,throwing,0.1099,0.2747,1.0676,7.9880,-28.2745,121.4600
1,throwing,0.1079,0.2837,1.0623,7.5912,-28.6255,121.2921
1,throwing,0.1062,0.2876,1.0691,6.8893,-29.1290,120.8801
1,throwing,0.1174,0.2837,1.0637,6.2943,-29.4647,120.5673
1,throwing,0.1128,0.2878,1.0581,5.9204,-29.7318,120.6665
1,throwing,0.1052,0.2979,1.0613,5.4855,-29.9835,120.8496
1,throwing,0.1033,0.2966,1.0586,5.2490,-30.1285,120.8496
1,throwing,0.1050,0.2903,1.0483,4.8370,-30.4108,120.9488
1,throwing,0.0996,0.2864,1.0332,4.2114,-30.4718,120.9412
1,throwing,0.0989,0.2756,1.0212,3.5858,-30.4489,120.7809
1,throwing,0.1025,0.2693,1.0095,2.9526,-30.2200,120.7275
1,throwing,0.1084,0.2678,0.9951,2.6398,-29.7775,120.6512
1,throwing,0.1116,0.2656,0.9792,2.2812,-28.9536,120.5139
1,throwing,0.1160,0.2651,0.9666,1.8234,-28.1143,120.4300
1,throwing,0.1255,0.2654,0.9565,1.4038,-27.1683,120.3232
1,throwing,0.1348,0.2666,0.9592,1.1215,-26.0925,120.3690
1,throwing,0.1414,0.2637,0.9517,0.8926,-25.0778,120.3537
1,throwing,0.1411,0.2664,0.9390,0.6561,-24.1776,120.2698
1,throwing,0.1416,0.2703,0.9294,0.4501,-22.9645,120.0409
1,throwing,0.1450,0.2678,0.9314,0.2975,-21.7819,119.8425
1,throwing,0.1396,0.2693,0.9236,0.0076,-20.7291,119.7510
1,throwing,0.1404,0.2664,0.9226,-0.1526,-19.6991,119.7128
1,throwing,0.1355,0.2703,0.9177,-0.2213,-18.5928,119.7662
1,throwing,0.1428,0.2681,0.9124,-0.3052,-17.5400,119.7586
1,throwing,0.1387,0.2759,0.9092,-0.3662,-16.4413,119.8502
1,throwing,0.1362,0.2800,0.9099,-0.5417,-15.2740,119.8730
1,throwing,0.1328,0.2830,0.9070,-0.5035,-14.1373,120.0943
1,throwing,0.1321,0.2913,0.9004,-0.5035,-13.1073,120.2087
1,throwing,0.1362,0.2893,0.8977,-0.4425,-12.1460,120.3842
1,throwing,0.1357,0.2910,0.8979,-0.4501,-11.0855,120.5978
1,throwing,0.1340,0.3000,0.8867,-0.5341,-10.0479,120.9488
1,throwing,0.1301,0.3069,0.8784,-0.5569,-9.0332,121.1624
1,throwing,0.1343,0.3127,0.8853,-0.4349,-7.9880,121.3989
1,throwing,0.1367,0.3135,0.8760,-0.5188,-6.6681,121.7194
1,throwing,0.1255,0.3137,0.8721,-1.1063,-5.3558,121.8948
1,throwing,0.1257,0.3132,0.8774,-1.8616,-3.9749,122.2382
1,throwing,0.1411,0.3169,0.8760,-2.3727,-2.6321,122.7798
1,throwing,0.1445,0.3228,0.8667,-2.2430,-1.2436,123.2605
1,throwing,0.1433,0.3140,0.8596,-1.8158,-0.1068,123.5657
1,throwing,0.1313,0.2971,0.8650,-1.3351,0.8240,123.5046
1,throwing,0.1196,0.2847,0.8765,-0.6943,1.3885,123.2834
1,throwing,0.1101,0.2729,0.8862,-0.1068,1.5030,123.1766
1,throwing,0.1045,0.2610,0.8921,0.3891,1.7090,123.2681
1,throwing,0.1003,0.2551,0.9070,0.7782,2.0905,123.3139
1,throwing,0.1028,0.2542,0.9236,0.5341,2.5101,123.3063
1,throwing,0.1021,0.2578,0.9326,-0.1144,2.9678,123.3749
1,throwing,0.1096,0.2625,0.9429,-0.8392,3.7003,123.6725
1,throwing,0.1179,0.2661,0.9507,-1.4954,4.3640,124.0845
1,throwing,0.1282,0.2732,0.9739,-2.0218,4.8752,124.4736
1,throwing,0.1326,0.2798,0.9919,-2.5330,5.1270,124.9924
1,throwing,0.1360,0.2815,1.0139,-3.2578,5.1270,125.4120
1,throwing,0.1396,0.2874,1.0330,-3.8757,5.1117,125.5951
1,throwing,0.1472,0.2825,1.0493,-4.5471,4.8904,125.4959
1,throwing,0.1450,0.2751,1.0615,-5.0125,4.6616,125.2518
1,throwing,0.1460,0.2656,1.0657,-5.3864,4.2267,125.3510
1,throwing,0.1445,0.2576,1.0784,-5.7602,3.5553,125.2670
1,throwing,0.1499,0.2583,1.0911,-6.1874,2.8305,124.9924
1,throwing,0.1536,0.2544,1.1045,-6.5918,2.3117,124.7940
1,throwing,0.1545,0.2437,1.1147,-7.1259,1.7166,124.9542
1,throwing,0.1570,0.2422,1.1353,-7.4692,0.7553,125.0687
1,throwing,0.1624,0.2373,1.1536,-7.6828,-0.2594,125.1678
1,throwing,0.1594,0.2324,1.1582,-7.9880,-1.3657,125.3052
1,throwing,0.1533,0.2219,1.1685,-8.2474,-2.6703,125.3738
1,throwing,0.1472,0.2051,1.1782,-8.4991,-4.1809,125.5722
1,throwing,0.1438,0.2058,1.1868,-8.5907,-5.6229,125.6943
1,throwing,0.1465,0.1963,1.1899,-8.8501,-7.2174,125.4044
1,throwing,0.1409,0.1826,1.2004,-8.8196,-8.8654,125.0076
1,throwing,0.1543,0.1692,1.2070,-8.6899,-10.6659,124.5804
1,throwing,0.1670,0.1541,1.2039,-8.6365,-12.1841,124.1760
1,throwing,0.1758,0.1421,1.2029,-8.6823,-13.6108,123.5580
1,throwing,0.1887,0.1433,1.2134,-9.0256,-14.8773,122.9477
1,throwing,0.2053,0.1423,1.2095,-9.2545,-15.9225,122.6425
1,throwing,0.2129,0.1345,1.2039,-9.2926,-17.0135,122.4899
1,throwing,0.2107,0.1270,1.1909,-9.2468,-18.2114,122.1313
1,throwing,0.2119,0.1270,1.1899,-9.1019,-19.5160,121.8262
1,throwing,0.2117,0.1250,1.1902,-8.9951,-20.8588,121.3837
1,throwing,0.2207,0.1191,1.1956,-8.7967,-21.9803,120.7504
1,throwing,0.2200,0.1208,1.1960,-8.6136,-23.3688,120.1553
1,throwing,0.2297,0.1106,1.1855,-8.4229,-24.6277,119.6671
1,throwing,0.2332,0.1069,1.1838,-8.1558,-25.7416,118.9728
1,throwing,0.2439,0.1055,1.1799,-8.0643,-26.6647,118.2556
1,throwing,0.2556,0.0950,1.1707,-7.8506,-27.6794,117.5995
1,throwing,0.2639,0.0981,1.1611,-7.6981,-28.6484,117.0273
1,throwing,0.2712,0.1091,1.1565,-7.3929,-29.4876,116.5924
1,throwing,0.2766,0.1152,1.1514,-7.1259,-30.0140,116.2796
1,throwing,0.2825,0.1135,1.1492,-6.9351,-30.3955,115.8371
1,throwing,0.2854,0.1189,1.1394,-6.9199,-30.7999,115.5167
1,throwing,0.2874,0.1160,1.1375,-6.6833,-31.3721,115.2039
1,throwing,0.2920,0.1174,1.1108,-6.3705,-31.8451,114.7690
1,throwing,0.2944,0.1213,1.1094,-6.0349,-32.0740,114.3417
1,throwing,0.2974,0.1169,1.1047,-5.6763,-32.2189,113.8916
1,throwing,0.3096,0.1194,1.0969,-5.4245,-32.3563,113.5788
1,throwing,0.3062,0.1201,1.0884,-5.0278,-32.2800,113.1439
1,throwing,0.3064,0.1194,1.0789,-4.4250,-32.3105,112.7396
1,throwing,0.3176,0.1179,1.0625,-4.0283,-32.3029,112.4344
1,throwing,0.3223,0.1140,1.0454,-3.6163,-32.0740,111.9766
1,throwing,0.3291,0.1155,1.0229,-3.1662,-31.5857,111.6562
1,throwing,0.3357,0.1221,1.0066,-2.6550,-31.1279,111.1298
1,throwing,0.3423,0.1252,0.9912,-1.9531,-30.3192,110.4202
1,throwing,0.3418,0.1226,0.9783,-1.3962,-29.4647,109.6725
1,throwing,0.3440,0.1230,0.9700,-0.9613,-28.5034,108.9401
1,throwing,0.3521,0.1350,0.9507,-0.5722,-27.5803,108.5205
1,throwing,0.3616,0.1394,0.9231,-0.1831,-26.4130,108.2230
1,throwing,0.3645,0.1455,0.9119,0.3433,-24.9481,107.4219
1,throwing,0.3660,0.1487,0.8894,0.8926,-23.1552,106.6437
1,throwing,0.3679,0.1526,0.8845,1.2512,-21.3318,106.3461
1,throwing,0.3652,0.1589,0.8699,1.6098,-19.5694,106.0028
1,throwing,0.3591,0.1650,0.8577,1.9455,-17.8299,105.4306
1,throwing,0.3552,0.1711,0.8423,2.1667,-15.8768,105.0034
1,throwing,0.3496,0.1765,0.8335,2.3727,-13.7253,104.6371
1,throwing,0.3430,0.1885,0.8230,2.6855,-11.7035,104.4235
1,throwing,0.3430,0.1892,0.8232,2.8992,-9.3613,104.2633
1,throwing,0.3333,0.1936,0.8130,3.3035,-7.0267,104.1946
1,throwing,0.3230,0.1953,0.8018,3.9062,-4.6692,104.2480
1,throwing,0.3193,0.1970,0.7988,4.3945,-2.5558,104.6600
1,throwing,0.3149,0.1987,0.7866,4.2648,-0.3052,104.9194
1,throwing,0.3145,0.2114,0.7847,3.7766,2.0981,105.0797
1,throwing,0.3164,0.2363,0.7815,3.4866,4.6692,105.3772
1,throwing,0.3076,0.2544,0.7764,3.5629,7.1945,105.5832
1,throwing,0.3015,0.2734,0.7632,3.8605,9.4147,105.5069
1,throwing,0.2910,0.2820,0.7527,4.2191,11.5204,105.3848
1,throwing,0.2754,0.2847,0.7527,4.8065,13.7329,105.4459
1,throwing,0.2754,0.2866,0.7563,5.7831,15.8844,105.4993
1,throwing,0.2651,0.2900,0.7517,6.6223,18.0893,105.4611
1,throwing,0.2576,0.2842,0.7451,7.2327,20.0424,105.4459
1,throwing,0.2493,0.2847,0.7385,7.7362,22.1481,105.4535
1,throwing,0.2373,0.2866,0.7400,8.1329,24.4064,105.4840
1,throwing,0.2283,0.2913,0.7336,8.6441,26.5656,105.7587
1,throwing,0.2185,0.2976,0.7483,8.9417,28.5110,106.2088
1,throwing,0.2114,0.3123,0.7617,9.2392,30.3116,106.5445
1,throwing,0.2048,0.3203,0.7727,9.4833,32.0587,106.8726
1,throwing,0.1836,0.3252,0.7917,9.4986,33.7067,107.2769
1,throwing,0.1697,0.3374,0.8000,9.5901,35.2936,107.7576
1,throwing,0.1602,0.3481,0.8101,9.5367,36.5448,108.2153
1,throwing,0.1482,0.3616,0.8289,9.4986,37.8265,108.5205
1,throwing,0.1411,0.3635,0.8608,9.4452,38.8718,108.7570
1,throwing,0.1299,0.3718,0.8801,9.3079,39.6423,109.2987
1,throwing,0.1187,0.3801,0.8923,9.1476,40.6799,109.9167
1,throwing,0.1121,0.3882,0.9241,8.9569,41.1453,110.3210
1,throwing,0.1023,0.3909,0.9443,8.6365,41.7328,110.8246
1,throwing,0.0984,0.3918,0.9534,8.6136,41.9083,111.5570
1,throwing,0.0791,0.4111,0.9844,7.7515,41.4124,111.9843
1,throwing,0.0823,0.4080,1.0000,6.4011,40.8630,111.7096
1,throwing,0.0862,0.3950,1.0051,5.7297,40.9470,111.8011
1,throwing,0.0728,0.4060,1.0359,6.0577,40.7410,112.9227
1,throwing,0.0374,0.4285,1.0835,6.2027,40.1459,114.4485
1,throwing,0.0164,0.4397,1.1091,5.1575,39.0244,115.4175
1,throwing,0.0110,0.4280,1.1392,3.7308,37.3001,115.5548
1,throwing,-0.0012,0.4221,1.1680,2.1362,35.2249,115.2878
1,throwing,-0.0085,0.4209,1.1890,0.4654,33.1879,114.8987
1,throwing,-0.0029,0.4231,1.2136,-1.0757,30.8838,114.8529
1,throwing,-0.0042,0.4341,1.2412,-3.0594,28.9307,115.2115
1,throwing,0.0076,0.4409,1.2502,-5.2567,26.8250,115.6540
1,throwing,0.0044,0.4443,1.2715,-6.7902,25.0931,116.7755
1,throwing,0.0146,0.4587,1.2805,-8.5373,22.6974,118.1488
1,throwing,-0.0107,0.4641,1.3347,-11.1465,20.1340,118.8965
1,throwing,0.0017,0.4380,1.3176,-13.3133,18.1122,119.6213
1,throwing,-0.0037,0.4282,1.3320,-14.6027,15.4953,120.8496
1,throwing,-0.0337,0.4275,1.3840,-15.8539,12.7335,121.8948
1,throwing,-0.0242,0.4104,1.3887,-17.2424,9.6359,122.6654
1,throwing,-0.0273,0.3899,1.4128,-18.8217,6.2408,123.0774
1,throwing,-0.0291,0.3716,1.4402,-20.2560,2.9831,123.4360
1,throwing,-0.0127,0.3579,1.4512,-21.7743,-1.2512,123.6877
1,throwing,-0.0203,0.3503,1.4956,-23.8113,-4.9667,123.3368
1,throwing,0.0244,0.3250,1.4541,-25.4593,-8.6746,123.0164
1,throwing,0.0193,0.3240,1.4761,-26.6342,-11.8332,123.3063
1,throwing,0.0417,0.3167,1.4634,-27.4887,-14.3051,124.0005
1,throwing,0.0583,0.3044,1.4619,-28.2059,-16.5024,124.6262
1,throwing,0.0596,0.2910,1.4600,-28.8162,-18.8065,125.6485
1,throwing,0.0637,0.2825,1.4514,-29.5563,-21.3089,126.2589
1,throwing,0.0703,0.2632,1.4644,-30.6931,-24.0326,125.9842
1,throwing,0.1035,0.2266,1.4492,-31.5933,-26.9241,125.7629
1,throwing,0.1069,0.2170,1.4607,-31.6544,-29.8386,126.2436
1,throwing,0.1084,0.2068,1.4634,-31.6849,-32.8064,126.9836
1,throwing,0.1157,0.2009,1.4509,-31.7535,-36.1252,127.6779
1,throwing,0.1187,0.1848,1.4524,-31.9595,-39.3066,127.9221
1,throwing,0.1392,0.1543,1.4326,-32.0206,-42.8085,127.8381
1,throwing,0.1328,0.1313,1.4294,-32.4020,-46.3181,127.1973
1,throwing,0.1619,0.0969,1.3882,-32.7454,-49.3088,126.3885
1,throwing,0.1895,0.0747,1.3601,-31.8146,-51.5671,126.3351
1,throwing,0.2058,0.0703,1.3503,-30.2353,-53.4592,127.0370
1,throwing,0.2148,0.0691,1.3350,-29.0680,-54.7943,127.5406
1,throwing,0.2266,0.0530,1.3098,-28.5950,-56.5643,127.3041
1,throwing,0.2466,0.0200,1.2942,-27.9999,-58.2733,126.5869
1,throwing,0.2703,-0.0100,1.2798,-27.3285,-59.4406,125.7782
1,throwing,0.2842,-0.0244,1.2598,-26.2756,-60.2417,124.9771
1,throwing,0.3120,-0.0256,1.2361,-25.5508,-60.9131,123.9395
1,throwing,0.3459,-0.0391,1.1973,-24.7421,-61.1877,123.0774
1,throwing,0.3667,-0.0461,1.1641,-23.1476,-60.8673,122.6883
1,throwing,0.3730,-0.0427,1.1536,-21.4844,-60.4630,122.5815
1,throwing,0.3838,-0.0427,1.1567,-20.1111,-60.3180,122.3602
1,throwing,0.3926,-0.0571,1.1375,-18.8599,-59.7839,121.6736
1,throwing,0.4099,-0.0759,1.1018,-17.1204,-59.3109,121.4676
1,throwing,0.3987,-0.0671,1.1028,-15.5640,-58.7692,121.2006
1,throwing,0.4089,-0.0850,1.0593,-14.4653,-58.0139,120.6436
1,throwing,0.4116,-0.0947,1.0168,-13.1912,-57.0297,120.2164
1,throwing,0.4158,-0.0930,1.0046,-11.5585,-55.9998,120.0790
1,throwing,0.4143,-0.0938,0.9929,-10.2615,-55.1529,119.8044
1,throwing,0.4343,-0.0950,0.9731,-9.4299,-54.8248,118.9575
1,throwing,0.4429,-0.1055,0.9692,-8.0643,-54.1534,117.9199
1,throwing,0.4678,-0.1218,0.9434,-6.3934,-53.6652,117.3630
1,throwing,0.4692,-0.1147,0.9451,-5.0888,-52.8793,116.2338
1,throwing,0.5002,-0.1245,0.9009,-3.9978,-51.1398,114.6851
1,throwing,0.5288,-0.1292,0.8540,-2.1362,-48.5916,114.0671
1,throwing,0.5276,-0.1172,0.8430,0.2899,-45.7077,114.4028
1,throwing,0.5266,-0.1028,0.8384,2.3117,-43.0603,114.4714
1,throwing,0.5330,-0.1045,0.8286,3.4943,-40.7333,113.6551
1,throwing,0.5415,-0.1106,0.8098,4.3030,-39.1235,112.2055
1,throwing,0.5332,-0.1045,0.8232,4.8599,-37.4603,110.4965
1,throwing,0.5508,-0.1135,0.8005,5.6763,-35.6827,109.0088
1,throwing,0.5469,-0.0974,0.7859,6.7444,-33.2031,107.6126
1,throwing,0.5676,-0.0840,0.7451,8.0490,-30.2887,106.8344
1,throwing,0.5645,-0.0728,0.7256,9.2697,-26.9470,106.2622
1,throwing,0.5645,-0.0608,0.7139,10.5057,-23.7961,105.9418
1,throwing,0.5637,-0.0510,0.7200,11.0397,-20.9122,105.1254
1,throwing,0.5618,-0.0547,0.7097,11.0016,-18.2190,103.4775
1,throwing,0.5718,-0.0583,0.6782,11.3907,-15.0452,102.0889
1,throwing,0.5649,-0.0464,0.6667,12.2681,-11.7340,101.7990
1,throwing,0.5425,-0.0242,0.6729,13.1989,-8.2245,101.6998
1,throwing,0.5369,-0.0129,0.6729,13.8474,-4.9667,101.2878
1,throwing,0.5181,-0.0105,0.6733,14.3204,-1.7319,100.3265
1,throwing,0.5146,-0.0166,0.6655,14.6713,1.2665,99.3347
1,throwing,0.5112,-0.0061,0.6650,15.0757,4.1962,98.4879
1,throwing,0.4985,0.0007,0.6743,15.2435,7.1564,97.7249
1,throwing,0.4958,0.0200,0.6770,15.3656,10.1700,97.1603
1,throwing,0.4919,0.0408,0.6702,15.8081,12.9471,97.0993
1,throwing,0.4773,0.0615,0.7007,16.0599,15.7700,96.8475
1,throwing,0.4778,0.0645,0.6899,16.3498,18.6005,96.3135
1,throwing,0.4658,0.0864,0.6941,16.9907,21.4462,96.0846
1,throwing,0.4580,0.1003,0.7061,17.7231,24.3454,96.4584
1,throwing,0.4363,0.1167,0.7239,18.1580,26.9012,96.7789
1,throwing,0.4204,0.1265,0.7385,18.2114,29.0985,96.4050
1,throwing,0.4136,0.1245,0.7415,18.4708,31.1279,95.7489
1,throwing,0.4021,0.1384,0.7532,18.8980,33.0811,95.7489
1,throwing,0.3789,0.1663,0.7717,19.2795,34.8892,96.1914
1,throwing,0.3625,0.1738,0.7856,19.3481,36.8042,96.2296
1,throwing,0.3616,0.1860,0.7966,19.1879,38.3606,96.0770
1,throwing,0.3523,0.2000,0.8137,18.7149,40.0467,96.0846
1,throwing,0.3582,0.2119,0.8159,18.2343,41.5649,96.4737
1,throwing,0.3442,0.2363,0.8320,17.8070,43.1747,96.7789
1,throwing,0.3413,0.2542,0.8352,17.4332,44.5862,97.1832
1,throwing,0.3257,0.2666,0.8484,17.0364,45.8298,97.8622
1,throwing,0.3020,0.2734,0.8647,17.0135,46.8903,99.0219
1,throwing,0.2734,0.2905,0.8882,16.6245,47.6685,99.7391
1,throwing,0.2603,0.2942,0.9126,15.2588,47.9813,99.6628
1,throwing,0.2554,0.2908,0.9150,14.2288,48.2407,99.6552
1,throwing,0.2297,0.2961,0.9309,14.1754,48.1720,100.4105
1,throwing,0.2065,0.3193,0.9832,14.1144,47.9279,101.5472
1,throwing,0.1926,0.3269,1.0020,13.2828,47.4167,102.4704
1,throwing,0.1792,0.3215,1.0264,11.9553,46.9055,102.8976
1,throwing,0.1765,0.3213,1.0505,10.5896,45.8374,102.9663
1,throwing,0.1729,0.3218,1.0806,8.8501,44.9600,102.9892
1,throwing,0.1917,0.3210,1.0481,7.6523,44.1055,103.3936
1,throwing,0.1799,0.3364,1.0674,6.9122,43.0450,104.4159
1,throwing,0.1592,0.3484,1.0906,6.0272,41.8549,105.2933
1,throwing,0.1433,0.3457,1.1208,5.2490,40.6113,106.1325
1,throwing,0.1316,0.3394,1.1541,4.1199,38.4521,106.3919
1,throwing,0.1213,0.3269,1.1660,2.6245,36.6898,106.7123
1,throwing,0.1223,0.3293,1.1609,1.5488,34.7366,107.6202
1,throwing,0.1016,0.3381,1.2041,0.7782,32.9590,108.4213
1,throwing,0.1060,0.3372,1.2041,-0.0305,31.1279,109.1919
1,throwing,0.0942,0.3364,1.2234,-1.4191,29.2053,110.1303
1,throwing,0.0879,0.3423,1.2358,-3.4714,27.3972,110.8398
1,throwing,0.0942,0.3396,1.2412,-4.9667,23.7808,112.8845
1,throwing,0.0476,0.4097,1.3459,-9.6664,21.8353,111.2366
1,throwing,0.1614,0.3154,1.2168,-12.9318,20.4239,111.4197
1,throwing,0.1294,0.3840,1.2415,-12.0697,20.0653,115.2496
1,throwing,0.0750,0.4346,1.3540,-11.4441,17.5247,120.7428
1,throwing,0.0583,0.3757,1.3477,-13.9160,14.3051,122.4747
1,throwing,0.0742,0.2891,1.3672,-17.7460,9.3231,120.4453
1,throwing,0.1184,0.2417,1.3130,-21.2860,4.7226,116.9815
1,throwing,0.1228,0.2556,1.3035,-23.7808,0.2365,114.5401
1,throwing,0.1604,0.2656,1.2439,-25.3830,-2.4872,114.0823
1,throwing,0.1667,0.2739,1.2356,-26.7639,-4.1656,114.9750
1,throwing,0.1831,0.2585,1.1965,-27.8397,-4.8828,116.9968
1,throwing,0.1565,0.2385,1.2207,-28.5568,-5.3253,119.2245
1,throwing,0.1411,0.2136,1.2549,-28.9993,-6.1111,121.4905
1,throwing,0.1284,0.1750,1.2793,-29.1672,-7.1335,123.4360
1,throwing,0.1052,0.1501,1.3108,-28.6026,-9.2163,124.8016
1,throwing,0.1150,0.1228,1.3252,-27.8320,-11.3754,125.5341
1,throwing,0.1091,0.1121,1.3599,-26.9852,-14.5569,125.7858
1,throwing,0.1467,0.0815,1.3533,-26.1078,-17.5629,125.6638
1,throwing,0.1528,0.0825,1.3816,-24.7803,-21.4157,125.5264
1,throwing,0.2124,0.0569,1.3538,-23.2544,-24.4675,125.1678
1,throwing,0.2297,0.0530,1.3525,-21.8811,-27.6794,124.9161
1,throwing,0.2659,0.0488,1.3298,-20.3705,-30.3879,124.6872
1,throwing,0.2793,0.0354,1.3071,-18.9133,-32.9056,124.7482
1,throwing,0.3101,0.0132,1.2678,-17.6620,-34.9655,124.7864
1,throwing,0.3228,0.0032,1.2407,-16.4337,-36.5906,124.7253
1,throwing,0.3362,-0.0129,1.1997,-15.4877,-37.5671,124.5193
1,throwing,0.3435,-0.0361,1.1575,-14.7324,-38.1775,124.2828
1,throwing,0.3464,-0.0525,1.1270,-13.9313,-38.7344,123.8022
1,throwing,0.3518,-0.0718,1.0947,-13.0997,-38.9099,123.1613
1,throwing,0.3564,-0.0881,1.0725,-12.4207,-39.2914,122.4518
1,throwing,0.3735,-0.1038,1.0408,-11.8866,-39.1388,121.4523
1,throwing,0.3914,-0.1248,1.0107,-11.3449,-38.5513,120.3766
1,throwing,0.3977,-0.1318,0.9863,-10.8261,-38.0554,119.4992
1,throwing,0.4087,-0.1426,0.9629,-10.3531,-37.3917,118.6218
1,throwing,0.4275,-0.1521,0.9304,-10.0479,-36.2091,117.5079
1,throwing,0.4421,-0.1599,0.9277,-9.6741,-35.0723,116.2872
1,throwing,0.4512,-0.1577,0.9072,-9.1171,-33.8593,115.1199
1,throwing,0.4702,-0.1631,0.8945,-8.3847,-32.2723,114.1510
1,throwing,0.4800,-0.1519,0.8865,-7.5226,-30.8533,113.3041
1,throwing,0.4963,-0.1494,0.8804,-6.9962,-29.1977,112.3276
1,throwing,0.5066,-0.1514,0.8521,-6.8817,-27.5269,111.0764
1,throwing,0.5222,-0.1448,0.8245,-6.3400,-25.2762,109.9396
1,throwing,0.5264,-0.1406,0.8271,-5.4703,-23.1094,108.7570
1,throwing,0.5298,-0.1404,0.8103,-4.8904,-21.1029,107.7423
1,throwing,0.5374,-0.1436,0.7952,-4.5929,-18.9438,106.6132
1,throwing,0.5356,-0.1450,0.7810,-4.1733,-16.6321,105.4001
1,throwing,0.5361,-0.1399,0.7693,-3.3417,-14.1602,104.3549
1,throwing,0.5374,-0.1436,0.7659,-2.5711,-11.5280,103.2791
1,throwing,0.5410,-0.1392,0.7544,-2.0447,-9.1095,102.1194
1,throwing,0.5457,-0.1472,0.7295,-1.5640,-6.5918,101.0666
1,throwing,0.5427,-0.1433,0.7231,-0.8621,-4.0817,100.4257
1,throwing,0.5356,-0.1387,0.7178,-0.1907,-1.5793,99.6933
1,throwing,0.5322,-0.1387,0.7139,0.5569,1.1215,98.7778
1,throwing,0.5266,-0.1284,0.7192,1.2054,3.4409,97.7402
1,throwing,0.5227,-0.1296,0.7236,1.7090,5.7526,96.6797
1,throwing,0.5205,-0.1208,0.7163,2.3117,8.0643,95.6192
1,throwing,0.5203,-0.1099,0.7192,2.9221,10.4141,94.7342
1,throwing,0.5200,-0.1121,0.7244,3.8223,12.9623,93.9026
1,throwing,0.5164,-0.1045,0.7268,4.3564,15.3809,92.8268
1,throwing,0.5090,-0.0862,0.7166,4.6768,17.8452,91.8579
1,throwing,0.5042,-0.0793,0.7141,5.3406,20.4697,91.0263
1,throwing,0.4968,-0.0688,0.7212,6.0349,22.9721,90.2176
1,throwing,0.4905,-0.0598,0.7268,6.5918,25.4745,89.4012
1,throwing,0.4819,-0.0400,0.7388,6.9656,27.6947,88.6841
1,throwing,0.4802,-0.0295,0.7373,7.1564,30.2429,88.0508
1,throwing,0.4619,-0.0208,0.7458,7.3395,32.6157,87.3413
1,throwing,0.4612,-0.0083,0.7466,7.5455,35.1028,86.6013
1,throwing,0.4524,0.0032,0.7598,7.4844,37.3154,85.9070
1,throwing,0.4458,0.0251,0.7593,7.1182,39.2761,85.2356
1,throwing,0.4321,0.0452,0.7732,6.7978,41.3208,84.7244
1,throwing,0.4158,0.0571,0.7852,6.5308,43.5181,84.5795
1,throwing,0.4050,0.0774,0.7932,6.2866,45.4636,84.3201
1,throwing,0.3875,0.0930,0.8081,5.8975,47.0047,84.3124
1,throwing,0.3718,0.1082,0.8181,5.4703,48.2864,84.2590
1,throwing,0.3643,0.1160,0.8367,5.1193,49.3622,84.3430
1,throwing,0.3506,0.1157,0.8420,4.7760,50.3235,84.2361
1,throwing,0.3428,0.1306,0.8586,4.5547,51.4832,84.2590
1,throwing,0.3284,0.1379,0.8652,4.3945,52.3758,84.6634
1,throwing,0.3188,0.1423,0.8723,4.2191,53.0853,84.9228
1,throwing,0.3123,0.1475,0.8850,4.1046,53.8330,85.2737
1,throwing,0.3044,0.1545,0.8948,3.9291,54.3213,85.5103
1,throwing,0.2893,0.1606,0.9119,3.8605,54.8248,85.7620
1,throwing,0.2834,0.1621,0.9229,3.8528,55.2826,86.0367
1,throwing,0.2771,0.1665,0.9404,3.8452,55.8777,86.5784
1,throwing,0.2554,0.1775,0.9675,3.7384,56.0455,87.3260
1,throwing,0.2373,0.1787,0.9778,3.5782,55.9235,87.9669
1,throwing,0.2329,0.1912,0.9912,3.4027,55.8395,88.4705
1,throwing,0.2273,0.1951,1.0063,3.2272,55.8395,88.9664
1,throwing,0.2185,0.1956,1.0142,2.8381,55.8472,89.3326
1,throwing,0.2170,0.2029,1.0237,2.4033,55.6641,89.8285
1,throwing,0.2095,0.2156,1.0449,1.8387,55.2292,90.4312
1,throwing,0.2043,0.2195,1.0691,1.1063,54.6417,90.9042
1,throwing,0.1953,0.2173,1.0803,0.2747,53.9551,91.3467
1,throwing,0.1826,0.2234,1.1011,-0.6332,52.9556,92.0029
1,throwing,0.1812,0.2273,1.1177,-1.4496,51.6510,92.5903
1,throwing,0.1768,0.2268,1.1357,-2.2964,50.1862,92.9718
1,throwing,0.1790,0.2166,1.1421,-3.3188,48.8129,93.3456
1,throwing,0.1765,0.2195,1.1494,-4.5013,47.4930,93.8034
1,throwing,0.1716,0.2283,1.1533,-5.7678,46.0129,94.1238
1,throwing,0.1704,0.2327,1.1555,-7.2479,44.7083,94.6274
1,throwing,0.1619,0.2363,1.1577,-8.8730,43.0450,95.1462
1,throwing,0.1541,0.2327,1.1582,-10.4599,41.2903,95.7794
1,throwing,0.1448,0.2312,1.1626,-11.8103,39.4897,96.5652
1,throwing,0.1499,0.2292,1.1677,-13.0310,37.7350,97.1680
1,throwing,0.1475,0.2168,1.1692,-14.4653,35.8658,97.8699
1,throwing,0.1504,0.2080,1.1689,-15.5258,34.1034,98.7625
1,throwing,0.1567,0.1978,1.1785,-16.5176,32.3105,99.4034
1,throwing,0.1672,0.1912,1.1753,-17.5781,30.7083,99.9603
1,throwing,0.1729,0.1768,1.1689,-18.6996,28.8544,100.5096
1,throwing,0.1812,0.1658,1.1555,-19.7067,26.9775,100.7538
1,throwing,0.1904,0.1497,1.1565,-20.6223,25.2838,101.1200
1,throwing,0.1953,0.1450,1.1677,-21.5225,23.4756,101.3641
1,throwing,0.2107,0.1350,1.1501,-22.3389,22.2702,101.6998
1,throwing,0.2085,0.1145,1.1509,-23.3307,21.0342,101.9974
1,throwing,0.2236,0.1016,1.1377,-24.1547,19.5923,102.2797
1,throwing,0.2271,0.0879,1.1326,-24.8489,18.3945,102.2034
1,throwing,0.2373,0.0723,1.1191,-25.6042,17.3874,102.1957
1,throwing,0.2466,0.0635,1.1025,-26.3672,16.6626,102.3026
1,throwing,0.2566,0.0510,1.0972,-26.9547,16.1514,102.3941
1,throwing,0.2698,0.0361,1.0854,-27.3514,15.8386,102.3102
1,throwing,0.2783,0.0186,1.0706,-27.8931,15.7166,102.1957
1,throwing,0.2893,0.0071,1.0535,-28.2516,15.5029,101.9440
1,throwing,0.3000,-0.0059,1.0493,-28.7094,15.2054,101.6693
1,throwing,0.2974,-0.0183,1.0515,-28.9536,15.2664,101.3718
1,throwing,0.3076,-0.0330,1.0400,-29.1824,15.3732,101.2192
1,throwing,0.3093,-0.0503,1.0361,-28.9612,15.3275,101.0056
1,throwing,0.3208,-0.0632,1.0349,-28.8544,15.4800,100.7614
1,throwing,0.3350,-0.0632,1.0366,-28.8849,15.7166,100.3799
1,throwing,0.3396,-0.0745,1.0249,-28.9688,16.0141,100.1205
1,throwing,0.3516,-0.0828,1.0278,-28.7094,16.2888,99.5331
1,throwing,0.3562,-0.0942,1.0347,-28.4195,16.3879,99.0829
1,throwing,0.3591,-0.1101,1.0161,-28.2211,16.6550,98.6786
1,throwing,0.3643,-0.1270,1.0120,-27.7710,17.0975,98.2361
1,throwing,0.3809,-0.1401,1.0146,-27.2217,17.4484,97.7325
1,throwing,0.3811,-0.1533,1.0193,-26.5121,17.9367,96.9086
1,throwing,0.3894,-0.1663,1.0090,-25.9476,18.4479,96.3364
1,throwing,0.3979,-0.1792,0.9958,-25.3448,18.8980,95.5963
1,throwing,0.4028,-0.1936,1.0029,-24.5590,19.3481,94.7189
1,throwing,0.4077,-0.2078,0.9929,-23.9334,19.9356,93.8263
1,throwing,0.4155,-0.2219,1.0020,-23.1476,20.5841,92.7200
1,throwing,0.4175,-0.2336,0.9993,-22.4304,21.0724,91.6443
1,throwing,0.4243,-0.2412,0.9934,-21.6675,21.5302,90.5228
1,throwing,0.4321,-0.2524,0.9932,-21.0342,21.9650,89.5309
1,throwing,0.4363,-0.2651,0.9785,-20.5231,22.6822,88.5773
1,throwing,0.4453,-0.2700,0.9827,-20.0729,23.3841,87.2803
1,throwing,0.4504,-0.2747,0.9734,-19.7220,24.2157,86.0214
1,throwing,0.4526,-0.2798,0.9741,-19.4473,25.1999,84.7702
1,throwing,0.4602,-0.2820,0.9775,-18.9972,26.2299,83.5648
1,throwing,0.4634,-0.2849,0.9768,-18.5089,27.2751,82.1381
1,throwing,0.4678,-0.2883,0.9753,-18.2266,28.3051,80.7571
1,throwing,0.4668,-0.2908,0.9854,-17.8299,29.5944,79.4907
1,throwing,0.4749,-0.2910,0.9861,-17.2119,30.5862,78.1555
1,throwing,0.4731,-0.2913,0.9739,-16.7542,31.5552,76.8051
1,throwing,0.4824,-0.2866,0.9673,-16.2125,32.6843,75.3708
1,throwing,0.4824,-0.2815,0.9673,-15.6784,33.7372,73.9059
1,throwing,0.4788,-0.2849,0.9746,-15.0757,34.8206,72.6395
1,throwing,0.4705,-0.2825,0.9817,-14.3280,36.0870,71.5714
1,throwing,0.4717,-0.2766,0.9783,-13.4506,36.9797,70.3354
1,throwing,0.4658,-0.2734,0.9824,-12.7411,37.8876,69.1071
1,throwing,0.4641,-0.2671,0.9858,-12.0544,38.9404,67.8329
1,throwing,0.4568,-0.2612,0.9844,-11.2152,39.9017,66.6428
1,throwing,0.4561,-0.2578,0.9780,-10.4446,40.7181,65.5823
1,throwing,0.4570,-0.2588,0.9705,-9.9106,41.4886,64.4150
1,throwing,0.4448,-0.2495,0.9663,-9.3918,42.3508,63.1485
1,throwing,0.4409,-0.2419,0.9673,-8.9722,43.2205,61.9736
1,throwing,0.4370,-0.2322,0.9734,-8.5754,44.1513,60.9665
1,throwing,0.4324,-0.2170,0.9641,-8.1406,45.1889,59.9365
1,throwing,0.4236,-0.1980,0.9600,-7.6294,46.1121,59.0210
1,throwing,0.4165,-0.1914,0.9524,-7.2021,47.2565,58.1207
1,throwing,0.4092,-0.1860,0.9556,-6.8207,48.5916,56.9916
1,throwing,0.4006,-0.1763,0.9465,-6.2027,50.0183,56.0760
1,throwing,0.3975,-0.1592,0.9587,-5.3177,51.1856,55.1758
1,throwing,0.3850,-0.1443,0.9624,-4.8447,52.1088,54.2221
1,throwing,0.3818,-0.1284,0.9597,-4.1580,53.7872,53.8025
1,throwing,0.3347,-0.0920,1.0093,-3.5172,54.4891,53.5431
1,throwing,0.3582,-0.0916,0.9602,-4.0359,55.2368,52.3376
1,throwing,0.3569,-0.0833,0.9485,-4.6387,56.4423,50.9949
1,throwing,0.3335,-0.0491,0.9680,-3.8300,57.8842,50.9720
1,throwing,0.3088,-0.0173,0.9927,-2.5177,59.5245,52.1774
1,throwing,0.2888,-0.0007,0.9932,-1.8463,60.5469,53.2379
1,throwing,0.2668,0.0044,0.9888,-2.1896,61.0962,53.4363
1,throwing,0.2617,0.0154,1.0007,-2.9068,61.3632,53.0167
1,throwing,0.2568,0.0161,0.9946,-3.5782,61.2106,52.3376
1,throwing,0.2598,0.0198,0.9924,-4.2801,61.1038,51.5976
1,throwing,0.2627,0.0283,0.9729,-4.6387,61.4624,50.7431
1,throwing,0.2573,0.0498,0.9722,-4.4937,61.8515,50.4761
1,throwing,0.2571,0.0623,0.9717,-4.2038,62.7823,50.7202
1,throwing,0.2407,0.0798,0.9851,-3.8757,63.8885,51.3687
1,throwing,0.2378,0.0903,0.9778,-3.7003,64.8193,52.1317
1,throwing,0.2222,0.1057,0.9797,-3.6163,66.0095,52.8564
1,throwing,0.2073,0.1206,0.9927,-3.4714,66.6580,53.7949
1,throwing,0.1877,0.1257,0.9956,-3.2654,67.1158,54.7333
1,throwing,0.1655,0.1355,1.0168,-2.9984,67.4896,55.4199
1,throwing,0.1494,0.1406,1.0229,-2.5711,67.7948,56.0608
1,throwing,0.1384,0.1484,1.0449,-1.9073,67.6956,56.6864
1,throwing,0.1392,0.1506,1.0557,-1.3657,67.3523,57.2281
1,throwing,0.1384,0.1511,1.0674,-1.1902,66.7114,57.8384
1,throwing,0.1262,0.1580,1.0789,-1.0529,65.8569,58.3038
1,throwing,0.1267,0.1667,1.0713,-1.1749,64.9643,58.6014
1,throwing,0.1287,0.1619,1.0647,-1.1673,64.2624,58.9828
1,throwing,0.1208,0.1714,1.0667,-1.1826,63.9496,59.7229
1,throwing,0.1238,0.1765,1.0608,-1.2894,63.7054,60.5087
1,throwing,0.1118,0.1768,1.0679,-1.4572,63.3392,61.2335
1,throwing,0.1125,0.1658,1.0657,-1.9608,62.8128,61.8134
1,throwing,0.1008,0.1675,1.0781,-2.4261,62.3703,62.3016
1,throwing,0.0869,0.1731,1.0872,-2.8687,61.9354,63.0646
1,throwing,0.0720,0.1736,1.0815,-3.5629,61.4624,63.9343
1,throwing,0.0681,0.1702,1.0828,-4.5090,60.9436,64.5142
1,throwing,0.0557,0.1648,1.0967,-5.4779,60.3867,64.9033
1,throwing,0.0522,0.1692,1.1138,-6.3858,59.6466,65.1474
1,throwing,0.0476,0.1682,1.1235,-7.1945,58.7082,65.5746
1,throwing,0.0496,0.1597,1.1365,-8.4763,57.6324,66.0553
1,throwing,0.0576,0.1531,1.1458,-9.9182,56.3965,66.3147
1,throwing,0.0586,0.1548,1.1611,-11.0779,55.1071,66.5817
1,throwing,0.0610,0.1587,1.1770,-12.2528,53.9780,67.0242
1,throwing,0.0527,0.1479,1.1890,-13.5117,52.5589,67.5507
1,throwing,0.0537,0.1443,1.1907,-14.7400,50.9262,67.9703
1,throwing,0.0654,0.1411,1.2029,-15.9988,49.4766,68.1763
1,throwing,0.0703,0.1331,1.2131,-17.2806,48.0270,68.1458
1,throwing,0.0603,0.1272,1.2197,-18.4937,46.3562,68.3823
1,throwing,0.0571,0.1201,1.2136,-19.7144,44.5862,68.8934
1,throwing,0.0566,0.1133,1.2197,-21.0800,42.7170,69.1833
1,throwing,0.0649,0.1013,1.2114,-22.4533,41.1606,69.3817
1,throwing,0.0710,0.0894,1.2124,-23.7198,39.6805,69.4275
1,throwing,0.0784,0.0811,1.2046,-24.8489,38.0936,69.3512
1,throwing,0.0886,0.0679,1.1982,-26.1002,36.8423,69.4351
1,throwing,0.0962,0.0569,1.1956,-27.1301,35.7666,69.3665
1,throwing,0.0986,0.0356,1.1877,-27.7405,34.6756,69.3741
1,throwing,0.1040,0.0271,1.1824,-28.3356,33.6609,69.4656
1,throwing,0.1096,0.0232,1.1929,-28.5721,32.7377,69.9005
1,throwing,0.1216,-0.0076,1.1890,-29.8233,31.2729,69.2978
1,throwing,0.1562,-0.0195,1.1370,-30.1666,31.2805,69.2291
1,throwing,0.0862,0.0037,1.2158,-29.2892,30.9982,70.6329
1,throwing,0.1223,-0.0459,1.2053,-28.7628,30.1056,71.3730
1,throwing,0.1267,-0.0676,1.2109,-29.8309,28.3203,70.4269
1,throwing,0.1562,-0.0784,1.1702,-32.8751,26.4969,68.2602
1,throwing,0.1931,-0.0728,1.1204,-36.2701,25.8331,66.2384
1,throwing,0.2102,-0.0522,1.0959,-38.1012,26.1459,65.6662
1,throwing,0.2151,-0.0483,1.0835,-38.3453,27.2293,66.5665
1,throwing,0.2061,-0.0474,1.0857,-37.6892,28.9307,68.4052
1,throwing,0.1882,-0.0652,1.1079,-36.8271,30.5481,70.2286
1,throwing,0.1772,-0.1094,1.1294,-35.8582,31.2500,70.9229
1,throwing,0.1746,-0.1516,1.1746,-35.1105,30.6396,70.4422
1,throwing,0.2100,-0.1809,1.1584,-34.0500,30.3574,69.1986
1,throwing,0.1758,-0.1648,1.2317,-32.2189,29.2511,68.9163
1,throwing,0.2083,-0.1829,1.2146,-30.6549,28.0609,68.2297
1,throwing,0.2366,-0.1982,1.1943,-30.1819,26.7563,66.8488
1,throwing,0.2678,-0.2080,1.1804,-30.1437,25.8179,65.0330
1,throwing,0.2881,-0.2002,1.1619,-29.8462,25.7111,63.7436
1,throwing,0.3047,-0.1836,1.1323,-29.0070,26.3290,63.7360
1,throwing,0.2944,-0.1738,1.1362,-27.7786,27.0920,64.4379
1,throwing,0.3035,-0.1821,1.1038,-26.7334,28.3813,65.3763
1,throwing,0.2937,-0.2031,1.0928,-25.6195,29.8920,65.9332
1,throwing,0.2747,-0.2275,1.1006,-24.3225,31.4560,66.2003
1,throwing,0.2678,-0.2317,1.1086,-22.7356,32.6767,66.5054
1,throwing,0.2554,-0.2449,1.1121,-21.5149,33.5007,66.3147
1,throwing,0.2478,-0.2549,1.1125,-20.4849,33.7677,65.7120
1,throwing,0.2600,-0.2673,1.1138,-19.4473,33.8593,64.7125
1,throwing,0.2720,-0.2861,1.1152,-18.4937,33.6380,63.7360
1,throwing,0.2893,-0.2900,1.1074,-17.4332,33.4778,62.5610
1,throwing,0.3145,-0.2983,1.0913,-16.5558,33.7677,61.2640
1,throwing,0.3269,-0.2969,1.0806,-15.9531,34.3246,60.0204
1,throwing,0.3557,-0.2993,1.0715,-15.2817,35.2631,59.1049
1,throwing,0.3591,-0.3000,1.0559,-14.6790,36.5372,58.1589
1,throwing,0.3604,-0.2966,1.0591,-14.0991,37.7426,57.3273
1,throwing,0.3506,-0.2993,1.0657,-13.4277,39.0701,56.7703
1,throwing,0.3577,-0.3000,1.0635,-12.8937,40.0085,56.1829
1,throwing,0.3464,-0.3069,1.0620,-12.2910,40.9164,55.1834
1,throwing,0.3345,-0.3125,1.0623,-11.6959,41.9388,54.2145
1,throwing,0.3269,-0.3162,1.0691,-11.2991,42.7170,53.2303
1,throwing,0.3228,-0.3193,1.0664,-10.9482,43.5181,52.0020
1,throwing,0.3179,-0.3213,1.0747,-10.3836,44.3954,50.5524
1,throwing,0.3096,-0.3176,1.0750,-9.6817,45.1050,49.5224
1,throwing,0.3027,-0.3171,1.0808,-9.1629,45.8679,48.4009
1,throwing,0.2993,-0.3076,1.0925,-8.8882,46.3181,47.4472
1,throwing,0.2942,-0.3064,1.0928,-8.6594,46.7300,46.5012
1,throwing,0.2827,-0.2947,1.1052,-8.4610,47.1420,45.4788
1,throwing,0.2764,-0.2825,1.0999,-8.3389,47.5769,44.4260
1,throwing,0.2739,-0.2737,1.1013,-8.3466,47.9202,43.3273
1,throwing,0.2700,-0.2622,1.1067,-8.6060,48.3704,42.2745
1,throwing,0.2622,-0.2593,1.1079,-8.7967,48.8205,41.0309
1,throwing,0.2664,-0.2449,1.1089,-8.7662,49.1180,40.1230
1,throwing,0.2598,-0.2280,1.1194,-8.8730,49.5377,39.2227
1,throwing,0.2400,-0.2205,1.1267,-9.3307,49.8810,38.4445
1,throwing,0.2407,-0.2144,1.1313,-9.8114,50.0946,37.6434
1,throwing,0.2305,-0.1995,1.1418,-10.3531,50.3082,36.9568
1,throwing,0.2207,-0.1870,1.1450,-10.8414,50.2930,36.1404
1,throwing,0.2129,-0.1794,1.1494,-11.1542,50.0183,35.4385
1,throwing,0.2109,-0.1716,1.1504,-11.6425,50.0107,34.9197
1,throwing,0.1995,-0.1545,1.1614,-12.1765,50.2777,34.6375
1,throwing,0.1929,-0.1394,1.1541,-12.7106,50.0488,34.2255
1,throwing,0.1841,-0.1296,1.1648,-13.1073,49.7437,33.8058
1,throwing,0.1858,-0.1228,1.1736,-13.4811,49.3698,33.6304
1,throwing,0.1792,-0.1118,1.1743,-14.0457,48.8663,33.6456
1,throwing,0.1616,-0.1067,1.1777,-14.4424,48.3551,33.5159
1,throwing,0.1616,-0.0974,1.1738,-14.6637,47.9507,33.5007
1,throwing,0.1597,-0.0916,1.1714,-14.7476,47.5388,33.3939
1,throwing,0.1538,-0.0842,1.1658,-15.0070,47.0581,33.4930
1,throwing,0.1494,-0.0784,1.1670,-15.1978,46.7682,33.4778
1,throwing,0.1531,-0.0688,1.1689,-15.3427,46.3867,33.4854
1,throwing,0.1499,-0.0549,1.1616,-15.5029,46.1578,33.7219
1,throwing,0.1382,-0.0483,1.1614,-15.4800,45.9213,33.9355
1,throwing,0.1404,-0.0481,1.1611,-15.5334,45.6772,33.9966
1,throwing,0.1362,-0.0393,1.1582,-15.5640,45.3491,34.2407
1,throwing,0.1304,-0.0366,1.1523,-15.5640,45.0974,34.6069
1,throwing,0.1311,-0.0339,1.1558,-15.3885,44.7617,34.8663
1,throwing,0.1311,-0.0271,1.1531,-15.1062,44.2352,35.2554
1,throwing,0.1252,-0.0186,1.1470,-14.5493,43.8538,35.4462
1,throwing,0.1257,-0.0137,1.1462,-14.2975,43.7088,35.7208
1,throwing,0.1287,-0.0159,1.1401,-14.1144,43.6630,36.2244
1,throwing,0.1228,-0.0115,1.1306,-13.9389,43.5562,36.6058
1,throwing,0.1226,-0.0117,1.1328,-13.7558,43.5562,36.9110
1,throwing,0.1221,-0.0093,1.1296,-13.4659,43.4952,37.2543
1,throwing,0.1216,-0.0088,1.1296,-13.3286,43.1290,37.7960
1,throwing,0.1165,-0.0061,1.1326,-13.1607,42.6941,38.1699
1,throwing,0.1128,-0.0020,1.1404,-12.8632,42.1982,38.5437
1,throwing,0.1091,-0.0078,1.1379,-12.7487,41.9464,38.7802
1,throwing,0.1094,-0.0183,1.1313,-12.5961,41.8701,39.0167
1,throwing,0.1096,-0.0190,1.1279,-12.1994,41.6565,39.1922
1,throwing,0.1106,-0.0178,1.1213,-11.8103,41.2292,39.2609
1,throwing,0.1138,-0.0166,1.1108,-11.5356,40.7410,39.5279
1,throwing,0.1172,-0.0190,1.1155,-11.2686,40.6189,39.6042
1,throwing,0.1099,-0.0210,1.1189,-10.9482,40.4892,39.8254
1,throwing,0.1118,-0.0195,1.1194,-10.7040,40.2527,39.7797
1,throwing,0.1125,-0.0137,1.1147,-10.4752,40.0391,39.8636
1,throwing,0.1047,-0.0103,1.1118,-10.2158,40.0314,39.8712
1,throwing,0.1033,-0.0103,1.1062,-10.0937,40.1382,39.8026
1,throwing,0.0979,-0.0056,1.1028,-10.0784,40.1154,39.9780
1,throwing,0.0916,0.0015,1.1013,-9.9640,40.0467,40.0314
1,throwing,0.0906,-0.0051,1.1157,-9.8801,40.1688,40.0162
1,throwing,0.0891,-0.0015,1.1106,-9.9564,40.4282,40.2222
1,throwing,0.0864,0.0024,1.1047,-10.0861,40.4510,40.3366
1,throwing,0.0820,0.0090,1.1038,-10.0861,40.3900,40.4739
1,throwing,0.0801,0.0117,1.0981,-10.2539,40.4510,40.7257
1,throwing,0.0747,0.0061,1.1016,-10.3912,40.4510,41.0004
1,throwing,0.0674,0.0044,1.1096,-10.5591,40.4205,41.3208
1,throwing,0.0615,0.0029,1.1160,-10.6583,40.3290,41.3666
1,throwing,0.0637,0.0059,1.1174,-10.9177,40.0162,41.4047
1,throwing,0.0613,0.0098,1.1172,-11.1618,39.7491,41.6107
1,throwing,0.0522,0.0034,1.1316,-11.3678,39.6500,41.9998
1,throwing,0.0493,0.0000,1.1316,-11.5509,39.4440,42.4194
1,throwing,0.0493,0.0002,1.1340,-11.7416,38.9175,42.4042
1,throwing,0.0522,0.0020,1.1401,-12.0087,38.5818,42.4194
1,throwing,0.0496,0.0022,1.1516,-12.1384,37.8952,42.7017
1,throwing,0.0500,-0.0049,1.1667,-12.3596,37.1170,42.9077
1,throwing,0.0542,-0.0063,1.1604,-12.6648,36.5753,43.0756
1,throwing,0.0493,-0.0010,1.1587,-13.0005,35.8734,43.1213
1,throwing,0.0435,-0.0061,1.1675,-13.3133,35.2631,43.2053
1,throwing,0.0525,-0.0107,1.1716,-13.6414,34.5993,43.5257
1,throwing,0.0520,-0.0120,1.1682,-13.8931,33.8898,43.7241
1,throwing,0.0420,-0.0151,1.1685,-14.0533,33.1497,43.8690
1,throwing,0.0454,-0.0132,1.1667,-14.3356,32.3181,43.8995
1,throwing,0.0500,-0.0173,1.1768,-14.5950,31.6391,44.0521
1,throwing,0.0535,-0.0269,1.1733,-14.8773,31.0745,44.2505
1,throwing,0.0481,-0.0325,1.1772,-15.1138,30.2505,44.3420
1,throwing,0.0479,-0.0374,1.1741,-15.2893,29.5029,44.4794
1,throwing,0.0466,-0.0435,1.1748,-15.4724,28.8544,44.7159
1,throwing,0.0476,-0.0522,1.1670,-15.6860,28.0151,44.7845
1,throwing,0.0586,-0.0586,1.1672,-16.0675,27.2980,44.7845
1,throwing,0.0540,-0.0613,1.1731,-16.3116,26.8860,44.7464
1,throwing,0.0537,-0.0698,1.1802,-16.5787,26.0544,44.6472
1,throwing,0.0569,-0.0730,1.1689,-16.7542,25.3525,44.6930
1,throwing,0.0608,-0.0811,1.1702,-17.0822,24.7192,44.7311
1,throwing,0.0615,-0.0759,1.1699,-17.3492,24.1089,44.7922
1,throwing,0.0627,-0.0767,1.1765,-17.7536,23.7350,44.7769
1,throwing,0.0625,-0.0837,1.1736,-18.4174,23.1857,44.6854
1,throwing,0.0732,-0.0803,1.1748,-19.0582,22.5677,44.4412
1,throwing,0.0784,-0.0818,1.1797,-19.2184,21.8964,44.2429
1,throwing,0.0808,-0.0916,1.1782,-19.3710,21.4615,44.1895
1,throwing,0.0862,-0.1016,1.1807,-19.9814,21.0571,44.3954
1,throwing,0.0884,-0.1077,1.1738,-20.4849,20.6375,44.3878
1,throwing,0.0979,-0.1187,1.1694,-20.5994,20.3552,44.2505
1,throwing,0.0999,-0.1270,1.1729,-20.6451,19.9585,44.1132
1,throwing,0.1003,-0.1313,1.1658,-20.7977,19.4855,44.0979
1,throwing,0.1040,-0.1411,1.1719,-20.8740,19.1269,44.0598
1,throwing,0.1057,-0.1467,1.1765,-21.0419,18.8141,43.8690
1,throwing,0.1077,-0.1511,1.1763,-20.9732,18.6081,43.6249
1,throwing,0.1116,-0.1587,1.1714,-20.9427,18.3258,43.4723
1,throwing,0.1204,-0.1711,1.1807,-20.8664,17.9062,43.3044
1,throwing,0.1182,-0.1812,1.1897,-20.8893,17.4561,43.1442
1,throwing,0.1204,-0.1877,1.1790,-20.9656,17.2958,42.8619
1,throwing,0.1262,-0.1853,1.1855,-20.8511,17.1661,42.4652
1,throwing,0.1343,-0.1934,1.1885,-20.6528,16.7389,42.1753
1,throwing,0.1399,-0.2090,1.1824,-20.4163,16.4413,41.6260
1,throwing,0.1482,-0.2141,1.1719,-20.2942,16.2582,41.1758
1,throwing,0.1516,-0.2166,1.1731,-20.0577,15.9607,40.7944
1,throwing,0.1501,-0.2214,1.1721,-19.3634,15.8920,40.4587
1,throwing,0.1511,-0.2273,1.1648,-18.8293,15.7318,40.1535
1,throwing,0.1675,-0.2239,1.1648,-18.5623,15.6174,39.5813
1,throwing,0.1672,-0.2256,1.1724,-18.1961,15.6021,38.9099
1,throwing,0.1616,-0.2236,1.1663,-17.6544,15.4190,38.5056
1,throwing,0.1648,-0.2200,1.1584,-16.9678,15.6097,38.0936
1,throwing,0.1667,-0.2229,1.1602,-16.4566,15.5792,37.6968
1,throwing,0.1658,-0.2244,1.1562,-15.9988,15.6708,36.9873
1,throwing,0.1689,-0.2190,1.1533,-15.5563,15.8844,36.5677
1,throwing,0.1602,-0.2163,1.1580,-15.0375,15.8997,36.3083
1,throwing,0.1643,-0.2166,1.1519,-14.4577,15.9607,36.0489
1,throwing,0.1714,-0.2173,1.1440,-13.8016,16.1514,35.6216
1,throwing,0.1689,-0.2107,1.1506,-13.3286,16.0828,35.1486
1,throwing,0.1663,-0.2129,1.1589,-12.9623,16.0294,35.0037
1,throwing,0.1604,-0.2107,1.1562,-12.5504,15.7700,34.6222
1,throwing,0.1636,-0.2036,1.1519,-12.2375,15.5945,34.1415
1,throwing,0.1641,-0.2048,1.1440,-11.7569,15.5258,33.8135
1,throwing,0.1582,-0.2002,1.1516,-11.3144,15.4877,33.5922
1,throwing,0.1462,-0.1982,1.1511,-11.0474,15.2206,33.2947
1,throwing,0.1516,-0.1934,1.1511,-10.8032,15.1291,32.9590
1,throwing,0.1511,-0.1887,1.1470,-10.5362,14.9841,32.5546
1,throwing,0.1506,-0.1829,1.1489,-10.2310,15.1520,32.3029
1,throwing,0.1501,-0.1814,1.1521,-10.0021,15.1520,32.0892
1,throwing,0.1458,-0.1790,1.1492,-9.9258,14.8392,31.7993
1,throwing,0.1399,-0.1794,1.1472,-9.8343,14.5950,31.7001
1,throwing,0.1414,-0.1670,1.1582,-9.8724,14.5416,31.4102
1,throwing,0.1338,-0.1589,1.1550,-9.8648,14.6408,31.1966
1,throwing,0.1270,-0.1587,1.1570,-10.0327,14.4730,31.0516
1,throwing,0.1230,-0.1462,1.1667,-10.0327,14.2136,30.8990
1,throwing,0.1228,-0.1458,1.1702,-10.2386,13.7405,30.7922
1,throwing,0.1182,-0.1543,1.1689,-10.4599,13.5193,30.5862
1,throwing,0.1138,-0.1484,1.1650,-10.6125,13.3362,30.3268
1,throwing,0.1145,-0.1467,1.1594,-10.7193,12.9929,30.2505
1,throwing,0.1169,-0.1433,1.1680,-10.9558,12.3825,30.1285
1,throwing,0.1187,-0.1360,1.1665,-11.3220,11.8561,29.8233
1,throwing,0.1113,-0.1252,1.1704,-11.6806,11.5051,29.7470
1,throwing,0.1140,-0.1177,1.1719,-12.0087,11.2305,29.6249
1,throwing,0.1099,-0.1213,1.1643,-12.2299,10.8719,29.6097
1,throwing,0.0994,-0.1157,1.1621,-12.3825,10.4904,29.6402
1,throwing,0.1094,-0.1204,1.1572,-12.5809,10.2463,29.5715
1,throwing,0.1074,-0.1208,1.1619,-12.7869,9.9258,29.5029
1,throwing,0.1021,-0.1184,1.1555,-12.7106,9.7961,29.6249
1,throwing,0.0991,-0.1199,1.1472,-12.7945,9.5520,29.6936
1,throwing,0.1016,-0.1226,1.1443,-12.9700,9.0714,29.7165
1,throwing,0.1067,-0.1123,1.1353,-13.3133,8.7738,29.7165
1,throwing,0.1047,-0.1108,1.1323,-13.4506,8.7128,29.6478
1,throwing,0.1052,-0.1147,1.1311,-13.3972,8.4152,29.4647
1,throwing,0.1042,-0.1133,1.1238,-13.6337,8.1558,29.4495
1,throwing,0.1079,-0.1135,1.1152,-13.6719,8.1482,29.5334
1,throwing,0.1060,-0.1182,1.1143,-13.5880,8.2321,29.6402
1,throwing,0.1060,-0.1172,1.1196,-13.6108,8.1863,29.6173
1,throwing,0.1123,-0.1204,1.1147,-13.5193,8.0719,29.5944
1,throwing,0.1145,-0.1189,1.1147,-13.4430,8.0872,29.6478
1,throwing,0.1121,-0.1194,1.1128,-13.3438,8.1177,29.6707
1,throwing,0.1165,-0.1182,1.1091,-13.1454,8.2932,29.7699
1,throwing,0.1189,-0.1194,1.1055,-12.7945,8.3847,29.8386
1,throwing,0.1184,-0.1216,1.1108,-12.5275,8.3542,29.7623
1,throwing,0.1121,-0.1208,1.1011,-12.4359,8.2474,29.7012
1,throwing,0.1133,-0.1167,1.1035,-12.2604,8.2016,29.7241
1,throwing,0.1199,-0.1091,1.1033,-11.9629,8.2855,29.8462
1,throwing,0.1218,-0.1021,1.1028,-11.8256,8.4534,30.0598
1,throwing,0.1233,-0.1016,1.1008,-11.6425,8.5831,30.0140
1,throwing,0.1255,-0.1021,1.0986,-11.7645,8.6441,29.9377
1,throwing,0.1270,-0.0999,1.0947,-11.5738,8.7128,30.0293
1,throwing,0.1284,-0.1006,1.0859,-11.4059,8.7585,30.0446
1,throwing,0.1389,-0.0979,1.0776,-11.3297,8.9951,30.0751
1,throwing,0.1360,-0.1018,1.0806,-11.3449,9.0866,30.1819
1,throwing,0.1301,-0.1077,1.0825,-11.0703,9.1858,30.1590
1,throwing,0.1267,-0.1062,1.0771,-10.7193,9.4681,30.2887
1,throwing,0.1277,-0.1123,1.0737,-10.8643,9.6054,30.3650
1,throwing,0.1353,-0.1104,1.0725,-10.9482,9.7885,30.4413
1,throwing,0.1423,-0.1101,1.0754,-10.8948,9.8495,30.4718
1,throwing,0.1443,-0.1235,1.0652,-10.7803,9.9335,30.4871
1,throwing,0.1492,-0.1257,1.0715,-10.7422,10.1624,30.5252
1,throwing,0.1465,-0.1318,1.0662,-11.0397,10.3149,30.4184
1,throwing,0.1433,-0.1333,1.0625,-11.1618,10.7269,30.4565
1,throwing,0.1436,-0.1423,1.0640,-11.2457,11.1389,30.4337
1,throwing,0.1455,-0.1487,1.0674,-11.3220,11.5891,30.4337
1,throwing,0.1521,-0.1523,1.0569,-11.4975,11.7874,30.1895
1,throwing,0.1492,-0.1646,1.0630,-11.5128,12.1155,29.8462
1,throwing,0.1514,-0.1619,1.0703,-11.6272,12.2986,29.6021
1,throwing,0.1621,-0.1660,1.0662,-11.7264,12.6190,29.4571
1,throwing,0.1611,-0.1770,1.0681,-11.6730,12.8937,29.2969
1,throwing,0.1609,-0.1821,1.0710,-11.5891,13.2751,28.9459
1,throwing,0.1567,-0.1890,1.0767,-11.5356,13.6108,28.3890
1,throwing,0.1577,-0.1914,1.0762,-11.5051,13.8397,27.9160
1,throwing,0.1621,-0.1985,1.0828,-11.4365,14.0762,27.6108
1,throwing,0.1589,-0.2058,1.0872,-11.5433,14.4272,27.2675
1,throwing,0.1655,-0.2078,1.0872,-11.5280,14.8849,26.6495
1,throwing,0.1660,-0.2085,1.0857,-11.5051,15.2817,26.2299
1,throwing,0.1631,-0.2104,1.0837,-11.4212,15.5411,25.8408
1,throwing,0.1665,-0.2134,1.0930,-11.4746,15.7547,25.4364
1,throwing,0.1704,-0.2122,1.0925,-11.4594,15.8768,24.7421
1,throwing,0.1699,-0.2148,1.1011,-11.4822,16.2964,24.1623
1,throwing,0.1699,-0.2190,1.0947,-11.5280,16.4490,23.7198
1,throwing,0.1665,-0.2166,1.1091,-11.4670,16.6855,23.3154
1,throwing,0.1650,-0.2175,1.1204,-11.3907,16.9067,22.8500
1,throwing,0.1609,-0.2256,1.1165,-11.4288,16.9830,22.2855
1,throwing,0.1577,-0.2229,1.1208,-11.2228,17.1890,21.6980
1,throwing,0.1572,-0.2256,1.1160,-11.1389,17.1738,21.1716
1,throwing,0.1580,-0.2249,1.1262,-11.1923,17.1432,20.7138
1,throwing,0.1560,-0.2285,1.1345,-11.2762,17.1890,20.1187
1,throwing,0.1550,-0.2290,1.1384,-11.3907,17.1356,19.5312
1,throwing,0.1523,-0.2271,1.1521,-11.2762,17.0822,19.0582
1,throwing,0.1526,-0.2266,1.1580,-11.2534,16.9373,18.6691
1,throwing,0.1489,-0.2222,1.1514,-11.3297,16.8304,18.1122
1,throwing,0.1499,-0.2271,1.1494,-11.3678,16.7465,17.5095
1,throwing,0.1472,-0.2288,1.1582,-11.3678,16.4795,16.9373
1,throwing,0.1406,-0.2253,1.1616,-11.1847,16.0217,16.3956
1,throwing,0.1418,-0.2283,1.1614,-10.9863,15.8005,15.9760
1,throwing,0.1404,-0.2295,1.1584,-10.8566,15.3732,15.3809
1,throwing,0.1392,-0.2290,1.1663,-10.8414,15.1672,14.7476
1,throwing,0.1418,-0.2236,1.1638,-10.7269,14.9384,14.1678
1,throwing,0.1370,-0.2183,1.1570,-10.5057,14.7934,13.6185
1,throwing,0.1340,-0.2166,1.1531,-10.3226,14.6561,12.9852
1,throwing,0.1389,-0.2100,1.1577,-10.2615,14.3280,12.6114
1,throwing,0.1292,-0.2087,1.1562,-10.1929,13.9313,12.2375
1,throwing,0.1277,-0.2063,1.1467,-10.1624,13.7711,11.7645
1,throwing,0.1228,-0.2039,1.1404,-9.9640,13.7482,11.1465
1,throwing,0.1250,-0.1965,1.1445,-9.7961,13.5803,10.6659
1,throwing,0.1223,-0.1868,1.1462,-9.6436,13.4888,10.3149
1,throwing,0.1199,-0.1848,1.1465,-9.4833,13.4048,9.9335
1,throwing,0.1243,-0.1814,1.1436,-9.5749,13.3133,9.5978
1,throwing,0.1174,-0.1768,1.1426,-9.5291,13.1226,9.4070
1,throwing,0.1204,-0.1694,1.1401,-9.4147,12.9395,9.2316
1,throwing,0.1125,-0.1646,1.1438,-9.3689,12.9013,9.1476
1,throwing,0.1067,-0.1543,1.1428,-9.2010,12.9318,8.9874
1,throwing,0.1077,-0.1487,1.1384,-9.1782,13.0081,8.7280
1,throwing,0.1111,-0.1492,1.1365,-8.9798,13.0920,8.5373
1,throwing,0.1072,-0.1465,1.1355,-9.0866,12.8479,8.6365
1,throwing,0.1072,-0.1411,1.1345,-8.8577,12.6953,8.5449
1,throwing,0.1023,-0.1367,1.1414,-8.5297,12.7258,8.4839
1,throwing,0.0991,-0.1360,1.1392,-8.5068,12.7563,8.4229
1,throwing,0.0908,-0.1238,1.1438,-8.5068,12.6724,8.4534
1,throwing,0.0938,-0.1272,1.1392,-8.1863,12.6724,8.4229
1,throwing,0.0889,-0.1179,1.1460,-7.8354,12.5580,8.6136
1,throwing,0.0874,-0.1135,1.1411,-7.5607,12.5504,8.8272
1,throwing,0.0852,-0.1113,1.1321,-7.4081,12.4664,8.8730
1,throwing,0.0867,-0.1094,1.1301,-7.1487,12.3138,9.0637
1,throwing,0.0850,-0.1028,1.1350,-6.8817,12.1918,9.3155
1,throwing,0.0835,-0.1067,1.1318,-6.6528,12.1231,9.5291
1,throwing,0.0767,-0.1021,1.1382,-6.2485,11.8027,9.5520
1,throwing,0.0786,-0.0935,1.1406,-5.9814,11.6882,9.7656
1,throwing,0.0852,-0.0894,1.1340,-5.7602,11.5738,10.0784
1,throwing,0.0811,-0.0928,1.1418,-5.5542,11.2305,10.4065
1,throwing,0.0818,-0.0933,1.1423,-5.5161,11.0626,10.6583
1,throwing,0.0830,-0.0911,1.1377,-5.5161,10.9100,10.6888
1,throwing,0.0774,-0.0957,1.1362,-5.3940,10.6506,10.8414
1,throwing,0.0806,-0.0935,1.1389,-5.2948,10.4752,11.0931
1,throwing,0.0872,-0.0945,1.1287,-5.3024,10.3073,11.1847
1,throwing,0.0859,-0.0996,1.1343,-5.4169,10.2081,11.3373
1,throwing,0.0901,-0.0933,1.1343,-5.2795,10.0021,11.4212
1,throwing,0.0906,-0.0918,1.1228,-5.2032,9.9106,11.6119
1,throwing,0.0833,-0.1033,1.1228,-5.0583,9.7885,11.7798
1,throwing,0.0930,-0.1028,1.1123,-4.8065,9.4070,11.9171
1,throwing,0.0955,-0.1121,1.1157,-4.7455,9.1553,11.9247
1,throwing,0.0916,-0.1155,1.1243,-4.5166,9.0408,11.7950
1,throwing,0.0935,-0.1213,1.1113,-4.4174,8.9798,11.7416
1,throwing,0.0984,-0.1213,1.1079,-4.3030,8.8348,11.7722
1,throwing,0.1042,-0.1294,1.1052,-4.0665,8.7814,11.8408
1,throwing,0.0989,-0.1338,1.1106,-3.7994,8.7967,11.7188
1,throwing,0.0930,-0.1309,1.1045,-3.8376,8.7967,11.4899
1,throwing,0.0977,-0.1365,1.1086,-3.9902,8.6136,11.3602
1,throwing,0.1021,-0.1335,1.1086,-4.0054,8.6670,11.2610
1,throwing,0.1055,-0.1350,1.1042,-4.1351,8.9264,11.0550
1,throwing,0.1067,-0.1321,1.1060,-4.3488,9.1324,10.9558
1,throwing,0.1072,-0.1277,1.0959,-4.4479,9.4986,10.9634
1,throwing,0.1140,-0.1287,1.0930,-4.4937,9.8114,10.7117
1,throwing,0.1116,-0.1267,1.0999,-4.6539,9.8038,10.6201
1,throwing,0.1133,-0.1257,1.0967,-4.8141,10.0937,10.4904
1,throwing,0.1160,-0.1211,1.0894,-4.8752,10.2844,10.3760
1,throwing,0.1089,-0.1238,1.0945,-4.8447,10.5591,10.1395
1,throwing,0.1074,-0.1218,1.0972,-5.0659,10.4904,9.9564
1,throwing,0.1089,-0.1179,1.1113,-5.1498,10.4599,9.8419
1,throwing,0.1108,-0.1179,1.1084,-5.1117,10.4828,9.6970
1,throwing,0.1118,-0.1240,1.0996,-4.9667,10.5743,9.7198
1,throwing,0.1113,-0.1306,1.0781,-4.7073,10.7727,9.7733
1,throwing,0.1116,-0.1372,1.0762,-4.7226,10.8719,9.8190
1,throwing,0.1108,-0.1348,1.0681,-4.7455,11.1237,9.7961
1,throwing,0.1094,-0.1260,1.0637,-4.7607,11.5433,9.7046
1,throwing,0.1060,-0.1228,1.0630,-4.6539,12.1002,9.5520
1,throwing,0.1162,-0.1284,1.0688,-4.6387,12.5351,9.4223
1,throwing,0.1135,-0.1296,1.0688,-4.8676,12.9089,9.3155
1,throwing,0.1099,-0.1277,1.0754,-4.9362,13.1378,9.2926
1,throwing,0.1050,-0.1235,1.0808,-5.0125,13.3896,9.2468
1,throwing,0.1177,-0.1201,1.0862,-5.0812,13.6871,8.8425
1,throwing,0.1221,-0.1157,1.0864,-5.1498,14.0076,8.8654
1,throwing,0.1162,-0.1067,1.0874,-5.3635,14.2593,8.8425
1,throwing,0.1228,-0.1152,1.0918,-5.5237,14.5950,8.7738
1,throwing,0.1199,-0.1169,1.1003,-5.5695,15.1062,8.8806
1,throwing,0.1240,-0.1138,1.0964,-5.5313,15.4037,9.0408
1,throwing,0.1221,-0.1216,1.0925,-5.3864,15.5640,8.9722
1,throwing,0.1104,-0.1343,1.1011,-5.2032,15.6631,8.8959
1,throwing,0.1187,-0.1326,1.1045,-5.1651,15.7623,8.9798
1,throwing,0.1160,-0.1370,1.1033,-5.1346,15.9149,9.0179
1,throwing,0.1182,-0.1438,1.0955,-5.0888,15.7166,8.9264
1,throwing,0.1204,-0.1494,1.0955,-4.9820,15.9073,8.8882
1,throwing,0.1169,-0.1533,1.0999,-4.9591,16.1819,8.7204
1,throwing,0.1191,-0.1587,1.1064,-4.9133,16.1285,8.5831
1,throwing,0.1187,-0.1626,1.1167,-4.8065,16.1743,8.6136
1,throwing,0.1179,-0.1689,1.1199,-4.6082,16.0599,8.4915
1,throwing,0.1221,-0.1680,1.1116,-4.5547,16.1209,8.2397
1,throwing,0.1235,-0.1741,1.1138,-4.5853,16.2506,7.9041
1,throwing,0.1362,-0.1763,1.1213,-4.6310,16.2811,7.7362
1,throwing,0.1431,-0.1807,1.1184,-4.5013,16.4566,7.4463
1,throwing,0.1428,-0.1848,1.1228,-4.4250,16.5634,7.0648
1,throwing,0.1431,-0.1831,1.1309,-4.0817,16.4566,6.7520
1,throwing,0.1414,-0.1902,1.1287,-3.8986,16.5176,6.5613
1,throwing,0.1414,-0.1941,1.1294,-3.7003,16.3803,6.2637
1,throwing,0.1387,-0.1956,1.1299,-3.5477,16.4337,5.9738
1,throwing,0.1450,-0.1978,1.1284,-3.3875,16.5710,5.6763
1,throwing,0.1458,-0.2031,1.1338,-3.2806,16.4108,5.2185
1,throwing,0.1497,-0.2070,1.1274,-3.0365,16.2506,4.7302
1,throwing,0.1511,-0.2063,1.1250,-2.8687,16.1896,4.1351
1,throwing,0.1445,-0.2112,1.1216,-2.7466,16.1438,3.8071
1,throwing,0.1404,-0.2156,1.1218,-2.3422,16.2354,3.3340
1,throwing,0.1394,-0.2156,1.1147,-1.9073,16.3269,3.1509
1,throwing,0.1382,-0.2183,1.1157,-1.6785,16.3803,2.8381
1,throwing,0.1426,-0.2214,1.1289,-1.2741,16.3956,2.4414
1,throwing,0.1458,-0.2188,1.1411,-1.0605,16.5253,1.9531
1,throwing,0.1475,-0.2183,1.1296,-0.9460,16.5176,1.5488
1,throwing,0.1487,-0.2158,1.1282,-0.7172,16.6779,1.1139
1,throwing,0.1453,-0.2124,1.1331,-0.2594,16.7694,0.7401
1,throwing,0.1494,-0.2136,1.1262,0.0610,16.7618,0.4196
1,throwing,0.1516,-0.2126,1.1208,0.2899,17.0135,0.1144
1,throwing,0.1523,-0.2141,1.1257,0.4883,17.1432,-0.2060
1,throwing,0.1528,-0.2163,1.1201,0.6638,17.1051,-0.5722
1,throwing,0.1553,-0.2122,1.1272,1.2207,17.0517,-1.1444
1,throwing,0.1462,-0.2104,1.1211,1.7624,17.1509,-1.6785
1,throwing,0.1462,-0.2078,1.1177,2.0065,17.2729,-2.0676
1,throwing,0.1440,-0.2083,1.1150,2.1133,17.0975,-2.5558
1,throwing,0.1399,-0.2046,1.1101,2.4261,16.9830,-2.8534
1,throwing,0.1362,-0.2039,1.1050,2.7618,17.1661,-3.1967
1,throwing,0.1423,-0.1958,1.1067,2.9831,17.3645,-3.6469
1,throwing,0.1394,-0.1899,1.1033,3.3035,17.4942,-4.2114
1,throwing,0.1331,-0.1846,1.0996,3.5400,17.5858,-4.6005
1,throwing,0.1289,-0.1792,1.1030,3.5858,17.7765,-4.8370
1,throwing,0.1240,-0.1755,1.1082,3.5934,17.9672,-5.1575
1,throwing,0.1216,-0.1741,1.0989,3.6850,18.2114,-5.3177
1,throwing,0.1189,-0.1663,1.1001,3.8452,18.3411,-5.4855
1,throwing,0.1187,-0.1609,1.0986,3.8910,18.6234,-5.6381
1,throwing,0.1182,-0.1567,1.1045,3.7460,18.8370,-5.9052
1,throwing,0.1143,-0.1448,1.1094,3.6087,19.0277,-6.1646
1,throwing,0.1082,-0.1416,1.1069,3.5629,19.0353,-6.3248
1,throwing,0.1042,-0.1335,1.0969,3.6545,19.2184,-6.2714
1,throwing,0.0996,-0.1235,1.1042,3.5629,19.3100,-6.1417
1,throwing,0.1013,-0.1172,1.1021,3.4790,19.4931,-6.2103
1,throwing,0.1008,-0.1179,1.1084,3.5019,19.5236,-6.3629
1,throwing,0.1003,-0.1184,1.1121,3.5019,19.2642,-6.3934
1,throwing,0.0967,-0.1125,1.1245,3.3569,19.0811,-6.2714
1,throwing,0.0952,-0.1091,1.1311,3.0365,19.1040,-6.1798
1,throwing,0.0955,-0.1094,1.1248,2.8687,19.0811,-6.2714
1,throwing,0.0854,-0.1086,1.1262,2.8915,18.8751,-6.2866
1,throwing,0.0791,-0.1101,1.1284,2.8763,18.7149,-6.0577
1,throwing,0.0852,-0.1096,1.1326,2.6474,18.4631,-5.9509
1,throwing,0.0808,-0.1074,1.1421,2.4643,18.3258,-5.9357
1,throwing,0.0837,-0.1104,1.1577,2.3880,18.1732,-5.9738
1,throwing,0.0796,-0.1196,1.1592,2.2278,17.8909,-6.0425
1,throwing,0.0730,-0.1155,1.1514,2.0142,17.6392,-6.0577
1,throwing,0.0771,-0.1111,1.1582,1.7853,17.4179,-6.1417
1,throwing,0.0728,-0.1113,1.1641,1.5030,17.2195,-6.1874
1,throwing,0.0696,-0.1072,1.1658,1.4267,16.7389,-6.1798
1,throwing,0.0742,-0.1047,1.1667,1.3046,16.2354,-6.1493
1,throwing,0.0693,-0.1047,1.1768,1.0910,16.0217,-6.1188
1,throwing,0.0708,-0.1135,1.1780,1.0223,15.7623,-6.1417
1,throwing,0.0703,-0.1055,1.1914,0.8392,15.3122,-6.2561
1,throwing,0.0691,-0.1074,1.1987,0.7477,14.7476,-6.3248
1,throwing,0.0649,-0.1057,1.1929,0.6790,14.2517,-6.3400
1,throwing,0.0674,-0.1106,1.1948,0.8926,13.6490,-6.0577
1,throwing,0.0627,-0.1055,1.2026,0.8698,13.2523,-5.9128
1,throwing,0.0613,-0.1138,1.1938,0.8545,12.7640,-5.9891
1,throwing,0.0647,-0.1111,1.1938,0.9003,12.3825,-6.1340
1,throwing,0.0681,-0.1118,1.1917,0.6332,11.9705,-6.1340
1,throwing,0.0625,-0.1194,1.1934,0.5798,11.3525,-5.8670
1,throwing,0.0667,-0.1177,1.1892,0.7401,10.7651,-5.9433
1,throwing,0.0637,-0.1169,1.2017,0.7172,10.1242,-5.9662
1,throwing,0.0657,-0.1191,1.2065,0.8621,9.6283,-5.9586
1,throwing,0.0698,-0.1177,1.2087,0.8087,9.0637,-5.9891
1,throwing,0.0703,-0.1255,1.2041,0.9537,8.5602,-6.1035
1,throwing,0.0725,-0.1262,1.2058,1.0071,8.0872,-6.2485
1,throwing,0.0659,-0.1243,1.2031,1.0452,7.4387,-6.0349
1,throwing,0.0684,-0.1228,1.2026,1.1826,6.9275,-6.1798
1,throwing,0.0701,-0.1282,1.1958,1.4114,6.3248,-6.3324
1,throwing,0.0725,-0.1216,1.1946,1.6708,5.7526,-6.3400
1,throwing,0.0767,-0.1245,1.1985,1.6327,5.0812,-6.3629
1,throwing,0.0771,-0.1272,1.1968,1.6251,4.6234,-6.5002
1,throwing,0.0730,-0.1262,1.1956,1.8921,4.0970,-6.5994
1,throwing,0.0811,-0.1272,1.1929,2.0676,3.5858,-6.5689
1,throwing,0.0811,-0.1262,1.1934,2.1896,3.0518,-6.6299
1,throwing,0.0825,-0.1233,1.1941,2.2812,2.5787,-6.6223
1,throwing,0.0793,-0.1277,1.1794,2.4185,2.0370,-6.8207
1,throwing,0.0803,-0.1316,1.1741,2.4872,1.4114,-6.9504
1,throwing,0.0852,-0.1326,1.1750,2.2888,0.5569,-6.9122
1,throwing,0.0889,-0.1304,1.1707,2.3270,0.0916,-6.9122
1,throwing,0.0945,-0.1326,1.1660,2.4643,-0.1450,-6.9580
1,throwing,0.0933,-0.1379,1.1587,2.4338,-0.5112,-7.0724
1,throwing,0.0908,-0.1375,1.1626,2.3804,-0.8850,-7.2556
1,throwing,0.0894,-0.1450,1.1580,2.4490,-1.3885,-7.3090
1,throwing,0.0969,-0.1445,1.1443,2.5711,-1.8158,-7.6218
1,throwing,0.0996,-0.1431,1.1426,2.4872,-2.3575,-7.8201
1,throwing,0.0979,-0.1426,1.1375,2.3727,-2.8763,-7.9727
1,throwing,0.1001,-0.1470,1.1406,2.3041,-3.3112,-8.0719
1,throwing,0.1067,-0.1536,1.1333,2.3956,-3.5934,-8.2474
1,throwing,0.1106,-0.1548,1.1265,2.2888,-3.7079,-8.5068
1,throwing,0.1143,-0.1489,1.1235,2.1133,-3.7918,-8.6136
1,throwing,0.1096,-0.1499,1.1096,2.1362,-4.0512,-8.8196
1,throwing,0.1140,-0.1592,1.1079,2.0676,-4.2496,-8.9417
1,throwing,0.1147,-0.1570,1.1165,1.8387,-4.2496,-9.2545
1,throwing,0.1223,-0.1526,1.1150,1.6937,-4.1962,-9.5215
1,throwing,0.1267,-0.1582,1.1057,1.4801,-4.0970,-9.7122
1,throwing,0.1272,-0.1594,1.1086,1.2131,-4.0131,-9.7504
1,throwing,0.1240,-0.1665,1.1040,1.1826,-3.8757,-9.7733
1,throwing,0.1230,-0.1631,1.0940,1.2589,-3.7460,-10.1547
1,throwing,0.1255,-0.1699,1.0972,1.0605,-3.5934,-10.3378
1,throwing,0.1270,-0.1672,1.1011,0.9766,-3.4943,-10.5667
1,throwing,0.1345,-0.1687,1.0938,0.7935,-3.2196,-10.8032
1,throwing,0.1350,-0.1692,1.0942,0.6485,-3.3188,-11.0168
1,throwing,0.1289,-0.1704,1.0981,0.5569,-3.2120,-11.2228
1,throwing,0.1323,-0.1748,1.0981,0.3586,-3.2120,-11.4670
1,throwing,0.1355,-0.1733,1.0957,0.2594,-3.2349,-11.6806
1,throwing,0.1440,-0.1746,1.0962,0.0534,-3.0594,-11.8713
1,throwing,0.1416,-0.1765,1.0962,-0.0610,-2.9221,-12.1536
1,throwing,0.1416,-0.1797,1.0925,-0.1602,-3.0975,-12.4435
1,throwing,0.1458,-0.1770,1.0925,-0.2747,-3.2501,-12.7716
1,throwing,0.1460,-0.1777,1.0972,-0.4730,-3.2043,-12.9013
1,throwing,0.1541,-0.1792,1.1123,-0.5722,-3.1357,-13.0386
1,throwing,0.1555,-0.1807,1.1099,-0.7782,-2.9449,-13.3209
1,throwing,0.1560,-0.1814,1.1067,-0.9537,-2.8229,-13.5651
1,throwing,0.1519,-0.1858,1.0969,-0.8163,-2.7924,-13.6566
1,throwing,0.1577,-0.1873,1.0923,-0.8163,-2.8229,-13.9236
1,throwing,0.1655,-0.1843,1.1013,-0.9155,-2.7237,-14.2365
1,throwing,0.1641,-0.1851,1.1016,-1.0757,-2.6093,-14.4958
1,throwing,0.1658,-0.1929,1.1016,-1.2436,-2.4796,-14.7324
1,throwing,0.1711,-0.1880,1.0869,-1.1444,-2.4567,-14.9612
1,throwing,0.1746,-0.1926,1.0964,-0.9232,-2.3880,-15.0299
1,throwing,0.1711,-0.1963,1.1003,-0.9308,-2.3880,-15.1901
1,throwing,0.1772,-0.1958,1.0911,-0.8926,-2.4338,-15.5106
1,throwing,0.1833,-0.2034,1.0959,-0.6790,-2.5787,-15.7928
1,throwing,0.1860,-0.2119,1.1016,-0.5875,-2.6016,-15.9531
1,throwing,0.1870,-0.2083,1.0908,-0.4501,-2.5864,-16.2201
1,throwing,0.1941,-0.2144,1.0908,-0.1373,-2.6627,-16.5253
1,throwing,0.1929,-0.2144,1.0935,0.0153,-2.6550,-16.9449
1,throwing,0.1912,-0.2156,1.1003,0.1907,-2.5406,-17.0822
1,throwing,0.1909,-0.2212,1.0916,0.3433,-2.3956,-17.6010
1,throwing,0.2058,-0.2280,1.0986,0.5188,-2.2125,-17.9520
1,throwing,0.2134,-0.2288,1.0923,0.5951,-2.0752,-18.4479
1,throwing,0.2102,-0.2231,1.0857,0.6104,-1.9226,-18.8599
1,throwing,0.2141,-0.2302,1.0850,0.8621,-1.7090,-19.4778
1,throwing,0.2178,-0.2322,1.0879,1.0376,-1.5564,-19.7678
1,throwing,0.2205,-0.2373,1.0950,1.0834,-1.2970,-20.0577
1,throwing,0.2219,-0.2432,1.0918,1.1902,-1.0147,-20.4391
1,throwing,0.2256,-0.2493,1.0911,1.2589,-0.7706,-20.8740
1,throwing,0.2285,-0.2437,1.0862,1.3809,-0.4883,-21.2250
1,throwing,0.2292,-0.2502,1.0911,1.4420,-0.4959,-21.6904
1,throwing,0.2285,-0.2539,1.0867,1.5717,-0.2594,-22.1786
1,throwing,0.2310,-0.2507,1.0701,1.7395,0.0610,-22.7737
1,throwing,0.2319,-0.2573,1.0686,1.8692,0.3815,-23.1857
1,throwing,0.2280,-0.2573,1.0818,1.8234,0.5493,-23.5748
1,throwing,0.2256,-0.2517,1.0808,1.9150,0.9384,-24.2004
1,throwing,0.2300,-0.2571,1.0745,1.9531,1.2970,-24.7192
1,throwing,0.2356,-0.2568,1.0767,1.9379,1.5106,-25.1236
1,throwing,0.2393,-0.2556,1.0774,1.9608,1.8921,-25.7721
1,throwing,0.2329,-0.2549,1.0759,2.0294,2.4490,-26.2527
1,throwing,0.2283,-0.2515,1.0591,2.0828,2.8458,-26.5732
1,throwing,0.2349,-0.2461,1.0576,2.2202,3.3493,-27.0538
1,throwing,0.2317,-0.2488,1.0659,2.3193,3.8986,-27.4582
1,throwing,0.2288,-0.2549,1.0640,2.2583,4.5013,-27.6718
1,throwing,0.2300,-0.2532,1.0618,2.1973,5.1422,-27.8625
1,throwing,0.2205,-0.2510,1.0747,2.4033,5.7602,-28.3279
1,throwing,0.2278,-0.2512,1.0813,2.4185,6.4087,-28.6713
1,throwing,0.2188,-0.2512,1.0784,2.4261,7.0496,-28.9154
1,throwing,0.2119,-0.2532,1.0837,2.8076,7.5531,-29.2816
1,throwing,0.2078,-0.2585,1.0886,3.1509,8.0185,-29.7089
1,throwing,0.2097,-0.2561,1.1011,3.2043,8.4610,-29.9988
1,throwing,0.2083,-0.2559,1.1101,3.3188,8.9951,-30.0293
1,throwing,0.2046,-0.2600,1.1128,3.5248,9.4376,-30.2658
1,throwing,0.1985,-0.2532,1.1064,3.7918,9.6741,-30.6244
1,throwing,0.1982,-0.2532,1.1099,4.0131,9.7656,-31.0059
1,throwing,0.1965,-0.2522,1.1174,4.1275,9.9564,-31.2576
1,throwing,0.1980,-0.2473,1.1262,4.6234,10.1776,-31.6467
1,throwing,0.1953,-0.2510,1.1252,4.9820,10.3836,-31.7841
1,throwing,0.1914,-0.2485,1.1255,5.2719,10.6201,-32.1808
1,throwing,0.1836,-0.2473,1.1182,5.5771,10.8719,-32.5241
1,throwing,0.1819,-0.2493,1.1287,5.7755,10.7574,-32.8979
1,throwing,0.1794,-0.2473,1.1321,6.0577,10.7803,-33.2336
1,throwing,0.1755,-0.2449,1.1321,6.3248,10.8948,-33.5693
1,throwing,0.1714,-0.2439,1.1404,6.6299,10.8337,-33.8898
1,throwing,0.1782,-0.2390,1.1536,6.8436,10.5057,-34.1034
1,throwing,0.1777,-0.2427,1.1577,6.8817,10.4065,-34.2560
1,throwing,0.1699,-0.2478,1.1672,6.8512,10.4675,-34.5154
1,throwing,0.1653,-0.2424,1.1658,7.0343,10.4446,-34.7214
1,throwing,0.1616,-0.2378,1.1602,7.0648,10.2615,-34.9121
1,throwing,0.1633,-0.2405,1.1685,7.0724,10.2386,-35.2859
1,throwing,0.1580,-0.2407,1.1719,7.2556,10.1395,-35.6903
1,throwing,0.1602,-0.2419,1.1802,7.4005,9.9564,-36.0641
1,throwing,0.1567,-0.2402,1.1826,7.4463,9.5825,-36.2396
1,throwing,0.1572,-0.2429,1.1875,7.4463,9.1476,-36.4914
1,throwing,0.1516,-0.2397,1.1929,7.3471,8.7585,-36.6898
1,throwing,0.1462,-0.2424,1.2007,7.4310,8.3313,-36.7966
1,throwing,0.1423,-0.2451,1.2029,7.6141,7.9422,-37.2849
1,throwing,0.1428,-0.2498,1.2068,7.6599,7.5836,-37.6434
1,throwing,0.1343,-0.2524,1.2061,7.7286,7.2327,-37.9639
1,throwing,0.1375,-0.2507,1.2092,7.9041,6.8893,-38.2385
1,throwing,0.1394,-0.2507,1.2070,7.9956,6.5842,-38.4674
1,throwing,0.1328,-0.2493,1.2087,8.1711,6.1493,-38.7726
1,throwing,0.1377,-0.2542,1.2126,8.4763,5.5923,-39.0472
1,throwing,0.1313,-0.2524,1.2048,8.8196,5.1422,-39.4135
1,throwing,0.1326,-0.2495,1.2095,9.1248,4.9973,-39.5737
1,throwing,0.1309,-0.2551,1.2139,9.3155,4.6463,-39.7415
1,throwing,0.1338,-0.2546,1.2100,9.5062,4.2038,-40.0543
1,throwing,0.1399,-0.2588,1.2061,9.9869,3.9062,-40.4816
1,throwing,0.1328,-0.2617,1.2031,10.4904,3.5629,-40.8707
1,throwing,0.1309,-0.2559,1.2009,10.8948,3.2349,-41.1835
1,throwing,0.1328,-0.2551,1.1987,11.2076,3.0518,-41.5192
1,throwing,0.1318,-0.2605,1.2026,11.6119,2.7084,-41.8396
1,throwing,0.1287,-0.2546,1.2026,12.0773,2.3956,-42.1600
1,throwing,0.1304,-0.2527,1.1917,12.4054,2.0523,-42.4728
1,throwing,0.1345,-0.2473,1.2036,12.8632,1.7548,-42.6865
1,throwing,0.1326,-0.2495,1.2029,13.2446,1.4114,-43.0756
1,throwing,0.1353,-0.2458,1.2046,13.4735,1.1292,-43.4799
1,throwing,0.1416,-0.2461,1.2007,13.8474,0.9537,-43.7164
1,throwing,0.1382,-0.2407,1.1938,14.2593,0.7172,-43.9453
1,throwing,0.1304,-0.2444,1.1895,14.6255,0.5264,-44.4107
1,throwing,0.1328,-0.2412,1.1851,14.9612,0.1602,-44.8380
1,throwing,0.1326,-0.2351,1.1843,15.3122,0.0153,-45.0211
1,throwing,0.1365,-0.2402,1.1836,15.5411,-0.1144,-45.4483
1,throwing,0.1372,-0.2368,1.1729,15.7700,-0.1602,-45.8145
1,throwing,0.1345,-0.2358,1.1633,15.8768,-0.1373,-46.1960
1,throwing,0.1299,-0.2383,1.1665,15.9836,-0.2899,-46.5622
1,throwing,0.1321,-0.2329,1.1648,16.1667,-0.3815,-46.7682
1,throwing,0.1274,-0.2336,1.1560,16.3498,-0.4654,-46.9437
1,throwing,0.1270,-0.2366,1.1531,16.4185,-0.5341,-47.2336
1,throwing,0.1257,-0.2354,1.1531,16.5787,-0.5875,-47.5845
1,throwing,0.1274,-0.2310,1.1597,16.5329,-0.6409,-47.9813
1,throwing,0.1196,-0.2312,1.1526,16.4719,-0.5798,-48.1720
1,throwing,0.1213,-0.2295,1.1479,16.3803,-0.5493,-48.5001
1,throwing,0.1211,-0.2290,1.1443,16.5710,-0.5569,-48.8434
1,throwing,0.1226,-0.2339,1.1411,16.6473,-0.7095,-49.1486
1,throwing,0.1199,-0.2349,1.1453,16.5939,-0.7324,-49.6216
1,throwing,0.1184,-0.2327,1.1509,16.3879,-0.8087,-49.8886
1,throwing,0.1111,-0.2336,1.1541,16.0065,-0.8698,-50.3311
1,throwing,0.1174,-0.2327,1.1597,15.7547,-0.9995,-50.6363
1,throwing,0.1150,-0.2324,1.1626,15.5716,-1.1749,-51.0712
1,throwing,0.1128,-0.2336,1.1699,15.0833,-1.1673,-51.4374
1,throwing,0.1086,-0.2358,1.1711,14.8163,-1.3046,-51.5747
1,throwing,0.1099,-0.2458,1.1692,14.6255,-1.4496,-51.9104
1,throwing,0.1108,-0.2488,1.1748,14.3738,-1.4725,-52.4826
1,throwing,0.1140,-0.2417,1.1741,13.9008,-1.6785,-53.2608
1,throwing,0.1099,-0.2419,1.1816,13.5040,-1.9150,-53.7491
1,throwing,0.1116,-0.2407,1.1924,12.9700,-2.1515,-53.9627
1,throwing,0.1133,-0.2366,1.1982,12.4512,-2.4567,-54.3060
1,throwing,0.1135,-0.2402,1.2039,11.9324,-2.7237,-54.8172
1,throwing,0.1111,-0.2415,1.2007,11.4365,-2.7924,-55.1834
1,throwing,0.1191,-0.2485,1.2004,10.9787,-2.7695,-55.5496
1,throwing,0.1189,-0.2458,1.2034,10.2921,-3.0823,-55.9616
1,throwing,0.1218,-0.2537,1.2119,9.4147,-3.2196,-56.2668
1,throwing,0.1240,-0.2581,1.2241,8.3847,-3.1738,-56.6406
1,throwing,0.1309,-0.2571,1.2043,7.6599,-2.9526,-57.1289
1,throwing,0.1187,-0.2756,1.1943,7.7438,-3.1815,-57.7469
1,throwing,0.1099,-0.2937,1.1992,8.1711,-3.6011,-58.4946
1,throwing,0.1001,-0.3118,1.1980,8.6594,-4.1351,-59.2651
1,throwing,0.0996,-0.3174,1.1956,9.2239,-4.6082,-60.0433
1,throwing,0.0967,-0.3242,1.1926,9.9564,-5.1575,-60.6232
1,throwing,0.1045,-0.3215,1.1897,10.3836,-5.6763,-61.1954
1,throwing,0.1145,-0.3264,1.1917,10.6583,-6.1569,-61.7371
1,throwing,0.1252,-0.3289,1.1990,10.5896,-6.2943,-62.0956
1,throwing,0.1299,-0.3250,1.2129,10.3302,-6.5994,-62.5229
1,throwing,0.1338,-0.3242,1.2026,10.1700,-6.9580,-63.0035
1,throwing,0.1362,-0.3306,1.2141,10.1318,-7.4463,-63.4689
1,throwing,0.1470,-0.3308,1.2202,10.0708,-7.7515,-64.2776
1,throwing,0.1472,-0.3362,1.2202,10.0250,-7.9193,-64.9261
1,throwing,0.1550,-0.3396,1.2161,10.0937,-7.9651,-65.4221
1,throwing,0.1602,-0.3521,1.2051,10.2615,-8.0719,-66.1316
1,throwing,0.1543,-0.3511,1.2024,10.3302,-8.1558,-66.9327
1,throwing,0.1567,-0.3560,1.2151,10.6506,-8.1558,-67.6804
1,throwing,0.1570,-0.3586,1.2107,11.1923,-8.1406,-68.5272
1,throwing,0.1572,-0.3645,1.2021,11.6043,-8.0795,-69.3741
1,throwing,0.1582,-0.3689,1.2009,12.1613,-7.8964,-70.1828
1,throwing,0.1592,-0.3667,1.1909,12.5656,-7.6065,-70.7626
1,throwing,0.1589,-0.3699,1.1936,12.9242,-7.4387,-71.5103
1,throwing,0.1658,-0.3667,1.1899,13.5040,-7.1716,-72.1817
1,throwing,0.1694,-0.3643,1.1843,14.0915,-6.8130,-72.7463
1,throwing,0.1711,-0.3589,1.1858,14.6332,-6.5155,-73.2727
1,throwing,0.1694,-0.3518,1.1792,15.2588,-6.1722,-73.7381
1,throwing,0.1685,-0.3462,1.1680,16.0141,-5.8365,-74.0967
1,throwing,0.1653,-0.3447,1.1748,16.7770,-5.5695,-74.7223
1,throwing,0.1636,-0.3401,1.1746,17.6620,-5.3940,-75.4623
1,throwing,0.1702,-0.3259,1.1738,18.5165,-5.1880,-75.8896
1,throwing,0.1663,-0.3296,1.1689,19.3329,-4.8523,-75.9201
1,throwing,0.1711,-0.3284,1.1726,20.2179,-4.6768,-76.2100
1,throwing,0.1682,-0.3210,1.1660,21.0495,-4.5013,-76.7212
1,throwing,0.1711,-0.3145,1.1558,21.8887,-4.2572,-77.2324
1,throwing,0.1702,-0.3118,1.1545,22.9721,-4.0436,-77.4918
1,throwing,0.1677,-0.2959,1.1562,23.9258,-3.8376,-77.5986
1,throwing,0.1663,-0.2893,1.1467,24.6277,-3.2883,-77.8732
1,throwing,0.1624,-0.2852,1.1350,25.3220,-2.6550,-77.8275
1,throwing,0.1580,-0.2708,1.1406,25.9781,-2.3270,-77.8809
1,throwing,0.1570,-0.2654,1.1287,26.6418,-2.0599,-77.9419
1,throwing,0.1526,-0.2559,1.1284,27.3209,-1.6556,-77.8275
1,throwing,0.1538,-0.2546,1.1289,28.0685,-1.3428,-77.7969
1,throwing,0.1462,-0.2515,1.1311,28.8162,-1.0681,-77.7893
1,throwing,0.1450,-0.2471,1.1328,29.4342,-0.5112,-77.7969
1,throwing,0.1333,-0.2466,1.1318,30.0293,-0.2441,-77.6215
1,throwing,0.1404,-0.2383,1.1287,30.7236,-0.3204,-77.4612
1,throwing,0.1438,-0.2456,1.1252,31.4407,-0.1526,-77.3163
1,throwing,0.1411,-0.2410,1.1213,32.0892,0.1526,-77.4307
1,throwing,0.1328,-0.2366,1.1240,32.5851,0.4272,-77.3544
1,throwing,0.1355,-0.2429,1.1196,32.8827,0.6104,-77.4078
1,throwing,0.1443,-0.2456,1.1206,33.5922,1.1368,-77.5909
1,throwing,0.1460,-0.2542,1.1143,34.4391,1.5488,-77.7588
1,throwing,0.1433,-0.2598,1.1172,34.4696,1.5411,-78.0792
1,throwing,0.1348,-0.2488,1.1133,33.8745,0.9460,-78.4454
1,throwing,0.1167,-0.2363,1.1147,33.1116,0.0763,-78.5828
1,throwing,0.1086,-0.2344,1.1106,32.2647,-0.3281,-78.8269
1,throwing,0.1143,-0.2249,1.0918,31.5781,-0.0763,-78.9719
1,throwing,0.1135,-0.2217,1.0771,31.2881,0.5951,-79.0634
1,throwing,0.1099,-0.2283,1.0613,31.2881,1.7624,-79.2465
1,throwing,0.1116,-0.2319,1.0542,31.5018,3.2196,-79.2847
1,throwing,0.1074,-0.2317,1.0645,31.5323,4.4785,-79.3457
1,throwing,0.1116,-0.2422,1.0771,31.5018,5.5771,-79.4525
1,throwing,0.1135,-0.2458,1.0835,31.4484,6.2256,-79.6127
1,throwing,0.1035,-0.2412,1.1089,31.2958,6.3782,-79.7653
1,throwing,0.0999,-0.2397,1.1323,31.0287,6.2408,-79.9484
1,throwing,0.0986,-0.2417,1.1433,30.7312,5.8517,-80.3299
1,throwing,0.1016,-0.2395,1.1450,30.4794,5.5313,-80.6885
1,throwing,0.0996,-0.2417,1.1458,30.0751,5.2872,-81.0394
1,throwing,0.0947,-0.2417,1.1599,29.7546,4.9591,-81.2912
1,throwing,0.0896,-0.2393,1.1587,29.3198,4.7073,-81.7719
1,throwing,0.0842,-0.2380,1.1609,28.8620,4.3869,-82.0923
1,throwing,0.0723,-0.2424,1.1582,28.5416,4.1046,-82.2449
1,throwing,0.0706,-0.2405,1.1621,28.2745,3.8757,-82.4203
1,throwing,0.0669,-0.2393,1.1628,27.7939,3.7613,-82.7255
1,throwing,0.0625,-0.2380,1.1538,27.1683,3.5400,-83.0078
1,throwing,0.0632,-0.2349,1.1570,26.5427,3.6774,-83.1757
1,throwing,0.0593,-0.2363,1.1580,26.1230,3.7155,-83.4961
1,throwing,0.0640,-0.2310,1.1528,25.8865,3.7537,-83.8318
1,throwing,0.0664,-0.2263,1.1621,25.6424,3.7689,-84.0378
1,throwing,0.0610,-0.2251,1.1665,25.1617,3.5324,-84.2667
1,throwing,0.0557,-0.2144,1.1636,24.5895,3.3188,-84.4803
1,throwing,0.0557,-0.2080,1.1704,24.2462,3.1586,-84.5261
1,throwing,0.0496,-0.2092,1.1787,23.8647,2.7847,-84.8465
1,throwing,0.0469,-0.2051,1.1821,23.7656,2.5024,-85.2051
1,throwing,0.0491,-0.2056,1.1802,23.7808,2.2736,-85.3958
1,throwing,0.0503,-0.2012,1.1846,23.4604,1.8616,-85.2890
1,throwing,0.0520,-0.2039,1.1958,23.2162,1.4954,-85.4111
1,throwing,0.0500,-0.2046,1.2026,23.1323,0.9613,-85.7620
1,throwing,0.0457,-0.2002,1.1953,22.9645,0.4730,-86.0977
1,throwing,0.0513,-0.1990,1.1934,22.8577,-0.1907,-86.4792
1,throwing,0.0505,-0.2034,1.1870,22.8882,-0.7477,-86.8607
1,throwing,0.0583,-0.2058,1.1960,22.9187,-1.2436,-87.0895
1,throwing,0.0569,-0.1968,1.1855,23.0713,-1.7014,-87.3795
1,throwing,0.0588,-0.1938,1.1743,23.1552,-2.1820,-87.5549
1,throwing,0.0750,-0.1931,1.1812,23.1934,-2.5101,-87.6999
1,throwing,0.0818,-0.1917,1.1814,23.2010,-2.8915,-87.7686
1,throwing,0.0840,-0.1887,1.1807,23.3917,-3.2425,-87.8296
1,throwing,0.0938,-0.1858,1.1812,23.6816,-3.7766,-88.0051
1,throwing,0.0974,-0.1775,1.1829,23.9944,-4.3640,-88.1348
1,throwing,0.0896,-0.1731,1.1843,24.2462,-4.8676,-88.3713
1,throwing,0.0913,-0.1707,1.1829,24.7192,-5.3253,-88.6078
1,throwing,0.1006,-0.1709,1.1685,24.8718,-5.7144,-89.1037
1,throwing,0.0955,-0.1726,1.1582,25.1007,-6.1951,-89.1953
1,throwing,0.1030,-0.1689,1.1521,25.5203,-6.7368,-89.6149
1,throwing,0.1003,-0.1685,1.1526,25.8255,-7.2021,-89.8514
1,throwing,0.1057,-0.1643,1.1455,26.0773,-7.4692,-89.5538
1,throwing,0.1038,-0.1558,1.1343,26.2680,-7.8125,-89.8514
1,throwing,0.1030,-0.1565,1.1238,26.6113,-8.0185,-90.0116
1,throwing,0.1052,-0.1636,1.1116,27.1683,-8.1482,-90.3168
1,throwing,0.1064,-0.1641,1.1057,27.5650,-8.0643,-90.4541
1,throwing,0.1006,-0.1614,1.1033,27.7328,-8.1329,-90.4388
1,throwing,0.0994,-0.1479,1.0889,28.1143,-8.1482,-90.9576
1,throwing,0.1099,-0.1455,1.0728,28.4424,-8.1100,-90.9271
1,throwing,0.1150,-0.1487,1.0640,28.7857,-8.0109,-91.4001
1,throwing,0.1123,-0.1467,1.0542,28.8925,-7.6752,-91.4383
1,throwing,0.1169,-0.1355,1.0491,28.9764,-7.2403,-91.7969
1,throwing,0.1211,-0.1355,1.0356,28.9764,-7.0953,-92.3004
1,throwing,0.1230,-0.1301,1.0332,29.0375,-7.0114,-92.0868
1,throwing,0.1245,-0.1228,1.0305,29.0146,-6.4850,-92.8497
1,throwing,0.1245,-0.1147,1.0276,28.8086,-6.1493,-92.5217
1,throwing,0.1282,-0.1045,1.0181,28.6255,-5.6610,-92.8802
1,throwing,0.1299,-0.1062,1.0024,28.5110,-5.1651,-93.7576
1,throwing,0.1326,-0.1035,1.0020,28.1906,-4.6387,-93.0786
1,throwing,0.1316,-0.1016,0.9985,27.7634,-4.0512,-93.0634
1,throwing,0.1287,-0.0969,0.9963,27.3895,-3.5477,-94.0857
1,throwing,0.1282,-0.0940,0.9844,27.0844,-2.9373,-93.6813
1,throwing,0.1216,-0.0955,0.9814,26.8860,-2.2125,-93.0939
1,throwing,0.1218,-0.0977,0.9685,26.4893,-1.6632,-94.1086
1,throwing,0.1240,-0.0967,0.9741,26.1459,-1.0071,-94.7647
1,throwing,0.1191,-0.0981,0.9712,25.9323,-0.1907,-93.6356
1,throwing,0.1118,-0.0964,0.9709,25.7416,0.4959,-93.3762
1,throwing,0.1067,-0.0925,0.9758,25.3143,0.9689,-94.2383
1,throwing,0.1196,-0.0872,0.9783,25.0778,1.5945,-94.2154
1,throwing,0.1208,-0.0823,0.9851,24.8260,2.2049,-93.3685
1,throwing,0.1191,-0.0879,0.9819,24.6277,2.6855,-93.7881
1,throwing,0.1182,-0.0945,0.9849,24.5590,3.1509,-94.5969
1,throwing,0.1191,-0.0916,0.9851,24.3988,3.7308,-93.9636
1,throwing,0.1111,-0.0950,0.9800,24.2233,4.4174,-93.1778
1,throwing,0.1135,-0.0942,0.9858,24.1089,4.8752,-94.0094
1,throwing,0.1145,-0.0894,0.9958,24.2462,5.5466,-94.7113
1,throwing,0.1196,-0.0854,0.9929,24.1852,6.4087,-93.5440
1,throwing,0.1125,-0.0850,0.9929,24.2462,7.1487,-93.1702
1,throwing,0.1169,-0.0845,0.9885,24.5056,7.6218,-94.0933
1,throwing,0.1106,-0.0767,0.9907,24.4675,8.0872,-93.9178
1,throwing,0.1082,-0.0801,0.9912,24.2767,8.6594,-93.0099
1,throwing,0.1013,-0.0793,0.9939,24.2157,9.1324,-93.6584
1,throwing,0.0994,-0.0759,1.0059,24.2767,9.5901,-93.9941
1,throwing,0.1001,-0.0796,1.0017,24.3530,10.1395,-92.8192
1,throwing,0.0981,-0.0786,1.0032,24.4293,10.5820,-93.0710
1,throwing,0.0896,-0.0767,1.0005,24.3530,10.9863,-93.4143
1,throwing,0.0869,-0.0762,0.9985,24.2691,11.5509,-92.5827
1,throwing,0.0833,-0.0793,1.0037,24.0860,11.8484,-92.9794
1,throwing,0.0789,-0.0803,1.0054,24.2691,12.1536,-93.1931
1,throwing,0.0752,-0.0879,1.0144,24.5743,12.4893,-92.4530
1,throwing,0.0796,-0.0820,1.0312,24.9100,12.6877,-93.1473
1,throwing,0.0759,-0.0891,1.0415,25.3525,13.1912,-93.2846
1,throwing,0.0693,-0.0732,1.0476,25.7874,13.2065,-92.3309
1,throwing,0.0640,-0.0649,1.0642,25.8865,13.3438,-92.9184
1,throwing,0.0776,-0.0798,1.0474,25.5890,13.2980,-92.8116
1,throwing,0.0762,-0.0713,1.0547,25.0702,13.3820,-92.9184
1,throwing,0.0676,-0.0588,1.0579,24.9023,13.5727,-93.5593
1,throwing,0.0620,-0.0544,1.0674,24.8260,13.8550,-92.6132
1,throwing,0.0525,-0.0559,1.0615,24.5743,14.0381,-92.2699
1,throwing,0.0454,-0.0618,1.0637,24.3301,14.3051,-92.2089
1,throwing,0.0383,-0.0703,1.0754,24.2004,14.3585,-91.5909
1,throwing,0.0344,-0.0789,1.0874,24.1623,14.3890,-92.0715
1,throwing,0.0310,-0.0828,1.0989,24.0479,14.3051,-91.8579
1,throwing,0.0378,-0.0891,1.1006,23.9792,13.9923,-92.6132
1,throwing,0.0378,-0.0974,1.1050,23.8647,13.6261,-93.0786
1,throwing,0.0403,-0.0964,1.1184,23.3994,13.4430,-92.8268
1,throwing,0.0413,-0.0920,1.1223,22.9187,13.2828,-94.1086
1,throwing,0.0522,-0.0940,1.1250,22.5754,13.1226,-95.2377
1,throwing,0.0552,-0.0964,1.1326,22.2931,12.7640,-94.9478
1,throwing,0.0518,-0.1008,1.1309,22.0184,12.5351,-94.2078
1,throwing,0.0437,-0.1028,1.1370,21.7438,12.7106,-95.1843
1,throwing,0.0374,-0.1099,1.1426,21.3547,12.7411,-96.6492
1,throwing,0.0342,-0.1082,1.1572,20.8054,12.5351,-97.7249
1,throwing,0.0264,-0.1060,1.1580,20.6146,12.5427,-98.1140
1,throwing,0.0254,-0.1086,1.1675,20.3552,12.4207,-98.1979
1,throwing,0.0144,-0.0991,1.1741,20.0653,12.1765,-98.2819
1,throwing,0.0115,-0.0933,1.1821,19.6686,11.8790,-98.1979
1,throwing,0.0093,-0.0930,1.1926,19.2490,11.4212,-98.5870
1,throwing,0.0078,-0.0828,1.1868,18.8293,10.9940,-99.2661
1,throwing,0.0059,-0.0864,1.1750,18.6081,10.8109,-101.0284
1,throwing,-0.0022,-0.0876,1.1602,18.6691,10.8109,-101.8372
1,throwing,-0.0046,-0.0789,1.1582,18.5699,10.9634,-101.1353
1,throwing,-0.0078,-0.0723,1.1592,18.5242,11.1237,-101.8219
1,throwing,-0.0093,-0.0596,1.1580,18.7988,11.0703,-102.4094
1,throwing,-0.0090,-0.0488,1.1609,19.0125,10.9100,-102.0050
1,throwing,-0.0068,-0.0383,1.1663,19.1574,10.6659,-102.6611
1,throwing,-0.0029,-0.0244,1.1714,19.2337,10.3683,-102.1347
1,throwing,-0.0049,-0.0195,1.1931,19.4626,9.8419,-102.3026
1,throwing,0.0039,-0.0100,1.1956,19.7983,8.9493,-102.2949
1,throwing,0.0063,0.0007,1.2004,20.1950,8.1024,-101.4252
1,throwing,0.0017,0.0007,1.2122,20.5536,7.2403,-102.0279
1,throwing,-0.0081,-0.0005,1.2083,21.0724,6.3248,-101.6693
1,throwing,-0.0046,0.0002,1.2148,21.6904,5.2338,-100.8072
1,throwing,-0.0144,0.0037,1.2065,22.1558,3.9978,-101.8600
1,throwing,-0.0210,0.0063,1.2026,22.4609,2.9831,-101.8066
1,throwing,-0.0278,0.0127,1.1982,22.9187,2.0981,-101.0742
1,throwing,-0.0251,0.0186,1.1958,23.3765,1.2436,-101.9135
1,throwing,-0.0303,0.0312,1.1929,23.6893,0.5264,-101.4709
1,throwing,-0.0400,0.0413,1.1785,23.9944,-0.4196,-100.6622
1,throwing,-0.0325,0.0427,1.1572,24.1470,-1.1597,-101.6312
1,throwing,-0.0303,0.0515,1.1470,24.2386,-1.6785,-101.3870
1,throwing,-0.0344,0.0581,1.1321,24.3225,-1.7166,-100.1511
1,throwing,-0.0356,0.0635,1.1074,24.3988,-1.6632,-100.5783
1,throwing,-0.0396,0.0723,1.1008,24.4980,-1.6479,-101.2726
1,throwing,-0.0400,0.0859,1.0786,24.7192,-1.1902,-100.3952
1,throwing,-0.0408,0.0930,1.0664,24.9710,-0.9003,-99.4949
1,throwing,-0.0403,0.0981,1.0686,25.3830,-0.6561,-99.8917
1,throwing,-0.0437,0.1023,1.0630,25.7034,-0.3281,-100.6927
1,throwing,-0.0415,0.1064,1.0632,25.6195,-0.2213,-99.9985
1,throwing,-0.0381,0.1079,1.0688,25.6119,-0.1297,-98.3734
1,throwing,-0.0391,0.1045,1.0701,25.8331,-0.0229,-97.5723
1,throwing,-0.0415,0.1096,1.0703,25.9247,-0.0839,-97.2824
1,throwing,-0.0486,0.1260,1.0818,25.7950,-0.2289,-97.2290
1,throwing,-0.0486,0.1460,1.0696,25.1617,-0.1907,-97.2900
1,throwing,-0.0515,0.1670,1.0781,24.3225,-0.1144,-96.9849
1,throwing,-0.0549,0.1765,1.0757,23.7427,0.0916,-96.6110
1,throwing,-0.0525,0.1843,1.0811,23.5291,0.5264,-96.2601
1,throwing,-0.0574,0.1892,1.0767,23.0484,1.0834,-96.2982
1,throwing,-0.0549,0.1902,1.0747,22.2626,1.9073,-96.3593
1,throwing,-0.0608,0.1863,1.0845,21.4157,2.5101,-96.4127
1,throwing,-0.0701,0.1729,1.0774,20.7367,3.0670,-96.4203
1,throwing,-0.0708,0.1692,1.0664,20.4163,3.8452,-96.0083
1,throwing,-0.0696,0.1704,1.0454,20.2789,4.6387,-95.4514
1,throwing,-0.0693,0.1780,1.0361,20.4544,5.3329,-94.0781
1,throwing,-0.0764,0.1794,1.0330,20.6070,5.9814,-93.3151
1,throwing,-0.0776,0.1902,1.0339,20.5917,6.5842,-94.2001
1,throwing,-0.0662,0.1821,1.0212,20.5154,7.1564,-94.5129
1,throwing,-0.0598,0.1951,1.0208,20.7672,7.3929,-92.7429
1,throwing,-0.0413,0.1931,1.0444,21.3394,7.4463,-92.3309
1,throwing,-0.0300,0.2061,1.0737,22.1100,7.2632,-91.5985
1,throwing,-0.0317,0.2166,1.0906,22.1176,6.3019,-91.2781
1,throwing,0.0022,0.2046,1.0515,21.2479,5.5466,-91.5680
1,throwing,-0.0161,0.2275,1.0645,21.1868,4.9667,-90.3320
1,throwing,-0.0300,0.2334,1.0947,21.9116,4.3716,-88.6459
1,throwing,-0.0415,0.2295,1.0886,22.5296,3.6392,-87.1811
1,throwing,-0.0549,0.2422,1.0720,21.8430,2.6169,-86.4334
1,throwing,-0.0444,0.2341,1.0481,20.2408,1.3809,-85.8994
1,throwing,-0.0405,0.2456,1.0266,18.4402,0.3052,-85.6094
1,throwing,-0.0376,0.2449,1.0081,16.9754,-0.2518,-85.5026
1,throwing,-0.0310,0.2410,0.9844,15.8615,-0.6180,-85.4111
1,throwing,-0.0259,0.2322,0.9753,14.7705,-0.6027,-85.1517
1,throwing,-0.0190,0.2161,0.9714,13.9160,-0.2289,-84.9762
1,throwing,-0.0142,0.2124,0.9734,13.4125,0.1144,-84.8389
1,throwing,-0.0112,0.2026,0.9714,12.8784,0.3967,-84.5261
1,throwing,-0.0027,0.1978,0.9822,12.3901,0.7401,-84.2361
1,throwing,-0.0051,0.1780,0.9836,11.6959,1.3046,-84.2514
1,throwing,-0.0137,0.1704,0.9800,10.9558,1.9073,-84.2896
1,throwing,-0.0066,0.1580,0.9734,10.5362,2.4567,-84.1980
1,throwing,-0.0056,0.1423,0.9709,10.1776,2.9526,-84.1293
1,throwing,-0.0076,0.1277,0.9680,9.4452,3.5019,-84.2361
1,throwing,-0.0042,0.1265,0.9714,8.0948,4.2877,-84.3658
1,throwing,0.0046,0.1340,0.9734,6.7673,5.3406,-84.4269
1,throwing,0.0134,0.1384,0.9751,5.5542,6.0806,-84.6634
1,throwing,0.0203,0.1421,0.9688,4.6463,6.3782,-84.6710
1,throwing,0.0264,0.1475,0.9846,3.9597,6.7902,-84.5718
1,throwing,0.0312,0.1399,0.9873,3.1357,7.2250,-84.4116
1,throwing,0.0325,0.1348,0.9917,2.2659,7.6370,-84.3124
1,throwing,0.0344,0.1252,0.9966,1.6098,7.9727,-84.4955
1,throwing,0.0347,0.1174,1.0037,1.1063,8.2855,-84.7015
1,throwing,0.0305,0.1169,1.0005,0.5264,8.6823,-84.7473
1,throwing,0.0237,0.1121,1.0083,0.1221,8.7357,-84.6710
1,throwing,0.0242,0.1130,1.0190,-0.2289,8.8272,-84.7473
1,throwing,0.0317,0.1104,1.0356,-0.7248,8.9111,-84.8465
1,throwing,0.0259,0.1011,1.0466,-1.0300,8.8806,-85.0067
1,throwing,0.0247,0.0930,1.0645,-1.1902,8.7051,-85.0754
1,throwing,0.0293,0.0879,1.0574,-1.2360,8.4991,-85.1593
1,throwing,0.0317,0.0842,1.0635,-1.2207,8.3618,-85.4111
1,throwing,0.0378,0.0811,1.0796,-1.2970,8.2779,-85.5637
1,throwing,0.0364,0.0793,1.0796,-1.3885,7.9803,-85.6247
1,throwing,0.0371,0.0706,1.0852,-1.3962,7.7362,-85.7849
1,throwing,0.0459,0.0659,1.0935,-1.4343,7.5455,-86.0291
1,throwing,0.0398,0.0591,1.0964,-1.3123,7.2937,-86.1130
1,throwing,0.0356,0.0591,1.0884,-1.1673,7.0648,-86.2350
1,throwing,0.0337,0.0520,1.0876,-1.1368,6.9046,-86.2579
1,throwing,0.0386,0.0452,1.0940,-1.1902,6.8588,-86.2579
1,throwing,0.0400,0.0388,1.0955,-0.9918,6.6452,-86.4639
1,throwing,0.0371,0.0349,1.0918,-0.7324,6.3248,-86.8073
1,throwing,0.0393,0.0317,1.1060,-0.5722,6.1264,-87.1124
1,throwing,0.0339,0.0249,1.1121,-0.3967,5.7678,-87.3108
1,throwing,0.0300,0.0232,1.0991,-0.2518,5.1041,-87.4100
1,throwing,0.0337,0.0254,1.1040,-0.0153,4.5166,-87.4634
1,throwing,0.0349,0.0251,1.1006,0.1068,4.2038,-87.6846
1,throwing,0.0320,0.0271,1.1038,0.1450,3.7918,-88.0356
1,throwing,0.0342,0.0244,1.0959,0.2594,3.2349,-88.1042
1,throwing,0.0381,0.0310,1.0913,0.6180,2.5635,-87.9059
1,throwing,0.0327,0.0383,1.0864,1.0223,1.9836,-87.6923
1,throwing,0.0256,0.0430,1.0845,1.4954,1.3809,-87.6389
1,throwing,0.0239,0.0422,1.0962,2.0142,0.7019,-87.6083
1,throwing,0.0339,0.0415,1.0911,2.3880,-0.0381,-87.3871
1,throwing,0.0271,0.0461,1.0840,2.8229,-0.7935,-87.2726
1,throwing,0.0308,0.0540,1.0901,3.2501,-1.4038,-87.2498
1,throwing,0.0378,0.0564,1.0906,3.5706,-1.9073,-87.1277
1,throwing,0.0374,0.0574,1.0867,3.7842,-2.5253,-86.8912
1,throwing,0.0391,0.0586,1.0864,4.2572,-3.0823,-86.7615
1,throwing,0.0334,0.0615,1.0796,4.9210,-3.5324,-86.7310
1,throwing,0.0366,0.0759,1.0725,5.5008,-4.0894,-86.8073
1,throwing,0.0435,0.0803,1.0679,6.1035,-4.5013,-87.1124
1,throwing,0.0518,0.0854,1.0654,6.7139,-4.7150,-87.7075
1,throwing,0.0562,0.0906,1.0654,7.2937,-4.6310,-88.2568
1,throwing,0.0569,0.0872,1.0664,7.8888,-4.6921,-88.6230
1,throwing,0.0569,0.0898,1.0637,8.5907,-4.9820,-88.8596
1,throwing,0.0613,0.0940,1.0562,9.1400,-4.9744,-89.0121
1,throwing,0.0566,0.0903,1.0522,9.5825,-4.7913,-89.0732
1,throwing,0.0557,0.0872,1.0452,9.7885,-4.7302,-89.3250
1,throwing,0.0452,0.0818,1.0398,9.8648,-4.3869,-89.0427
1,throwing,0.0312,0.0769,1.0366,10.2310,-4.0970,-88.6459
1,throwing,0.0244,0.0862,1.0325,10.5515,-3.7460,-88.5239
1,throwing,0.0181,0.0833,1.0295,10.9406,-3.2349,-88.5773
1,throwing,0.0151,0.0894,1.0396,11.1694,-3.0975,-88.2950
1,throwing,0.0125,0.0854,1.0391,11.2686,-3.0746,-88.0508
1,throwing,0.0154,0.0886,1.0334,11.2686,-3.0136,-88.1500
1,throwing,0.0217,0.0950,1.0396,11.2076,-2.8076,-88.2263
1,throwing,0.0286,0.1064,1.0396,11.2000,-2.6245,-88.1729
1,throwing,0.0344,0.1165,1.0461,11.2686,-2.4338,-88.3026
1,throwing,0.0396,0.1167,1.0547,11.5051,-2.1286,-88.3179
1,throwing,0.0396,0.1252,1.0657,11.6959,-1.8082,-88.0814
1,throwing,0.0405,0.1255,1.0559,12.0163,-1.7242,-87.7457
1,throwing,0.0442,0.1270,1.0447,12.2375,-1.6022,-87.6770
1,throwing,0.0447,0.1355,1.0525,12.3749,-1.5411,-87.8525
1,throwing,0.0461,0.1392,1.0615,12.4359,-1.5106,-87.4634
1,throwing,0.0447,0.1445,1.0613,12.3978,-1.4877,-87.1277
1,throwing,0.0417,0.1455,1.0630,12.3291,-1.4496,-87.2421
1,throwing,0.0415,0.1443,1.0603,12.2681,-1.4038,-87.4863
1,throwing,0.0442,0.1494,1.0486,12.0468,-1.6098,-87.4939
1,throwing,0.0400,0.1482,1.0425,12.1307,-1.6632,-87.4557
1,throwing,0.0383,0.1492,1.0476,12.1460,-1.5106,-87.3489
1,throwing,0.0381,0.1501,1.0476,12.2910,-1.2894,-87.1964
1,throwing,0.0398,0.1509,1.0469,12.5275,-1.1902,-87.1735
1,throwing,0.0305,0.1465,1.0425,12.7487,-0.9689,-87.0743
1,throwing,0.0317,0.1482,1.0496,12.8632,-0.8392,-86.8225
1,throwing,0.0342,0.1570,1.0554,12.7182,-1.1368,-86.5326
1,throwing,0.0374,0.1533,1.0725,12.4817,-1.3123,-86.5021
1,throwing,0.0327,0.1504,1.0662,12.0239,-1.4954,-86.6013
1,throwing,0.0322,0.1565,1.0671,11.4212,-1.5411,-86.7310
1,throwing,0.0303,0.1538,1.0684,10.9558,-1.4801,-86.8149
1,throwing,0.0298,0.1536,1.0696,10.5591,-1.3351,-87.1964
1,throwing,0.0300,0.1519,1.0615,9.9411,-1.2436,-87.3108
1,throwing,0.0334,0.1526,1.0593,9.2850,-0.9079,-87.5168
1,throwing,0.0315,0.1611,1.0532,8.6517,-0.2899,-87.8830
1,throwing,0.0342,0.1597,1.0537,8.1024,0.1755,-88.2950
1,throwing,0.0369,0.1611,1.0562,7.6447,0.5951,-88.3942
1,throwing,0.0347,0.1602,1.0483,7.3929,0.9766,-88.3713
1,throwing,0.0378,0.1621,1.0491,7.1182,1.2283,-88.4171
1,throwing,0.0466,0.1648,1.0630,6.8359,1.7929,-88.5391
1,throwing,0.0491,0.1626,1.0645,6.5613,2.1057,-88.4705
1,throwing,0.0396,0.1616,1.0667,6.3477,2.2278,-88.6307
1,throwing,0.0366,0.1599,1.0774,6.1111,2.3117,-88.9359
1,throwing,0.0347,0.1648,1.0708,5.9891,2.3727,-88.9893
1,throwing,0.0334,0.1577,1.0649,5.7831,2.3880,-89.0808
1,throwing,0.0278,0.1577,1.0681,5.6839,2.2659,-89.3402
1,throwing,0.0317,0.1545,1.0723,5.6000,2.1896,-89.2334
1,throwing,0.0354,0.1516,1.0833,5.4474,2.2964,-89.5004
1,throwing,0.0293,0.1528,1.0818,5.2948,2.3346,-89.8895
1,throwing,0.0273,0.1494,1.0701,5.1956,2.2888,-90.0040
1,throwing,0.0200,0.1516,1.0845,5.2795,2.1896,-90.4083
1,throwing,0.0190,0.1504,1.0889,5.2872,2.2278,-90.1337
1,throwing,0.0229,0.1504,1.0974,5.1804,2.3346,-90.5228
1,throwing,0.0190,0.1526,1.1038,5.1956,2.3499,-90.4465
1,throwing,0.0144,0.1528,1.0967,4.9286,2.2888,-90.8127
1,throwing,0.0134,0.1489,1.1021,4.5471,2.1820,-90.9348
1,throwing,0.0107,0.1475,1.1025,4.2877,2.2202,-91.3773
1,throwing,0.0059,0.1565,1.0989,3.9597,2.1057,-91.2018
1,throwing,0.0027,0.1580,1.0991,3.7537,1.9073,-91.6367
1,throwing,0.0015,0.1509,1.0967,3.5553,1.8539,-91.5070
1,throwing,-0.0005,0.1589,1.0964,3.4103,2.0142,-92.0486
1,throwing,0.0005,0.1594,1.0938,3.3569,2.1744,-91.5833
1,throwing,-0.0078,0.1594,1.0942,3.4332,2.2583,-92.0639
1,throwing,-0.0034,0.1582,1.0991,3.3951,2.1057,-91.6977
1,throwing,0.0059,0.1506,1.0964,3.4332,1.9684,-91.8579
1,throwing,0.0007,0.1541,1.1033,3.4485,1.7700,-92.0715
1,throwing,0.0002,0.1587,1.1084,3.3951,1.6022,-91.7282
1,throwing,-0.0005,0.1592,1.1064,3.5629,1.2665,-92.2241
1,throwing,-0.0083,0.1565,1.1121,3.7308,0.8163,-91.6748
1,throwing,-0.0046,0.1575,1.1204,3.5400,0.3052,-92.1783
1,throwing,-0.0054,0.1597,1.1145,3.4332,-0.3586,-91.7816
1,throwing,-0.0017,0.1633,1.1128,3.4027,-1.0605,-91.9571
1,throwing,-0.0005,0.1672,1.1143,3.5324,-1.6174,-91.9876
1,throwing,0.0005,0.1665,1.1094,3.4790,-2.0599,-91.7358
1,throwing,-0.0027,0.1638,1.1042,3.4637,-2.1210,-92.2318
1,throwing,-0.0103,0.1599,1.1130,3.5477,-2.0599,-91.4307
1,throwing,-0.0115,0.1560,1.1079,3.8834,-2.0905,-91.5909
1,throwing,-0.0105,0.1501,1.1104,4.4479,-2.4872,-90.9348
1,throwing,-0.0112,0.1426,1.0999,5.0354,-2.9221,-91.2094
1,throwing,-0.0173,0.1436,1.0962,5.1651,-3.2578,-90.8890
1,throwing,-0.0208,0.1553,1.1033,4.6310,-3.3188,-91.4536
1,throwing,-0.0198,0.1702,1.1064,4.0283,-3.4485,-91.0187
1,throwing,-0.0190,0.1934,1.1042,3.4866,-3.6392,-91.6519
1,throwing,-0.0203,0.2061,1.1116,3.2425,-3.7766,-91.3086
1,throwing,-0.0205,0.2131,1.1189,3.0365,-3.6469,-91.6901
1,throwing,-0.0164,0.2129,1.1194,2.7618,-3.6240,-91.3162
1,throwing,-0.0188,0.2070,1.1187,2.6169,-3.9368,-91.3849
1,throwing,-0.0154,0.2051,1.1196,2.5635,-4.2267,-91.0034
1,throwing,-0.0154,0.2053,1.1189,2.4414,-4.4556,-91.1713
1,throwing,-0.0103,0.2065,1.1194,2.1133,-4.7150,-90.8127
1,throwing,-0.0066,0.2051,1.1196,1.7624,-4.8676,-90.6372
1,throwing,-0.0176,0.2192,1.1174,1.3504,-5.0354,-89.9887
1,throwing,-0.0212,0.2175,1.1130,1.1673,-5.4321,-90.1718
1,throwing,-0.0251,0.2104,1.1116,1.0529,-5.9128,-89.6301
1,throwing,-0.0242,0.2036,1.1182,0.9155,-6.1340,-89.1037
1,throwing,-0.0234,0.2019,1.1245,0.8163,-6.3705,-88.9435
1,throwing,-0.0220,0.1948,1.1218,0.9995,-6.6071,-88.8367
1,throwing,-0.0203,0.2017,1.1304,1.1368,-6.9962,-88.6383
1,throwing,-0.0188,0.1982,1.1328,1.1673,-7.4310,-88.4705
1,throwing,-0.0103,0.1929,1.1318,1.2131,-7.7362,-88.2263
1,throwing,0.0017,0.1887,1.1345,1.4572,-8.1711,-87.7762
1,throwing,0.0029,0.1890,1.1416,2.1439,-8.5449,-87.4176
1,throwing,0.0066,0.1765,1.1389,2.4872,-8.9645,-87.2498
1,throwing,0.0046,0.1553,1.1313,2.7771,-9.4223,-86.9446
1,throwing,0.0129,0.1702,1.1428,3.8300,-9.2850,-87.0056
1,throwing,0.0103,0.1653,1.1636,4.8218,-10.3989,-86.9980
1,throwing,0.0349,0.1694,1.1360,5.6000,-10.2310,-86.8149
1,throwing,-0.0178,0.1992,1.1948,5.2719,-11.3907,-86.8683
1,throwing,0.0835,0.1675,1.0684,4.0436,-11.7493,-87.8067
1,throwing,0.0405,0.2004,1.0964,3.3417,-11.5433,-87.8601
1,throwing,0.0610,0.1860,1.0718,4.3259,-11.0550,-86.8835
1,throwing,0.0256,0.1765,1.0989,5.8365,-10.1852,-85.5713
1,throwing,0.0166,0.1882,1.0898,6.4011,-10.2463,-84.4345
1,throwing,0.0195,0.1882,1.0669,5.7144,-10.4980,-84.0530
1,throwing,0.0166,0.1833,1.0486,4.5776,-11.0550,-84.0073
1,throwing,0.0286,0.1731,1.0261,3.5782,-11.6806,-84.5261
1,throwing,0.0356,0.1621,1.0212,2.8610,-11.9324,-85.2432
1,throwing,0.0525,0.1604,1.0100,2.3422,-11.7493,-86.0291
1,throwing,0.0720,0.1472,0.9917,2.0676,-11.1008,-86.7538
1,throwing,0.0869,0.1423,0.9861,1.9836,-10.4446,-87.2498
1,throwing,0.1021,0.1489,0.9678,2.0294,-9.5291,-87.6389
1,throwing,0.0967,0.1492,0.9709,2.0752,-8.3160,-88.0432
1,throwing,0.0991,0.1455,0.9741,2.5711,-6.9351,-88.0890
1,throwing,0.0979,0.1438,0.9734,3.0441,-5.5695,-88.0661
1,throwing,0.0955,0.1479,0.9983,3.5172,-4.3030,-88.2721
1,throwing,0.0833,0.1487,1.0115,3.9062,-3.1815,-88.6307
1,throwing,0.0789,0.1482,1.0193,4.4022,-2.2430,-88.7299
1,throwing,0.0684,0.1462,1.0264,5.0735,-1.6251,-88.9053
1,throwing,0.0583,0.1511,1.0339,5.6763,-1.0910,-88.8138
1,throwing,0.0591,0.1531,1.0437,6.3248,-0.6332,-88.5925
1,throwing,0.0630,0.1565,1.0388,6.8893,-0.2365,-88.5925
1,throwing,0.0667,0.1643,1.0396,7.4387,0.1297,-88.9130
1,throwing,0.0654,0.1677,1.0364,7.9651,0.5646,-88.6917
1,throwing,0.0691,0.1675,1.0352,8.4229,0.8392,-88.4018
1,throwing,0.0667,0.1670,1.0190,9.0942,1.2512,-88.2187
1,throwing,0.0669,0.1624,1.0171,9.5596,1.9608,-88.1500
1,throwing,0.0635,0.1587,1.0193,10.0098,2.5406,-87.9364
1,throwing,0.0625,0.1589,1.0115,10.4141,3.0441,-87.9669
1,throwing,0.0566,0.1628,1.0154,10.5743,3.4866,-88.2339
1,throwing,0.0515,0.1614,1.0034,10.6888,4.1504,-88.3865
1,throwing,0.0505,0.1604,1.0051,10.6735,4.9820,-88.4476
1,throwing,0.0474,0.1619,1.0100,10.6354,5.5695,-88.7070
1,throwing,0.0508,0.1660,1.0146,10.4141,6.3095,-88.8901
1,throwing,0.0488,0.1655,1.0208,9.9182,7.2098,-89.0427
1,throwing,0.0408,0.1638,1.0254,9.3689,8.1329,-89.4623
1,throwing,0.0298,0.1724,1.0254,8.9188,8.8654,-89.6072
1,throwing,0.0300,0.1687,1.0303,8.4991,9.4223,-89.9048
1,throwing,0.0283,0.1748,1.0413,7.9575,10.0403,-90.2557
1,throwing,0.0215,0.1697,1.0466,7.5302,10.5591,-90.1794
1,throwing,0.0198,0.1699,1.0430,7.2174,10.9863,-90.7898
1,throwing,0.0090,0.1802,1.0645,6.8512,11.4517,-90.4922
1,throwing,0.0073,0.1719,1.0688,6.6071,11.8103,-90.9348
1,throwing,-0.0044,0.1787,1.0725,6.3858,12.1536,-90.7593
1,throwing,-0.0073,0.1753,1.0730,6.1569,12.2604,-91.2781
1,throwing,-0.0181,0.1792,1.0842,5.9509,12.3444,-90.9576
1,throwing,-0.0193,0.1736,1.0952,5.8975,12.2986,-91.3391
1,throwing,-0.0244,0.1758,1.1091,5.8441,12.1384,-90.8585
1,throwing,-0.0322,0.1802,1.1165,5.8136,12.0926,-91.0873
1,throwing,-0.0347,0.1777,1.1252,5.7983,11.6272,-90.8890
1,throwing,-0.0305,0.1804,1.1235,5.7678,11.2076,-91.4230
1,throwing,-0.0317,0.1838,1.1396,5.7068,10.8185,-91.0645
1,throwing,-0.0286,0.1792,1.1416,5.9280,10.5515,-91.4459
1,throwing,-0.0291,0.1797,1.1360,6.1035,10.1852,-91.0034
1,throwing,-0.0410,0.1821,1.1516,6.1188,9.6207,-91.3239
1,throwing,-0.0437,0.1772,1.1526,6.1493,9.0866,-90.9576
1,throwing,-0.0461,0.1812,1.1492,6.0425,8.7051,-91.4993
1,throwing,-0.0481,0.1785,1.1487,6.0577,8.0109,-91.2247
1,throwing,-0.0413,0.1785,1.1455,6.2256,7.6141,-91.9418
1,throwing,-0.0444,0.1848,1.1421,6.2637,7.3547,-91.5909
1,throwing,-0.0439,0.1794,1.1411,6.2561,7.0724,-92.1173
1,throwing,-0.0488,0.1797,1.1477,6.3400,6.7978,-92.4454
1,throwing,-0.0498,0.1814,1.1433,6.4316,6.3553,-92.0792
1,throwing,-0.0571,0.1841,1.1426,6.5308,5.7831,-92.5674
1,throwing,-0.0608,0.1865,1.1306,6.5002,5.4626,-92.1478
1,throwing,-0.0657,0.1926,1.1384,6.4163,4.9286,-92.6590
1,throwing,-0.0574,0.1873,1.1230,6.5231,4.6463,-93.0786
1,throwing,-0.0676,0.1992,1.1375,6.5308,3.8757,-92.2241
1,throwing,-0.0552,0.1936,1.1277,6.2790,3.4790,-92.7505
1,throwing,-0.0625,0.2024,1.1221,6.3477,2.8992,-92.3233
1,throwing,-0.0632,0.2014,1.1201,6.5994,2.3880,-92.2165
1,throwing,-0.0657,0.2048,1.1252,6.7520,1.9684,-92.5522
1,throwing,-0.0625,0.2073,1.1309,6.7520,1.4191,-92.0258
1,throwing,-0.0654,0.2122,1.1162,6.5536,0.9155,-92.8192
1,throwing,-0.0647,0.2068,1.1096,6.1874,0.5341,-92.6743
1,throwing,-0.0544,0.2075,1.1038,6.0654,0.1144,-92.2928
1,throwing,-0.0520,0.2085,1.0903,6.1493,0.0229,-92.6743
1,throwing,-0.0544,0.2141,1.0930,6.3629,0.0076,-92.0410
1,throwing,-0.0571,0.2092,1.0891,6.4774,0.0076,-92.2012
1,throwing,-0.0527,0.2151,1.0913,6.4240,0.1984,-91.9724
1,throwing,-0.0486,0.2136,1.0828,6.1646,0.3128,-91.7435
1,throwing,-0.0547,0.2214,1.0757,6.1646,0.1755,-91.8579
1,throwing,-0.0527,0.2207,1.0747,6.2180,0.2518,-91.4612
1,throwing,-0.0518,0.2190,1.0710,6.2866,0.5798,-92.0563
1,throwing,-0.0491,0.2200,1.0740,6.2256,0.7248,-91.6138
1,throwing,-0.0415,0.2202,1.0791,6.2637,0.8698,-91.9724
1,throwing,-0.0447,0.2173,1.0696,6.5155,1.1749,-91.3391
1,throwing,-0.0420,0.2205,1.0730,6.9199,1.4648,-91.5146
1,throwing,-0.0408,0.2197,1.0657,7.1487,1.6861,-91.1713
1,throwing,-0.0366,0.2224,1.0605,6.9427,1.8158,-91.3773
1,throwing,-0.0427,0.2253,1.0593,6.8359,2.0599,-91.0645
1,throwing,-0.0320,0.2258,1.0559,7.0343,2.3422,-91.0873
1,throwing,-0.0300,0.2319,1.0464,7.1487,2.7237,-90.7745
1,throwing,-0.0398,0.2354,1.0483,7.2098,3.0823,-91.0339
1,throwing,-0.0413,0.2322,1.0439,7.3013,3.4103,-90.6754
1,throwing,-0.0422,0.2314,1.0425,7.3929,3.6621,-90.7516
1,throwing,-0.0417,0.2324,1.0408,7.3013,3.9215,-90.4007
1,throwing,-0.0398,0.2444,1.0488,7.1945,4.1885,-90.5685
1,throwing,-0.0422,0.2458,1.0437,7.0724,4.2953,-90.2252
1,throwing,-0.0408,0.2439,1.0295,6.9351,4.4556,-90.2252
1,throwing,-0.0361,0.2510,1.0271,6.7520,4.8676,-90.0803
1,throwing,-0.0332,0.2634,1.0286,6.6452,5.4550,-90.0040
1,throwing,-0.0249,0.2712,1.0227,6.4926,6.0272,-89.8209
1,throwing,-0.0374,0.2812,1.0229,6.2408,6.6223,-89.0045
1,throwing,-0.0349,0.2815,1.0244,6.0577,6.8817,-88.3789
1,throwing,-0.0305,0.2925,1.0254,5.9662,7.4844,-88.0814
1,throwing,-0.0378,0.2976,1.0388,5.9280,7.9803,-87.7228
1,throwing,-0.0264,0.2952,1.0334,5.7983,8.4534,-87.1811
1,throwing,-0.0405,0.3059,1.0413,5.8289,8.7128,-86.5631
1,throwing,-0.0391,0.3035,1.0408,6.0730,9.0866,-86.2427
1,throwing,-0.0361,0.3025,1.0479,6.2408,9.2392,-85.9070
1,throwing,-0.0349,0.3042,1.0525,6.4621,9.6207,-85.3958
1,throwing,-0.0342,0.3049,1.0601,6.7368,10.0098,-84.7092
1,throwing,-0.0339,0.3140,1.0632,7.0724,10.1852,-83.9310
1,throwing,-0.0432,0.3174,1.0623,7.2098,10.3912,-83.3359
1,throwing,-0.0408,0.3147,1.0691,7.4387,10.4752,-82.9773
1,throwing,-0.0449,0.3110,1.0708,7.6218,10.6277,-82.5272
1,throwing,-0.0520,0.3074,1.0667,8.1863,10.9863,-81.6193
1,throwing,-0.0586,0.3064,1.0732,8.6823,11.2762,-80.8792
1,throwing,-0.0540,0.3179,1.0669,9.0714,11.5433,-80.2460
1,throwing,-0.0574,0.3188,1.0728,9.3384,11.9095,-79.8416
1,throwing,-0.0505,0.3091,1.0601,9.5825,11.9247,-79.4373
1,throwing,-0.0522,0.3162,1.0676,9.9869,12.0392,-78.7582
1,throwing,-0.0525,0.3132,1.0645,10.4599,12.3520,-78.1174
1,throwing,-0.0591,0.3169,1.0718,10.6430,12.3901,-77.5604
1,throwing,-0.0544,0.3127,1.0696,10.6583,12.6877,-77.2247
1,throwing,-0.0654,0.3140,1.0798,10.7193,12.7487,-76.6678
1,throwing,-0.0559,0.3035,1.0835,10.8414,12.7258,-76.1108
1,throwing,-0.0667,0.3049,1.0947,11.1008,12.5732,-75.6836
1,throwing,-0.0620,0.2944,1.0930,11.4822,12.4435,-75.4013
1,throwing,-0.0652,0.2915,1.0972,11.5509,12.0926,-74.9435
1,throwing,-0.0610,0.2822,1.0950,11.6501,11.8637,-74.3179
1,throwing,-0.0623,0.2759,1.1050,11.6348,11.4822,-73.8678
1,throwing,-0.0571,0.2612,1.1074,11.8103,11.0550,-73.7839
1,throwing,-0.0574,0.2563,1.1011,11.8561,10.4599,-73.8220
1,throwing,-0.0571,0.2571,1.1111,11.8790,9.9869,-73.8525
1,throwing,-0.0540,0.2456,1.1143,11.9247,9.8801,-73.7762
1,throwing,-0.0564,0.2419,1.1174,11.9934,9.4376,-73.6771
1,throwing,-0.0554,0.2361,1.1006,12.0926,9.0866,-73.6771
1,throwing,-0.0530,0.2290,1.0999,12.0010,9.0408,-73.7610
1,throwing,-0.0474,0.2222,1.1011,11.9553,8.6594,-73.8525
1,throwing,-0.0439,0.2173,1.1045,11.8637,8.6060,-74.1882
1,throwing,-0.0537,0.2090,1.1086,11.7188,8.4534,-74.4476
1,throwing,-0.0527,0.2073,1.1064,11.5204,7.9956,-74.6841
1,throwing,-0.0476,0.1973,1.0938,11.4136,8.0185,-74.8672
1,throwing,-0.0500,0.1936,1.0986,11.0626,8.1177,-75.0885
1,throwing,-0.0503,0.1868,1.1077,10.6583,8.0414,-75.4547
1,throwing,-0.0513,0.1882,1.1074,10.1776,7.9727,-75.8591
1,throwing,-0.0474,0.1829,1.1003,9.9258,7.7438,-76.1948
1,throwing,-0.0569,0.1853,1.1089,9.8419,7.4997,-76.4160
1,throwing,-0.0557,0.1763,1.0955,9.4757,7.1945,-76.7059
1,throwing,-0.0540,0.1843,1.1025,8.9493,7.0190,-77.2629
1,throwing,-0.0447,0.1782,1.1035,8.4152,6.7902,-77.6749
1,throwing,-0.0479,0.1821,1.1172,8.1558,6.4240,-78.0334
1,throwing,-0.0437,0.1772,1.1147,7.8583,5.8517,-78.3691
1,throwing,-0.0405,0.1768,1.1055,7.5073,5.3635,-78.8116
1,throwing,-0.0522,0.1746,1.1177,6.9885,5.1575,-79.1626
1,throwing,-0.0449,0.1765,1.1125,6.6833,4.7684,-79.4296
1,throwing,-0.0457,0.1772,1.1125,6.3705,4.5013,-79.6432
1,throwing,-0.0461,0.1802,1.1050,6.0120,4.1885,-79.9255
1,throwing,-0.0488,0.1860,1.1028,5.6305,3.7308,-80.3604
1,throwing,-0.0464,0.1843,1.1084,5.4550,3.1738,-80.6656
1,throwing,-0.0432,0.1853,1.1045,5.1651,2.7161,-80.9097
1,throwing,-0.0491,0.1929,1.1162,4.8141,2.3422,-81.1234
1,throwing,-0.0447,0.1875,1.1060,4.4632,1.9226,-81.4133
1,throwing,-0.0479,0.1863,1.1086,4.1122,1.4801,-81.8176
1,throwing,-0.0420,0.1985,1.1052,3.8071,1.1139,-82.0923
1,throwing,-0.0452,0.2063,1.0984,3.6087,0.4730,-82.2220
1,throwing,-0.0339,0.2161,1.0879,3.0746,0.0381,-82.3517
1,throwing,-0.0330,0.2188,1.0906,2.6627,-0.2365,-82.3517
1,throwing,-0.0344,0.2234,1.0852,2.2812,-0.7401,-82.4661
1,throwing,-0.0378,0.2256,1.0750,1.7853,-0.9460,-82.5348
1,throwing,-0.0378,0.2385,1.0752,1.1597,-1.4648,-82.5348
1,throwing,-0.0225,0.2324,1.0518,0.9537,-1.6403,-82.2754
1,throwing,-0.0337,0.2375,1.0637,0.8698,-1.8845,-82.0770
1,throwing,-0.0227,0.2297,1.0403,0.4578,-2.1820,-81.7947
1,throwing,-0.0300,0.2280,1.0488,0.0381,-2.2278,-81.6727
1,throwing,-0.0200,0.2351,1.0449,-0.2975,-2.4872,-81.4285
1,throwing,-0.0198,0.2297,1.0288,-0.4425,-2.5787,-81.3065
1,throwing,-0.0210,0.2290,1.0315,-0.6104,-2.6779,-81.2607
1,throwing,-0.0085,0.2175,1.0190,-0.8087,-2.8152,-81.1539
1,throwing,-0.0010,0.2170,1.0195,-0.9003,-2.5330,-80.9402
1,throwing,0.0056,0.2185,1.0200,-0.8545,-2.3422,-80.5511
1,throwing,0.0044,0.2070,1.0178,-0.9918,-2.2583,-80.6046
1,throwing,0.0071,0.2083,1.0044,-1.1063,-1.9379,-80.5359
1,throwing,0.0095,0.2046,0.9976,-0.9460,-1.5640,-80.4062
1,throwing,0.0183,0.2039,0.9919,-0.9842,-1.3580,-80.3070
1,throwing,0.0212,0.1995,0.9849,-0.8621,-0.8698,-80.2231
1,throwing,0.0210,0.2058,0.9836,-0.6027,-0.4730,-80.1239
1,throwing,0.0254,0.1987,0.9771,-0.4654,-0.0305,-80.4062
1,throwing,0.0371,0.1980,0.9541,-0.3510,0.4883,-80.4672
1,throwing,0.0347,0.1982,0.9634,0.0153,1.1368,-80.4062
1,throwing,0.0317,0.1931,0.9446,0.5188,1.8005,-80.2383
1,throwing,0.0190,0.2031,0.9514,0.6943,2.5864,-80.1697
1,throwing,0.0288,0.2034,0.9355,0.8850,3.2806,-80.0552
1,throwing,0.0315,0.2034,0.9390,1.1063,4.1733,-80.1392
1,throwing,0.0432,0.2039,0.9207,1.3962,5.0430,-80.0858
1,throwing,0.0315,0.2078,0.9246,1.6174,6.0730,-79.8645
1,throwing,0.0388,0.2080,0.9197,1.6403,6.8283,-79.7119
1,throwing,0.0320,0.2136,0.9077,1.5259,7.7438,-79.5670
1,throwing,0.0183,0.2214,0.9153,1.3962,8.9645,-79.4754
1,throwing,0.0254,0.2085,0.9070,1.2894,10.2310,-79.3076
1,throwing,0.0222,0.2158,0.8987,1.2054,11.4594,-78.9032
1,throwing,0.0181,0.2190,0.8977,1.0452,12.5427,-78.6896
1,throwing,0.0171,0.2197,0.9023,0.8850,13.8092,-78.6743
1,throwing,0.0110,0.2227,0.9197,0.7019,14.8544,-78.6972
1,throwing,0.0161,0.2246,0.9192,0.6714,15.9149,-78.4988
1,throwing,0.0090,0.2246,0.9202,0.5112,16.9830,-78.5446
1,throwing,0.0144,0.2227,0.9263,0.4425,17.7994,-78.6133
1,throwing,0.0125,0.2244,0.9238,0.5798,18.9972,-78.7659
1,throwing,0.0103,0.2290,0.9343,0.8163,20.3552,-78.5065
1,throwing,0.0090,0.2373,0.9426,1.1520,21.5530,-78.1097
1,throwing,-0.0015,0.2371,0.9614,1.3962,22.4991,-77.5070
1,throwing,-0.0095,0.2444,0.9832,1.5793,23.2239,-76.9272
1,throwing,-0.0227,0.2529,0.9963,1.7776,23.8266,-76.5457
1,throwing,-0.0315,0.2576,1.0098,2.0218,24.3301,-76.0040
1,throwing,-0.0410,0.2620,1.0212,2.2430,24.4675,-75.3403
1,throwing,-0.0508,0.2607,1.0156,2.2812,24.4980,-74.6765
1,throwing,-0.0544,0.2725,1.0312,2.3193,24.6658,-74.0662
1,throwing,-0.0544,0.2756,1.0398,2.6932,25.0473,-73.6847
1,throwing,-0.0627,0.2754,1.0396,3.1967,25.2914,-73.2346
1,throwing,-0.0659,0.2786,1.0437,3.3417,25.4669,-72.4564
1,throwing,-0.0686,0.2883,1.0461,3.3875,25.2457,-71.7087
1,throwing,-0.0642,0.2776,1.0483,3.7079,25.4745,-71.2280
1,throwing,-0.0771,0.2896,1.0676,4.2419,25.3677,-70.4880
1,throwing,-0.0771,0.2859,1.0735,4.3716,25.3601,-70.0836
1,throwing,-0.0730,0.2837,1.0779,4.1580,25.2914,-69.8929
1,throwing,-0.0764,0.2854,1.0813,4.0436,25.2914,-69.4275
1,throwing,-0.0803,0.2820,1.0920,4.0817,25.2228,-68.9316
1,throwing,-0.0767,0.2788,1.0825,4.5090,25.1465,-68.2983
1,throwing,-0.0981,0.2783,1.1174,5.1117,25.2686,-67.4515
1,throwing,-0.0928,0.2664,1.1211,5.6763,24.9557,-67.0395
1,throwing,-0.1077,0.2607,1.1206,5.9280,24.5972,-66.6885
1,throwing,-0.1189,0.2644,1.1348,6.0883,23.9563,-66.1163
1,throwing,-0.1245,0.2598,1.1409,6.4087,23.2086,-65.5518
1,throwing,-0.1309,0.2566,1.1477,6.5460,22.1939,-65.0864
1,throwing,-0.1274,0.2493,1.1443,6.4316,21.2784,-64.9567
1,throwing,-0.1274,0.2476,1.1426,6.2027,20.4620,-64.8422
1,throwing,-0.1245,0.2517,1.1489,6.1264,19.7296,-64.4226
1,throwing,-0.1267,0.2546,1.1516,6.1646,19.0201,-64.1098
1,throwing,-0.1199,0.2434,1.1499,6.2180,18.4631,-63.9877
1,throwing,-0.1257,0.2368,1.1604,6.0425,17.6620,-63.8733
1,throwing,-0.1145,0.2261,1.1394,5.6152,17.1204,-63.8580
1,throwing,-0.1033,0.2271,1.1301,5.2872,16.4185,-63.7512
1,throwing,-0.1077,0.2219,1.1458,4.9973,15.6021,-63.7970
1,throwing,-0.0935,0.2009,1.1436,4.2419,15.2054,-64.1632
1,throwing,-0.0918,0.2021,1.1318,3.5782,14.6713,-64.5142
1,throwing,-0.0935,0.2024,1.1348,3.0975,14.2899,-64.6744
1,throwing,-0.0881,0.2019,1.1343,3.0441,13.5956,-64.6515
1,throwing,-0.1018,0.1895,1.1582,3.0060,13.1989,-64.8346
1,throwing,-0.0894,0.1868,1.1511,2.5787,12.5198,-65.3229
1,throwing,-0.0884,0.1860,1.1528,2.0218,12.1613,-65.9332
1,throwing,-0.0903,0.1836,1.1523,1.6022,11.2457,-66.1850
1,throwing,-0.0920,0.1787,1.1641,1.6479,10.7117,-66.2155
1,throwing,-0.0898,0.1741,1.1794,1.5335,9.8114,-66.5283
1,throwing,-0.0676,0.1577,1.1506,1.6098,9.3842,-66.5588
1,throwing,-0.1040,0.1711,1.1985,2.0599,8.8577,-66.6199
1,throwing,-0.0715,0.1406,1.1755,2.2507,8.0566,-66.8106
1,throwing,-0.0903,0.1497,1.1794,2.0065,6.6986,-67.2073
1,throwing,-0.0764,0.1382,1.1785,1.7014,5.5313,-67.7032
1,throwing,-0.0649,0.1260,1.1672,1.5945,4.6082,-68.0237
1,throwing,-0.0703,0.1323,1.1777,2.1362,3.8071,-67.9474
1,throwing,-0.0574,0.1096,1.1836,2.8076,3.2272,-68.2068
1,throwing,-0.0598,0.1130,1.1685,2.8305,2.2659,-68.6951
1,throwing,-0.0505,0.1055,1.1594,2.8305,1.4648,-69.3512
1,throwing,-0.0474,0.0942,1.1450,3.1509,0.8545,-69.6716
1,throwing,-0.0464,0.0933,1.1492,3.7231,-0.2060,-69.9692
1,throwing,-0.0332,0.0754,1.1331,3.9062,-1.0223,-70.7016
1,throwing,-0.0371,0.0776,1.1350,3.7537,-1.9608,-71.4722
1,throwing,-0.0261,0.0710,1.1196,3.6163,-2.5253,-72.2580
1,throwing,-0.0273,0.0691,1.1184,3.4103,-3.0060,-73.2269
1,throwing,-0.0088,0.0637,1.0864,3.5019,-3.5172,-74.0433
1,throwing,-0.0176,0.0681,1.0945,3.7613,-3.6697,-74.6765
1,throwing,-0.0078,0.0571,1.0894,3.8223,-3.8986,-75.4547
1,throwing,-0.0024,0.0632,1.0757,3.9902,-4.0894,-76.1414
1,throwing,-0.0020,0.0703,1.0762,4.2114,-4.5395,-77.1408
1,throwing,0.0115,0.0647,1.0461,4.1733,-4.4861,-78.1326
1,throwing,0.0027,0.0825,1.0339,4.2725,-4.9896,-78.5522
1,throwing,0.0068,0.0769,1.0386,4.5929,-5.1727,-79.0939
1,throwing,0.0039,0.0808,1.0332,4.6616,-5.5084,-80.1163
1,throwing,0.0076,0.0952,1.0229,4.7684,-5.8365,-80.7877
1,throwing,0.0049,0.0938,1.0281,4.7379,-6.2408,-81.3446
1,throwing,0.0107,0.0989,1.0208,4.5547,-6.2561,-82.0160
1,throwing,0.0117,0.1069,1.0156,4.3182,-6.4545,-82.5958
1,throwing,0.0225,0.0945,0.9890,4.3716,-6.0196,-83.1223
1,throwing,0.0046,0.1133,0.9944,4.7455,-5.9280,-83.1146
1,throwing,0.0127,0.1042,0.9905,4.8981,-5.6763,-83.6182
1,throwing,0.0088,0.1125,0.9839,4.4937,-5.5542,-84.2361
1,throwing,0.0000,0.1243,0.9863,4.0741,-5.5923,-84.9457
1,throwing,0.0151,0.1233,0.9692,3.6316,-5.0430,-85.7239
1,throwing,0.0081,0.1404,0.9617,3.5934,-4.4861,-85.8612
1,throwing,0.0032,0.1438,0.9731,3.7231,-3.8300,-86.2503
1,throwing,0.0178,0.1453,0.9487,3.1662,-3.2120,-86.6928
1,throwing,-0.0007,0.1675,0.9490,2.4796,-2.7008,-87.1048
1,throwing,0.0188,0.1694,0.9380,2.1744,-2.1744,-87.4252
1,throwing,-0.0081,0.1792,0.9514,2.1744,-1.3199,-87.8220
1,throwing,-0.0007,0.1890,0.9390,2.3575,-0.9003,-87.7686
1,throwing,-0.0129,0.1956,0.9580,2.0905,-0.1450,-87.7609
1,throwing,-0.0154,0.2136,0.9526,1.3504,0.0839,-87.7762
1,throwing,-0.0134,0.2224,0.9263,0.6332,0.7248,-88.0432
1,throwing,-0.0198,0.2371,0.9326,0.0458,1.1978,-87.9822
1,throwing,-0.0205,0.2397,0.9446,-0.2975,1.5259,-87.7228
1,throwing,-0.0210,0.2351,0.9312,-0.7477,2.7695,-87.5931
1,throwing,-0.0413,0.2700,0.9446,-1.0681,2.8763,-87.2040
1,throwing,-0.0278,0.2537,0.9290,-1.4496,3.8910,-86.9217
1,throwing,-0.0491,0.2769,0.9426,-1.9379,4.3945,-86.7386
1,throwing,-0.0337,0.2759,0.9331,-2.5787,4.8752,-86.7081
1,throwing,-0.0325,0.2798,0.9438,-3.4103,5.7983,-86.5097
1,throwing,-0.0266,0.2979,0.9338,-3.8834,6.3248,-86.1740
1,throwing,-0.0273,0.2920,0.9353,-3.9520,7.4158,-85.6171
1,throwing,-0.0447,0.3057,0.9441,-3.7079,8.0490,-84.6634
1,throwing,-0.0591,0.3069,0.9619,-3.7689,8.7357,-84.0836
1,throwing,-0.0500,0.3062,0.9646,-4.5013,8.8959,-84.0302
1,throwing,-0.0471,0.3184,0.9546,-5.2872,9.0561,-83.6258
1,throwing,-0.0596,0.3203,0.9624,-5.5389,9.9716,-83.0765
1,throwing,-0.0591,0.3218,0.9680,-5.2261,10.4065,-82.1228
1,throwing,-0.0642,0.3176,0.9709,-4.9820,11.0550,-81.4514
1,throwing,-0.0667,0.3135,0.9915,-5.0812,10.8948,-80.8868
1,throwing,-0.0615,0.3098,0.9890,-5.5466,11.0016,-80.6885
1,throwing,-0.0764,0.3162,1.0012,-6.0349,11.4517,-80.6122
1,throwing,-0.0642,0.3137,0.9841,-5.8670,11.5509,-79.5898
1,throwing,-0.0872,0.3101,1.0220,-5.5161,12.1841,-78.8727
1,throwing,-0.0757,0.3022,1.0103,-5.2109,12.1307,-78.2318
1,throwing,-0.0837,0.3015,1.0134,-5.2338,12.0468,-77.7283
1,throwing,-0.0908,0.3159,1.0149,-5.5847,11.5356,-77.2324
1,throwing,-0.0769,0.2952,1.0112,-5.9509,12.0544,-77.0416
1,throwing,-0.1023,0.3193,1.0303,-5.9280,11.6425,-76.1337
1,throwing,-0.0964,0.3044,1.0327,-5.8212,11.8637,-75.5310
1,throwing,-0.0894,0.3005,1.0420,-6.0730,12.0010,-75.3250
1,throwing,-0.0840,0.3064,1.0115,-5.8594,12.0697,-74.5697
1,throwing,-0.1060,0.3054,1.0374,-5.7144,12.6648,-74.4629
1,throwing,-0.0828,0.2905,1.0137,-5.5389,12.7335,-73.9899
1,throwing,-0.1045,0.3015,1.0339,-5.6152,13.3591,-73.6160
1,throwing,-0.0967,0.2947,1.0391,-5.6763,13.1607,-73.3109
1,throwing,-0.0872,0.2878,1.0422,-5.6534,13.6261,-73.0667
1,throwing,-0.1006,0.2991,1.0659,-5.4779,13.7329,-72.5555
1,throwing,-0.0957,0.2837,1.0703,-5.4016,13.9694,-72.1970
1,throwing,-0.1064,0.2847,1.0845,-5.6610,13.6795,-71.9223
1,throwing,-0.0994,0.2805,1.0654,-5.8441,13.6948,-71.7010
1,throwing,-0.1223,0.2820,1.1045,-5.5542,13.4735,-71.1975
1,throwing,-0.1064,0.2705,1.1003,-5.3329,13.4201,-70.8160
1,throwing,-0.1216,0.2693,1.1143,-5.5771,13.0234,-70.6100
1,throwing,-0.1125,0.2502,1.0962,-5.8670,12.7487,-70.6558
1,throwing,-0.1230,0.2578,1.1079,-5.9357,12.1918,-70.7703
1,throwing,-0.1184,0.2468,1.1204,-6.1646,11.9171,-70.7779
1,throwing,-0.1106,0.2390,1.1135,-6.3400,11.4594,-70.7321
1,throwing,-0.1101,0.2371,1.1121,-6.3324,11.0626,-70.6940
1,throwing,-0.1011,0.2217,1.1086,-6.3019,10.9177,-70.7474
1,throwing,-0.1111,0.2219,1.1206,-6.1798,10.6125,-70.5490
1,throwing,-0.1067,0.2192,1.1216,-6.1035,9.9716,-70.6177
1,throwing,-0.1018,0.2087,1.1228,-6.3629,10.1318,-70.9381
1,throwing,-0.0964,0.2075,1.1194,-6.1569,9.8114,-70.9076
1,throwing,-0.1111,0.1985,1.1304,-5.6763,9.7656,-70.9000
1,throwing,-0.1082,0.1875,1.1318,-5.9128,9.2773,-71.2051
1,throwing,-0.1013,0.1860,1.1162,-6.2714,8.8425,-71.5103
1,throwing,-0.1128,0.1780,1.1350,-6.3782,8.6517,-71.6400
1,throwing,-0.1006,0.1729,1.1201,-6.3782,8.5373,-71.9757
1,throwing,-0.1106,0.1780,1.1201,-6.5002,8.4915,-72.4411
1,throwing,-0.0969,0.1794,1.1069,-6.3858,8.4229,-72.4258
1,throwing,-0.1055,0.1804,1.1272,-5.9662,8.3237,-72.3495
1,throwing,-0.1067,0.1658,1.1084,-5.8136,8.4763,-72.4182
1,throwing,-0.1125,0.1750,1.1140,-5.6839,8.3160,-72.5555
1,throwing,-0.1113,0.1748,1.1318,-5.6686,8.2245,-72.9294
1,throwing,-0.1001,0.1646,1.1191,-5.5618,8.1024,-73.4482
1,throwing,-0.1174,0.1724,1.1355,-5.1270,7.7896,-73.7915
1,throwing,-0.1108,0.1675,1.1389,-4.7531,7.5607,-73.9288
1,throwing,-0.1052,0.1641,1.1338,-4.5090,7.5455,-73.8678
1,throwing,-0.1233,0.1753,1.1504,-4.1428,7.0953,-73.7762
1,throwing,-0.1201,0.1721,1.1416,-3.8681,6.9962,-74.1196
1,throwing,-0.1301,0.1755,1.1438,-3.6469,6.5384,-74.2340
1,throwing,-0.1265,0.1799,1.1428,-3.6087,6.1035,-74.2722
1,throwing,-0.1213,0.1755,1.1406,-3.6469,5.9814,-74.5392
1,throwing,-0.1204,0.1804,1.1340,-3.6316,5.7907,-74.9435
1,throwing,-0.1223,0.1746,1.1345,-3.5248,5.7755,-75.1495
1,throwing,-0.1248,0.1780,1.1426,-3.2883,5.6686,-75.1724
1,throwing,-0.1187,0.1663,1.1404,-3.1357,5.6992,-75.1114
1,throwing,-0.1292,0.1687,1.1482,-2.8000,5.6229,-75.1038
1,throwing,-0.1270,0.1646,1.1445,-2.5024,5.7297,-75.0656
1,throwing,-0.1260,0.1777,1.1377,-2.4719,5.5847,-75.2716
1,throwing,-0.1260,0.1753,1.1333,-2.7695,5.0201,-75.7217
1,throwing,-0.1174,0.1636,1.1106,-2.8458,5.3024,-76.0040
1,throwing,-0.1362,0.1724,1.1392,-2.5940,5.2414,-76.1642
1,throwing,-0.1167,0.1641,1.1333,-2.1744,5.5923,-76.1642
1,throwing,-0.1394,0.1826,1.1377,-1.8387,5.5847,-76.1871
1,throwing,-0.1238,0.1738,1.1274,-1.8082,5.4703,-76.6373
1,throwing,-0.1313,0.1699,1.1372,-2.0218,5.3482,-77.2400
1,throwing,-0.1292,0.1716,1.1282,-1.6785,5.3177,-77.3163
1,throwing,-0.1416,0.1812,1.1355,-1.1673,5.0964,-77.5528
1,throwing,-0.1372,0.1755,1.1128,-0.9232,5.1804,-77.4765
1,throwing,-0.1543,0.1855,1.1375,-0.5951,5.1956,-77.0950
1,throwing,-0.1436,0.1899,1.1443,-0.7019,4.8523,-77.2247
1,throwing,-0.1379,0.1741,1.1316,-1.1215,5.0888,-77.6138
1,throwing,-0.1484,0.1892,1.1375,-0.8850,4.9057,-77.5375
1,throwing,-0.1499,0.1892,1.1506,-0.6104,4.7684,-77.5223
1,throwing,-0.1409,0.1858,1.1318,-0.6714,4.8981,-77.5986
1,throwing,-0.1514,0.1970,1.1411,-0.6485,4.6844,-77.4765
1,throwing,-0.1377,0.1907,1.1416,-0.7477,4.4632,-77.7054
1,throwing,-0.1375,0.1855,1.1370,-0.8698,4.5242,-77.8961
1,throwing,-0.1301,0.1907,1.1316,-0.6409,4.5090,-77.6215
1,throwing,-0.1460,0.1929,1.1494,-0.5035,4.6997,-77.4689
1,throwing,-0.1338,0.1873,1.1272,-0.7172,4.7836,-77.4078
1,throwing,-0.1277,0.1846,1.1204,-0.9232,4.8523,-77.4918
1,throwing,-0.1443,0.1851,1.1316,-0.6485,4.9591,-77.5375
1,throwing,-0.1440,0.1809,1.1331,-0.2594,5.0354,-77.6291
1,throwing,-0.1460,0.1814,1.1372,-0.0916,4.9896,-77.6215
1,throwing,-0.1399,0.1736,1.1260,-0.1297,4.9362,-77.8809
1,throwing,-0.1416,0.1716,1.1157,0.2060,5.0583,-77.9724
1,throwing,-0.1414,0.1667,1.1228,0.3586,5.5313,-78.3081
1,throwing,-0.1206,0.1572,1.1042,0.6790,5.8670,-78.2471
1,throwing,-0.1406,0.1721,1.1294,1.3809,5.8365,-77.9419
1,throwing,-0.1306,0.1580,1.1257,1.6022,5.9662,-78.2318
1,throwing,-0.1309,0.1609,1.1174,1.6632,6.1264,-78.2852
1,throwing,-0.1401,0.1589,1.1243,1.5030,5.9738,-78.4225
1,throwing,-0.1394,0.1440,1.1111,1.6022,6.2332,-78.8956
1,throwing,-0.1348,0.1541,1.1138,2.0447,6.4468,-78.8651
1,throwing,-0.1448,0.1555,1.1321,2.5406,6.4163,-78.9108
1,throwing,-0.1409,0.1460,1.1133,2.3575,6.4545,-79.1855
1,throwing,-0.1399,0.1550,1.1140,2.1286,6.3629,-79.3686
1,throwing,-0.1309,0.1501,1.1108,2.3499,6.2714,-79.6356
1,throwing,-0.1328,0.1433,1.1047,2.5711,6.5536,-79.9255
1,throwing,-0.1384,0.1460,1.1125,2.6093,6.5079,-80.1392
1,throwing,-0.1304,0.1382,1.1094,2.5635,6.7215,-80.6046
1,throwing,-0.1348,0.1440,1.1165,2.6093,6.7978,-80.9860
1,throwing,-0.1343,0.1365,1.1084,2.5558,7.0419,-81.4133
1,throwing,-0.1282,0.1465,1.1055,2.7542,7.3242,-81.5506
1,throwing,-0.1377,0.1504,1.1311,3.0899,7.7744,-81.8253
1,throwing,-0.1338,0.1533,1.1270,3.1281,7.6828,-82.0007
1,throwing,-0.1348,0.1577,1.1272,2.8687,8.0032,-82.2372
1,throwing,-0.1418,0.1609,1.1230,2.5482,8.0414,-82.3669
1,throwing,-0.1416,0.1675,1.1311,2.4948,7.9346,-82.6263
1,throwing,-0.1465,0.1648,1.1306,2.2964,7.9880,-83.0383
1,throwing,-0.1379,0.1682,1.1187,2.0752,7.7515,-83.1909
1,throwing,-0.1440,0.1646,1.1365,2.1973,7.8583,-83.4656
1,throwing,-0.1477,0.1699,1.1274,2.1515,7.9346,-83.9386
1,throwing,-0.1414,0.1753,1.1138,2.4567,7.7362,-83.8547
1,throwing,-0.1624,0.1833,1.1445,2.7847,7.7896,-83.6868
1,throwing,-0.1567,0.1848,1.1272,2.3346,7.6065,-83.9767
1,throwing,-0.1484,0.1855,1.1243,1.9073,7.3471,-84.1599
1,throwing,-0.1658,0.1904,1.1477,1.8463,7.0496,-84.3735
1,throwing,-0.1621,0.1836,1.1443,1.6251,6.7673,-84.4193
1,throwing,-0.1584,0.1887,1.1243,1.6861,6.6223,-84.4193
1,throwing,-0.1724,0.1902,1.1433,1.8387,6.3477,-84.1370
1,throwing,-0.1572,0.1880,1.1360,1.6022,6.0883,-84.4040
1,throwing,-0.1672,0.1890,1.1218,1.0986,5.6992,-84.5871
1,throwing,-0.1628,0.1907,1.1233,0.7629,5.1575,-84.7244
1,throwing,-0.1611,0.1863,1.1194,0.8621,4.8218,-84.9686
1,throwing,-0.1692,0.1829,1.1313,0.8850,4.9438,-85.1593
1,throwing,-0.1680,0.1819,1.1292,1.1139,4.6387,-85.1593
1,throwing,-0.1677,0.1868,1.1350,0.9003,4.3488,-85.1974
1,throwing,-0.1650,0.1782,1.1323,0.4578,4.2267,-85.6018
1,throwing,-0.1626,0.1753,1.1201,0.1526,4.0054,-86.0748
1,throwing,-0.1660,0.1787,1.1182,0.1526,3.4256,-86.0977
1,throwing,-0.1665,0.1863,1.1211,0.1297,3.6850,-86.2732
1,throwing,-0.1609,0.1973,1.1189,-0.0229,3.4485,-86.1588
1,throwing,-0.1802,0.1965,1.1340,-0.4501,3.4180,-86.2656
1,throwing,-0.1738,0.2017,1.1169,-1.2894,2.7084,-86.5021
1,throwing,-0.1641,0.1951,1.1064,-2.0828,2.4185,-86.8759
1,throwing,-0.1704,0.2051,1.1199,-2.2659,2.0218,-86.7462
1,throwing,-0.1665,0.2039,1.1233,-2.1820,2.0447,-86.6928
1,throwing,-0.1716,0.2043,1.1079,-2.2202,1.8997,-86.6547
1,throwing,-0.1816,0.2183,1.1233,-2.5253,1.3580,-86.7691
1,throwing,-0.1750,0.2102,1.1133,-3.2501,0.7095,-86.8454
1,throwing,-0.1714,0.2083,1.1248,-4.0283,0.4807,-87.1506
1,throwing,-0.1670,0.2017,1.1116,-4.1351,-0.4272,-87.1277
1,throwing,-0.1707,0.1975,1.1294,-4.1046,-0.8163,-87.1048
1,throwing,-0.1680,0.1946,1.1279,-4.5090,-1.4572,-87.4252
1,throwing,-0.1550,0.1899,1.1074,-4.9286,-1.6098,-87.6007
1,throwing,-0.1689,0.1946,1.1257,-4.9667,-1.8768,-87.6389
1,throwing,-0.1572,0.1841,1.1074,-5.1498,-2.2888,-87.7991
1,throwing,-0.1511,0.1816,1.0828,-5.6686,-2.0828,-88.2187
1,throwing,-0.1492,0.1819,1.0718,-5.5084,-1.7776,-88.2339
1,throwing,-0.1589,0.1819,1.0769,-5.1422,-1.3657,-88.0203
1,throwing,-0.1484,0.1863,1.0627,-5.4474,-1.2360,-88.1882
1,throwing,-0.1418,0.1943,1.0537,-6.1493,-0.7858,-88.7604
1,throwing,-0.1387,0.1812,1.0449,-6.5842,0.0229,-89.2181
1,throwing,-0.1201,0.1802,1.0186,-6.2714,0.8240,-89.2181
1,throwing,-0.1443,0.1904,1.0378,-5.7297,1.6937,-89.0503
1,throwing,-0.1399,0.1931,1.0388,-6.0883,1.9455,-88.7833
1,throwing,-0.1299,0.1851,1.0112,-6.5460,2.3041,-89.0579
1,throwing,-0.1372,0.1890,1.0269,-6.5460,2.6474,-89.5233
1,throwing,-0.1226,0.1775,1.0232,-6.1646,3.2120,-89.3555
1,throwing,-0.1301,0.1855,1.0278,-6.0120,3.5248,-89.1495
1,throwing,-0.1218,0.1821,1.0266,-5.8746,3.8681,-89.2715
1,throwing,-0.1250,0.1775,1.0322,-5.3864,4.4022,-88.9969
1,throwing,-0.1184,0.1763,1.0249,-4.4937,4.8828,-88.4933
1,throwing,-0.1360,0.1775,1.0532,-3.9368,5.2643,-88.2416
1,throwing,-0.1240,0.1687,1.0269,-3.8681,5.3329,-87.9364
1,throwing,-0.1382,0.1597,1.0291,-3.7689,5.5466,-87.9288
1,throwing,-0.1187,0.1521,1.0034,-3.4714,5.6000,-88.0280
1,throwing,-0.1265,0.1514,1.0303,-2.9984,5.6686,-88.4323
1,throwing,-0.1028,0.1326,1.0144,-2.4948,6.1646,-88.6002
1,throwing,-0.1130,0.1338,1.0117,-1.7776,6.8283,-88.6383
1,throwing,-0.1052,0.1279,1.0032,-0.9842,7.3700,-89.0656
1,throwing,-0.1011,0.1338,0.9966,-0.4959,7.9346,-89.2792
1,throwing,-0.0952,0.1284,0.9768,-0.1450,8.4991,-89.4775
1,throwing,-0.0959,0.1257,0.9763,0.5112,9.2239,-89.6606
1,throwing,-0.1011,0.1284,0.9714,1.4114,10.1852,-89.3555
1,throwing,-0.1123,0.1367,0.9753,1.9150,10.9787,-89.3631
1,throwing,-0.1062,0.1384,0.9590,2.1210,11.9400,-89.5996
1,throwing,-0.1108,0.1401,0.9492,2.1973,13.1836,-89.5157
1,throwing,-0.1052,0.1433,0.9517,2.8839,13.7405,-89.5081
1,throwing,-0.1084,0.1377,0.9487,3.2730,14.6942,-89.6378
1,throwing,-0.1121,0.1331,0.9426,3.2959,15.8234,-90.2710
1,throwing,-0.0991,0.1323,0.9373,3.6545,16.7694,-90.8203
1,throwing,-0.0977,0.1345,0.9360,4.7607,18.2648,-90.4007
1,throwing,-0.1250,0.1482,0.9690,5.7678,19.3481,-90.0879
1,throwing,-0.1060,0.1475,0.9529,6.0959,20.5231,-89.5538
1,throwing,-0.1257,0.1501,0.9614,5.9967,21.3242,-89.7903
1,throwing,-0.1130,0.1423,0.9460,6.6299,22.0413,-89.6835
1,throwing,-0.1406,0.1543,0.9934,7.3395,22.9263,-89.9048
1,throwing,-0.1211,0.1541,0.9744,8.0261,23.6740,-90.0421
1,throwing,-0.1409,0.1631,1.0022,8.5144,24.4751,-89.5844
1,throwing,-0.1316,0.1560,0.9812,9.2010,24.9557,-89.4165
1,throwing,-0.1514,0.1738,1.0093,10.1547,25.6348,-89.0884
1,throwing,-0.1597,0.1824,1.0212,10.6049,25.6729,-88.6612
1,throwing,-0.1506,0.1726,1.0107,10.7651,26.1307,-88.6765
1,throwing,-0.1741,0.1831,1.0278,10.8871,26.1002,-88.8977
1,throwing,-0.1636,0.1719,1.0122,11.2610,26.7105,-88.6230
1,throwing,-0.1809,0.1892,1.0439,11.7950,26.8555,-88.4705
1,throwing,-0.1658,0.1794,1.0273,12.2147,27.4048,-88.4018
1,throwing,-0.1895,0.2048,1.0481,12.5961,27.5192,-87.9288
1,throwing,-0.1707,0.2007,1.0427,12.9089,27.8625,-87.5397
1,throwing,-0.1931,0.2083,1.0635,12.5351,28.2669,-87.8067
1,throwing,-0.1755,0.2009,1.0352,12.5961,28.3661,-87.7533
1,throwing,-0.2029,0.2148,1.0779,12.9089,28.7170,-87.6617
1,throwing,-0.1978,0.2190,1.0642,12.8403,28.5797,-87.5626
1,throwing,-0.1936,0.2246,1.0596,12.5809,28.9154,-87.4100
1,throwing,-0.2087,0.2292,1.0859,12.8784,28.8162,-86.9217
1,throwing,-0.2175,0.2329,1.1108,13.2217,28.7552,-86.5936
1,throwing,-0.2283,0.2427,1.1133,12.8250,28.4805,-86.6852
1,throwing,-0.2322,0.2417,1.0962,12.2757,27.8625,-86.5555
1,throwing,-0.2385,0.2498,1.1292,12.0621,27.2446,-86.3647
1,throwing,-0.2341,0.2485,1.1267,11.9019,26.7639,-86.0901
1,throwing,-0.2454,0.2515,1.1265,11.7874,26.0391,-85.5484
1,throwing,-0.2646,0.2576,1.1382,11.6043,25.4517,-85.1059
1,throwing,-0.2622,0.2683,1.1401,11.1923,24.4293,-84.8694
1,throwing,-0.2634,0.2681,1.1467,10.6201,23.5214,-84.9075
1,throwing,-0.2676,0.2676,1.1416,10.0784,22.7890,-85.0525
1,throwing,-0.2642,0.2734,1.1360,9.6283,22.0184,-84.7626
1,throwing,-0.2595,0.2720,1.1338,9.6817,21.6446,-84.2209
1,throwing,-0.2729,0.2764,1.1584,9.7885,21.1411,-83.5419
1,throwing,-0.2759,0.2783,1.1504,9.3079,20.3781,-83.2138
1,throwing,-0.2729,0.2720,1.1404,8.6746,19.7296,-83.2748
1,throwing,-0.2695,0.2659,1.1384,8.3008,19.0659,-83.2062
1,throwing,-0.2715,0.2700,1.1582,8.1329,18.4708,-83.1146
1,throwing,-0.2627,0.2722,1.1492,8.0414,18.1656,-82.8247
1,throwing,-0.2761,0.2803,1.1616,8.0032,17.6849,-82.3517
1,throwing,-0.2708,0.2720,1.1575,7.9193,17.3187,-81.7871
1,throwing,-0.2722,0.2703,1.1545,7.5836,16.6779,-81.6498
1,throwing,-0.2673,0.2632,1.1499,7.3395,16.1285,-81.5125
1,throwing,-0.2695,0.2617,1.1648,7.1945,15.2283,-81.2225
1,throwing,-0.2581,0.2512,1.1482,6.9885,14.7400,-81.0013
1,throwing,-0.2627,0.2583,1.1455,6.8665,14.0305,-80.6656
1,throwing,-0.2590,0.2437,1.1431,6.6452,13.4964,-80.5206
1,throwing,-0.2578,0.2451,1.1440,6.3400,12.9776,-80.3680
1,throwing,-0.2495,0.2407,1.1309,6.3782,12.4130,-80.4062
1,throwing,-0.2407,0.2256,1.1265,6.5536,11.9324,-80.3375
1,throwing,-0.2483,0.2273,1.1406,6.8588,11.5738,-79.9484
1,throwing,-0.2437,0.2217,1.1399,6.6528,11.1389,-79.5135
1,throwing,-0.2385,0.2212,1.1296,6.4926,10.6659,-79.4678
1,throwing,-0.2412,0.2163,1.1213,6.6452,10.2081,-79.2084
1,throwing,-0.2500,0.2161,1.1409,6.6681,9.4452,-79.0710
1,throwing,-0.2302,0.1995,1.1243,6.4087,8.6899,-79.4067
1,throwing,-0.2241,0.1987,1.1155,5.6686,7.8812,-79.9866
1,throwing,-0.2073,0.1865,1.0925,5.5161,7.9193,-80.3909
1,throwing,-0.2170,0.1938,1.1130,6.0043,7.9193,-80.0323
1,throwing,-0.2063,0.1865,1.1113,6.2714,7.7591,-79.8492
1,throwing,-0.2146,0.1985,1.1140,6.1264,7.1182,-79.7882
1,throwing,-0.2041,0.1897,1.0984,5.4626,6.4621,-80.2612
1,throwing,-0.2000,0.1765,1.0947,4.4861,6.2103,-81.0013
1,throwing,-0.1860,0.1802,1.0723,4.1809,6.1493,-81.1996
1,throwing,-0.1936,0.1829,1.0957,4.5319,5.8975,-81.1081
1,throwing,-0.1848,0.1721,1.0840,4.4403,5.8441,-81.3370
1,throwing,-0.1882,0.1785,1.0767,3.9215,5.6305,-81.4819
1,throwing,-0.1824,0.1672,1.0813,3.5400,5.4321,-81.7261
1,throwing,-0.1895,0.1653,1.0730,3.0823,5.1956,-82.1991
1,throwing,-0.1919,0.1631,1.0554,2.6627,4.7913,-82.3898
1,throwing,-0.1804,0.1562,1.0522,2.3727,4.5853,-82.6492
1,throwing,-0.1812,0.1536,1.0459,1.6174,4.3259,-83.1680
1,throwing,-0.1685,0.1499,1.0364,1.0300,4.2953,-83.5266
1,throwing,-0.1704,0.1543,1.0310,0.7935,4.2877,-84.0530
1,throwing,-0.1680,0.1479,1.0229,0.5875,4.1885,-84.4650
1,throwing,-0.1633,0.1372,1.0022,0.3281,4.5471,-84.9380
1,throwing,-0.1748,0.1477,0.9988,0.1526,4.7989,-85.0830
1,throwing,-0.1631,0.1458,0.9849,-0.1755,5.1422,-85.3348
1,throwing,-0.1648,0.1541,0.9868,-0.6485,5.3787,-85.5942
1,throwing,-0.1646,0.1479,0.9846,-1.2283,5.4779,-85.9833
1,throwing,-0.1606,0.1465,0.9888,-1.8082,5.5618,-86.4792
1,throwing,-0.1541,0.1414,0.9792,-2.5635,6.0196,-86.9751
1,throwing,-0.1521,0.1428,0.9717,-3.2349,6.3705,-86.9751
1,throwing,-0.1584,0.1384,0.9712,-3.4256,6.9275,-87.2345
1,throwing,-0.1560,0.1355,0.9553,-3.6392,7.7209,-87.8143
1,throwing,-0.1606,0.1357,0.9409,-3.9902,8.5068,-88.2492
1,throwing,-0.1687,0.1382,0.9609,-4.4327,9.1476,-88.2721
1,throwing,-0.1582,0.1287,0.9507,-5.0583,9.5749,-88.6459
1,throwing,-0.1582,0.1274,0.9377,-5.7907,10.3378,-89.4623
1,throwing,-0.1611,0.1377,0.9377,-5.9967,11.0703,-89.5767
1,throwing,-0.1665,0.1360,0.9438,-5.9814,12.0087,-89.7598
1,throwing,-0.1768,0.1428,0.9434,-6.3782,12.9776,-89.8590
1,throwing,-0.1794,0.1401,0.9358,-7.1335,13.5345,-89.9734
1,throwing,-0.1731,0.1345,0.9299,-7.6218,14.1907,-90.6067
1,throwing,-0.1833,0.1450,0.9470,-7.7591,14.6103,-90.3320
1,throwing,-0.1851,0.1384,0.9707,-8.2779,14.7476,-90.8356
1,throwing,-0.1838,0.1433,0.9573,-9.2773,14.6942,-90.8966
1,throwing,-0.1775,0.1431,0.9504,-10.3607,14.3814,-92.1326
1,throwing,-0.1716,0.1321,0.9348,-10.7269,14.7171,-92.0486
1,throwing,-0.1880,0.1418,0.9644,-10.4141,15.0681,-92.0105
1,throwing,-0.1851,0.1367,0.9736,-10.5896,15.3503,-91.8655
1,throwing,-0.1829,0.1230,0.9453,-11.5356,15.4266,-91.9800
1,throwing,-0.1772,0.1099,0.9431,-12.2147,15.7394,-92.9794
1,throwing,-0.1746,0.0972,0.9534,-12.4207,16.0370,-92.5980
1,throwing,-0.1572,0.0916,0.9382,-12.5427,16.8152,-93.2541
1,throwing,-0.1704,0.0969,0.9478,-12.3978,17.6392,-93.9407
1,throwing,-0.1624,0.0901,0.9460,-12.5504,18.4021,-93.2846
1,throwing,-0.1567,0.0920,0.9351,-13.3209,18.9285,-93.8950
1,throwing,-0.1584,0.0879,0.9348,-13.9160,19.5465,-95.8481
1,throwing,-0.1543,0.0828,0.9314,-14.1296,20.1874,-97.3511
1,throwing,-0.1672,0.0820,0.9373,-13.9923,20.8054,-97.7783
1,throwing,-0.1760,0.0798,0.9351,-14.1296,21.5683,-98.0072
1,throwing,-0.1809,0.0859,0.9363,-14.6332,22.6364,-98.2208
1,throwing,-0.1838,0.0903,0.9353,-15.0528,23.2010,-98.1903
1,throwing,-0.1855,0.0876,0.9285,-15.5334,23.9868,-98.1140
1,throwing,-0.1904,0.0928,0.9253,-15.8081,24.5895,-97.8088
1,throwing,-0.1934,0.1011,0.9321,-15.8691,25.4745,-97.6334
1,throwing,-0.1921,0.1086,0.9250,-16.1057,26.5045,-97.8394
1,throwing,-0.1873,0.1169,0.9067,-16.0904,27.3972,-97.9462
1,throwing,-0.2051,0.1384,0.9316,-15.8234,28.3432,-97.6639
1,throwing,-0.2029,0.1479,0.9353,-15.6403,28.9612,-97.1069
1,throwing,-0.2166,0.1655,0.9485,-15.8844,29.3045,-96.7865
1,throwing,-0.2229,0.1719,0.9548,-16.1057,29.5486,-96.6797
1,throwing,-0.2163,0.1780,0.9529,-16.0904,29.9149,-96.5424
1,throwing,-0.2234,0.1746,0.9690,-15.8920,30.3879,-96.5652
1,throwing,-0.2200,0.1787,0.9641,-15.6555,31.1050,-96.5042
1,throwing,-0.2214,0.1895,0.9619,-15.4495,32.3181,-96.5500
1,throwing,-0.2192,0.1885,0.9546,-15.1443,33.5999,-96.5042
1,throwing,-0.2219,0.2007,0.9490,-14.5264,35.0494,-96.3058
1,throwing,-0.2251,0.2126,0.9568,-13.9236,36.5753,-95.7947
1,throwing,-0.2334,0.2332,0.9590,-13.3667,38.2996,-94.3832
1,throwing,-0.2422,0.2485,0.9636,-12.7029,40.0848,-92.4683
1,throwing,-0.2507,0.2747,0.9719,-11.9247,41.7023,-92.3996
1,throwing,-0.2549,0.2925,0.9783,-11.2152,43.1595,-91.2247
1,throwing,-0.2737,0.3093,0.9949,-10.3836,44.7464,-89.9734
1,throwing,-0.2874,0.3306,1.0186,-9.7656,46.1273,-88.5849
1,throwing,-0.2996,0.3486,1.0254,-9.3994,47.1191,-87.5473
1,throwing,-0.3135,0.3577,1.0400,-8.6365,47.7524,-86.5097
1,throwing,-0.3274,0.3699,1.0652,-7.4768,48.1567,-85.4492
1,throwing,-0.3428,0.3877,1.0881,-6.2027,48.4390,-84.2209
1,throwing,-0.3779,0.4043,1.1199,-5.1498,48.3856,-82.7332
1,throwing,-0.3972,0.4163,1.1240,-4.3488,48.0194,-81.2607
1,throwing,-0.4163,0.4321,1.1455,-3.8223,47.2946,-79.6280
1,throwing,-0.4297,0.4470,1.1616,-3.3951,46.4020,-78.3768
1,throwing,-0.4331,0.4514,1.1643,-2.8229,45.4178,-76.9196
1,throwing,-0.4441,0.4697,1.1865,-2.4033,44.5480,-75.2563
1,throwing,-0.4460,0.4773,1.1897,-2.2888,43.5715,-73.6694
1,throwing,-0.4548,0.4968,1.1934,-2.0599,42.3660,-71.9604
1,throwing,-0.4568,0.5063,1.1987,-1.8463,41.1301,-70.0989
1,throwing,-0.4556,0.5095,1.2100,-1.5488,40.0391,-68.3060
1,throwing,-0.4609,0.5137,1.2212,-1.2207,38.8184,-66.4139
1,throwing,-0.4656,0.5156,1.2312,-1.1368,37.5366,-64.6667
1,throwing,-0.4709,0.5200,1.2368,-1.2741,35.9802,-62.7975
1,throwing,-0.4792,0.5256,1.2473,-1.3046,34.0500,-61.1801
1,throwing,-0.4812,0.5227,1.2537,-1.3504,32.0053,-59.5932
1,throwing,-0.4749,0.5146,1.2556,-1.3962,30.2734,-57.9529
1,throwing,-0.4883,0.5044,1.2551,-1.3733,28.7170,-56.2057
1,throwing,-0.4739,0.4927,1.2485,-1.5030,27.2064,-54.5425
1,throwing,-0.4675,0.4880,1.2202,-1.8768,25.8942,-53.2303
1,throwing,-0.4624,0.4932,1.2214,-1.9608,24.7192,-51.6281
1,throwing,-0.4673,0.4810,1.2332,-2.1744,23.5443,-50.3311
1,throwing,-0.4568,0.4624,1.2151,-2.3422,22.3236,-48.9044
1,throwing,-0.4543,0.4475,1.2329,-2.3117,20.8893,-47.5845
1,throwing,-0.4468,0.4341,1.2373,-2.0981,19.3558,-46.1807
1,throwing,-0.4443,0.4304,1.2319,-1.6708,18.1274,-44.6091
1,throwing,-0.4524,0.4219,1.2258,-1.3199,16.9449,-42.8085
1,throwing,-0.4456,0.4158,1.2361,-1.3275,15.5563,-41.1911
1,throwing,-0.4312,0.3955,1.2263,-1.9760,14.1678,-40.3290
1,throwing,-0.4202,0.3767,1.2085,-2.4948,12.8708,-39.8483
1,throwing,-0.4119,0.3608,1.2151,-2.0828,11.7874,-39.0320
1,throwing,-0.4109,0.3491,1.2158,-1.5106,10.8490,-38.1393
1,throwing,-0.4028,0.3364,1.2097,-1.0529,9.9945,-37.1094
1,throwing,-0.4041,0.3281,1.2078,-0.8163,8.8806,-36.0107
1,throwing,-0.3923,0.3074,1.1970,-0.8087,7.9575,-35.3622
1,throwing,-0.3870,0.2949,1.1824,-0.6409,6.8054,-34.6451
1,throwing,-0.3931,0.2859,1.1895,-0.1068,5.6000,-33.9813
1,throwing,-0.3701,0.2637,1.1750,0.2975,4.5776,-33.6151
1,throwing,-0.3723,0.2512,1.1646,1.0452,4.0359,-32.8979
1,throwing,-0.3738,0.2473,1.1926,1.8311,3.1891,-32.3410
1,throwing,-0.3516,0.2241,1.1848,1.9836,2.4338,-32.1884
1,throwing,-0.3474,0.2180,1.1606,2.2125,1.6174,-31.9519
1,throwing,-0.3499,0.2048,1.1558,2.8305,0.9766,-31.7078
1,throwing,-0.3445,0.1938,1.1482,3.3875,0.1373,-31.3873
1,throwing,-0.3352,0.1897,1.1431,4.0741,-0.5112,-31.1737
1,throwing,-0.3289,0.1809,1.1477,4.6387,-1.1368,-30.9143
1,throwing,-0.3208,0.1697,1.1318,4.9362,-1.7548,-30.6931
1,throwing,-0.3132,0.1577,1.1052,5.0049,-2.2125,-30.7465
1,throwing,-0.3159,0.1421,1.1047,5.3024,-2.6932,-30.8380
1,throwing,-0.3076,0.1321,1.0913,5.7831,-3.0975,-30.9067
1,throwing,-0.2939,0.1257,1.0916,6.2790,-3.3417,-30.9906
1,throwing,-0.2871,0.1206,1.0952,6.5002,-3.7613,-31.1279
1,throwing,-0.2812,0.1099,1.0847,6.4697,-4.1962,-31.5781
1,throwing,-0.2793,0.1021,1.0691,6.4316,-4.7455,-32.0129
1,throwing,-0.2744,0.0950,1.0586,6.7825,-5.1193,-32.4097
1,throwing,-0.2637,0.0869,1.0596,7.0496,-5.0430,-32.7377
1,throwing,-0.2639,0.0898,1.0486,7.2403,-4.9286,-33.1421
1,throwing,-0.2546,0.0916,1.0442,7.4081,-4.9133,-33.4091
1,throwing,-0.2571,0.0857,1.0374,7.0953,-5.1651,-33.6914
1,throwing,-0.2561,0.0830,1.0312,6.7291,-5.3101,-34.1263
1,throwing,-0.2478,0.0825,1.0256,6.5613,-5.1346,-34.8129
1,throwing,-0.2505,0.0784,1.0132,6.7902,-5.0201,-35.6216
1,throwing,-0.2429,0.0784,1.0156,6.8512,-4.9591,-35.9879
1,throwing,-0.2505,0.0771,1.0107,6.6071,-4.8523,-36.3846
1,throwing,-0.2488,0.0784,1.0078,6.2866,-4.7989,-36.8958
1,throwing,-0.2485,0.0784,1.0076,5.8136,-4.6158,-37.4222
1,throwing,-0.2388,0.0906,0.9917,5.5695,-4.3945,-37.9944
1,throwing,-0.2366,0.1179,0.9795,5.6000,-4.0359,-38.2843
1,throwing,-0.2385,0.1528,0.9690,5.5161,-3.9444,-38.1317
1,throwing,-0.2561,0.1565,0.9485,4.6692,-3.8071,-37.9486
1,throwing,-0.2744,0.1301,0.9265,3.4714,-3.6316,-37.8952
1,throwing,-0.2842,0.0884,0.9131,3.1662,-3.2730,-38.0707
1,throwing,-0.2820,0.0500,0.9099,3.7155,-3.1204,-38.3301
1,throwing,-0.2756,0.0347,0.8965,4.3030,-3.0823,-38.6429
1,throwing,-0.2615,0.0596,0.8875,4.4556,-2.6245,-38.9175
1,throwing,-0.2500,0.0908,0.8843,4.0054,-2.0370,-39.2990
1,throwing,-0.2371,0.1267,0.8875,3.0823,-0.8392,-39.5432
1,throwing,-0.2393,0.1545,0.8982,1.9836,0.8316,-39.5508
1,throwing,-0.2393,0.1733,0.9175,0.8163,2.6703,-39.4287
1,throwing,-0.2334,0.1833,0.9263,-0.5569,4.4250,-39.3143
1,throwing,-0.2363,0.1873,0.9312,-1.6785,5.9357,-39.3448
1,throwing,-0.2307,0.1914,0.9451,-2.5177,7.1411,-39.4440
1,throwing,-0.2275,0.1934,0.9573,-2.9907,8.1024,-39.1846
1,throwing,-0.2410,0.2002,0.9829,-3.0136,8.6746,-38.7573
1,throwing,-0.2410,0.2017,0.9883,-3.2578,8.9417,-38.4140
1,throwing,-0.2488,0.2068,1.0007,-3.7689,8.9188,-38.3377
1,throwing,-0.2561,0.2104,1.0002,-4.2191,8.6365,-38.2538
1,throwing,-0.2627,0.2224,1.0164,-4.2648,8.4381,-37.8418
1,throwing,-0.2708,0.2251,1.0229,-4.2725,8.4076,-37.2391
1,throwing,-0.2708,0.2273,1.0247,-4.3488,8.1635,-36.5219
1,throwing,-0.2729,0.2358,1.0254,-4.6234,7.6752,-35.9421
1,throwing,-0.2737,0.2463,1.0278,-4.9057,7.2937,-35.3394
1,throwing,-0.2761,0.2551,1.0327,-5.1422,7.0267,-34.5612
1,throwing,-0.2717,0.2578,1.0193,-5.5313,6.8817,-33.7753
1,throwing,-0.2795,0.2576,1.0149,-5.8517,6.6833,-33.0658
1,throwing,-0.2766,0.2505,1.0137,-5.8441,6.7978,-32.3868
1,throwing,-0.2817,0.2578,1.0217,-6.0043,6.9504,-31.8298
1,throwing,-0.2773,0.2559,1.0137,-6.5079,6.9733,-31.3492
1,throwing,-0.2595,0.2480,1.0098,-7.1030,7.0572,-30.9677
1,throwing,-0.2578,0.2542,1.0046,-7.1182,7.2174,-30.5023
1,throwing,-0.2537,0.2505,1.0085,-7.0572,7.7362,-29.8767
1,throwing,-0.2490,0.2429,1.0166,-7.0572,8.3542,-29.4724
1,throwing,-0.2522,0.2473,1.0117,-7.0343,8.7738,-28.9536
1,throwing,-0.2500,0.2424,1.0117,-6.9504,9.1705,-28.2135
1,throwing,-0.2480,0.2434,1.0107,-6.8741,9.6283,-27.6260
1,throwing,-0.2495,0.2463,1.0142,-6.8817,10.0784,-27.0157
1,throwing,-0.2495,0.2473,1.0283,-6.9046,10.3378,-26.2527
1,throwing,-0.2556,0.2544,1.0317,-7.0572,10.4599,-25.5890
1,throwing,-0.2612,0.2507,1.0312,-7.2327,10.7346,-24.7803
1,throwing,-0.2612,0.2534,1.0374,-7.4921,11.0321,-24.1089
1,throwing,-0.2563,0.2522,1.0500,-7.7667,11.0779,-23.5519
1,throwing,-0.2590,0.2500,1.0559,-7.9346,10.9787,-23.0637
1,throwing,-0.2615,0.2507,1.0552,-8.0032,10.9253,-22.4609
1,throwing,-0.2581,0.2502,1.0630,-7.7362,10.9940,-21.8887
1,throwing,-0.2627,0.2502,1.0730,-7.4005,11.1465,-21.1716
1,throwing,-0.2695,0.2415,1.0745,-7.2861,11.3297,-20.4468
1,throwing,-0.2686,0.2385,1.0757,-7.3700,11.4975,-19.9814
1,throwing,-0.2656,0.2405,1.0720,-7.3471,11.5280,-19.4855
1,throwing,-0.2629,0.2302,1.0815,-7.2021,11.3831,-18.7988
1,throwing,-0.2668,0.2307,1.0879,-7.0419,11.3449,-18.4174
1,throwing,-0.2700,0.2256,1.0957,-6.8207,11.6653,-17.8528
1,throwing,-0.2742,0.2297,1.0957,-6.6681,12.0621,-17.1814
1,throwing,-0.2749,0.2334,1.1003,-6.6452,12.3596,-16.6397
1,throwing,-0.2754,0.2327,1.1099,-6.6986,12.3520,-16.0904
1,throwing,-0.2795,0.2288,1.1187,-6.8283,12.0163,-15.6479
1,throwing,-0.2781,0.2263,1.1279,-6.7291,11.8408,-15.1825
1,throwing,-0.2815,0.2344,1.1333,-6.5994,11.7569,-14.6103
1,throwing,-0.2815,0.2290,1.1301,-6.5918,11.7798,-14.1220
1,throwing,-0.2825,0.2236,1.1296,-6.7215,11.4136,-13.9771
1,throwing,-0.2837,0.2144,1.1377,-6.7749,10.9177,-13.6108
1,throwing,-0.2859,0.2095,1.1484,-6.4545,10.7803,-13.2217
1,throwing,-0.2878,0.2026,1.1594,-6.1188,10.4523,-12.9089
1,throwing,-0.2856,0.2063,1.1641,-5.9967,9.9106,-12.5809
1,throwing,-0.2913,0.2041,1.1719,-6.0196,9.3384,-12.2147
1,throwing,-0.2964,0.2068,1.1731,-5.8289,8.7662,-11.6959
1,throwing,-0.2920,0.2046,1.1807,-5.8212,8.3084,-11.2915
1,throwing,-0.2903,0.2090,1.1853,-5.6915,7.8125,-11.0245
1,throwing,-0.2991,0.1990,1.1890,-5.3329,7.2632,-10.6583
1,throwing,-0.3086,0.1995,1.2021,-5.2643,6.3934,-10.3989
1,throwing,-0.3232,0.1731,1.2136,-5.0201,5.1346,-10.6125
1,throwing,-0.3271,0.1365,1.2117,-4.1962,3.4714,-11.1542
1,throwing,-0.3245,0.1455,1.2231,-3.4790,1.8616,-11.8103
1,throwing,-0.3306,0.1819,1.2200,-3.7079,0.2289,-12.0239
1,throwing,-0.3457,0.2219,1.2083,-4.9286,-0.8392,-12.0239
1,throwing,-0.3403,0.2551,1.1919,-6.6299,-1.2131,-11.4975
1,throwing,-0.3308,0.2749,1.1724,-7.9575,-1.0681,-10.5896
1,throwing,-0.3167,0.2812,1.1548,-8.9264,-0.3128,-9.4452
1,throwing,-0.3005,0.2810,1.1599,-9.6207,0.2441,-8.2703
1,throwing,-0.2925,0.2661,1.1768,-9.4910,0.3967,-6.9427
1,throwing,-0.2974,0.2493,1.1807,-8.9798,0.2823,-5.6915
1,throwing,-0.2981,0.2207,1.1929,-8.0414,-0.4654,-4.5853
1,throwing,-0.3066,0.2034,1.2104,-6.8817,-1.8311,-3.9215
1,throwing,-0.3093,0.1836,1.2151,-5.6763,-3.5782,-3.5248
1,throwing,-0.3069,0.1689,1.2202,-4.2572,-5.3101,-3.2349
1,throwing,-0.3076,0.1519,1.2268,-2.8610,-6.8588,-3.0670
1,throwing,-0.3040,0.1477,1.2263,-1.7624,-8.2169,-2.7618
1,throwing,-0.3015,0.1411,1.2249,-0.9308,-9.3384,-2.4109
1,throwing,-0.3025,0.1348,1.2202,-0.1373,-10.4904,-2.0676
1,throwing,-0.3008,0.1284,1.2197,0.5264,-11.4975,-1.9913
1,throwing,-0.2974,0.1196,1.2014,1.0223,-12.0392,-1.5945
1,throwing,-0.2866,0.1179,1.1858,1.5640,-12.3138,-1.1978
1,throwing,-0.2834,0.1133,1.1748,1.9608,-12.2604,-1.0529
